Datetime,Month,Average Fish Weight (g),Survival Rate (%),Disease Occurrence (Cases),Temperature (°C),Dissolved Oxygen (mg/L),pH,Turbidity (NTU),Month_Num,month_x,Oxygenation Interventions,Corrective Interventions,Average Temperature (°C),High Temperature (°C),Low Temperature (°C),Precipitation (inches),month_y,day,hour,oxigeno_scaled,ph,turbidez,Oxygenation Automatic,Corrective Measures,Thermal Risk Index,Low Oxygen Alert,Health Status
45292,January,275.82,95.27,2,27.47,6.34,7.98,3.3,1,1,0,0,29.1,33.9,24.1,0.51,1,1,0,8.355272596626154,0.3878984173693001,0.02050501721736663,Yes,No,Normal,Safe,Stable
45292.04166666666,January,275.82,95.27,2,27.47,6.34,7.98,3.3,1,1,0,0,29.1,33.9,24.1,0.51,1,1,1,8.256396756758408,0.3439496398474106,0.1085607109187936,No,No,Normal,Safe,Stable
45292.08333333334,January,275.82,95.27,2,27.47,6.34,7.98,3.3,1,1,1,0,29.1,33.9,24.1,0.51,1,1,2,8.511549168122233,0.36528466774196,0.4104567232396672,Yes,No,Normal,Safe,Stable
45292.125,January,275.82,95.27,2,27.47,6.34,7.98,3.3,1,1,0,0,29.1,33.9,24.1,0.51,1,1,3,8.362300877951469,0.1896012894729231,0.8912168986754795,No,No,Normal,Safe,Stable
45292.16666666666,January,275.82,95.27,2,27.47,6.34,7.98,3.3,1,1,0,0,29.1,33.9,24.1,0.51,1,1,4,8.00334994360867,0.3187749757309436,0.9366141691421074,Yes,No,Normal,Safe,Stable
45292.20833333334,January,275.82,95.27,2,27.47,6.34,7.98,3.3,1,1,0,0,29.1,33.9,24.1,0.51,1,1,5,8.118862300302208,0.4086808224580037,0.01686536218333742,No,No,Normal,Safe,Stable
45292.25,January,275.82,95.27,2,27.47,6.34,7.98,3.3,1,1,0,0,29.1,33.9,24.1,0.51,1,1.052631578947368,4.736842105263158,8.126823099641959,0.4080534545346238,0.01603988501423342,Yes,No,Normal,Safe,Stable
45292.29166666666,January,275.82,95.27,2,27.47,6.34,7.98,3.3,1,1,0,0,29.1,33.9,24.1,0.51,1,1.105263157894737,4.473684210526316,8.134783898981707,0.407426086611244,0.01521440784512942,No,No,Normal,Safe,Stable
45292.33333333334,January,275.82,95.27,2,27.47,6.34,7.98,3.3,1,1,0,0,29.1,33.9,24.1,0.51,1,1.157894736842105,4.210526315789473,8.142744698321458,0.4067987186878642,0.01438893067602542,Yes,No,Normal,Safe,Stable
45292.375,January,275.82,95.27,2,27.47,6.34,7.98,3.3,1,1,1,0,29.1,33.9,24.1,0.51,1,1.210526315789474,3.947368421052632,8.150705497661209,0.4061713507644843,0.01356345350692142,No,No,Normal,Safe,Stable
45292.41666666666,January,275.82,95.27,2,27.47,6.34,7.98,3.3,1,1,1,0,29.1,33.9,24.1,0.51,1,1.263157894736842,3.684210526315789,8.158666297000957,0.4055439828411044,0.01273797633781742,Yes,No,Normal,Safe,Stable
45292.45833333334,January,275.82,95.27,2,27.47,6.34,7.98,3.3,1,1,0,0,29.1,33.9,24.1,0.51,1,1.315789473684211,3.421052631578947,8.166627096340708,0.4049166149177246,0.01191249916871342,No,No,Normal,Safe,Stable
45292.5,January,275.82,95.27,2,27.47,6.34,7.98,3.3,1,1,1,0,29.1,33.9,24.1,0.51,1,1.368421052631579,3.157894736842105,8.174587895680459,0.4042892469943448,0.01108702199960942,Yes,No,Normal,Safe,Stable
45292.54166666666,January,275.82,95.27,2,27.47,6.34,7.98,3.3,1,1,0,0,29.1,33.9,24.1,0.51,1,1.421052631578947,2.894736842105263,8.182548695020207,0.4036618790709649,0.01026154483050542,No,No,Normal,Safe,Stable
45292.58333333334,January,275.82,95.27,2,27.47,6.34,7.98,3.3,1,1,0,0,29.1,33.9,24.1,0.51,1,1.473684210526316,2.631578947368421,8.190509494359958,0.403034511147585,0.009436067661401416,Yes,No,Normal,Safe,Stable
45292.625,January,275.82,95.27,2,27.47,6.34,7.98,3.3,1,1,1,0,29.1,33.9,24.1,0.51,1,1.526315789473684,2.368421052631579,8.198470293699708,0.4024071432242052,0.008610590492297414,No,No,Normal,Safe,Stable
45292.66666666666,January,275.82,95.27,2,27.47,6.34,7.98,3.3,1,1,0,0,29.1,33.9,24.1,0.51,1,1.578947368421053,2.105263157894737,8.206431093039459,0.4017797753008254,0.007785113323193413,Yes,No,Normal,Safe,Stable
45292.70833333334,January,275.82,95.27,2,27.47,6.34,7.98,3.3,1,1,0,0,29.1,33.9,24.1,0.51,1,1.631578947368421,1.842105263157895,8.214391892379208,0.4011524073774455,0.006959636154089413,No,No,Normal,Safe,Stable
45292.75,January,275.82,95.27,2,27.47,6.34,7.98,3.3,1,1,1,1,29.1,33.9,24.1,0.51,1,1.684210526315789,1.578947368421053,8.222352691718958,0.4005250394540656,0.006134158984985413,Yes,No,Normal,Safe,Stable
45292.79166666666,January,275.82,95.27,2,27.47,6.34,7.98,3.3,1,1,0,0,29.1,33.9,24.1,0.51,1,1.736842105263158,1.315789473684211,8.230313491058709,0.3998976715306858,0.005308681815881412,No,No,Normal,Safe,Stable
45292.83333333334,January,275.82,95.27,2,27.47,6.34,7.98,3.3,1,1,0,0,29.1,33.9,24.1,0.51,1,1.789473684210526,1.052631578947369,8.238274290398458,0.399270303607306,0.00448320464677741,Yes,No,Normal,Safe,Stable
45292.875,January,275.82,95.27,2,27.47,6.34,7.98,3.3,1,1,0,0,29.1,33.9,24.1,0.51,1,1.842105263157895,0.7894736842105265,8.246235089738208,0.3986429356839261,0.003657727477673411,No,No,Normal,Safe,Stable
45292.91666666666,January,275.82,95.27,2,27.47,6.34,7.98,3.3,1,1,0,0,29.1,33.9,24.1,0.51,1,1.894736842105263,0.5263157894736841,8.254195889077959,0.3980155677605463,0.002832250308569411,Yes,No,Normal,Safe,Stable
45292.95833333334,January,275.82,95.27,2,27.47,6.34,7.98,3.3,1,1,0,0,29.1,33.9,24.1,0.51,1,1.947368421052631,0.2631578947368425,8.262156688417708,0.3973881998371664,0.00200677313946541,No,No,Normal,Safe,Stable
45293,January,275.82,95.27,2,27.47,6.34,7.98,3.3,1,1,0,0,29.1,33.9,24.1,0.51,1,2,0,8.270117487757458,0.3967608319137866,0.001181295970361408,Yes,No,Normal,Safe,Stable
45293.04166666666,January,275.82,95.27,2,27.47,6.34,7.98,3.3,1,1,1,1,29.1,33.9,24.1,0.51,1,2,1,8.303002618039619,0.341641580023987,0.1097108511627638,No,No,Normal,Safe,Stable
45293.08333333334,January,275.82,95.27,2,27.47,6.34,7.98,3.3,1,1,0,0,29.1,33.9,24.1,0.51,1,2,2,8.114214625701154,0.9822944390845596,0.04626465934269318,Yes,No,Normal,Safe,Stable
45293.125,January,275.82,95.27,2,27.47,6.34,7.98,3.3,1,1,1,0,29.1,33.9,24.1,0.51,1,2,3,8.187491774907777,0.169800612751179,0.8637055815306779,No,No,Normal,Safe,Stable
45293.16666666666,January,275.82,95.27,2,27.47,6.34,7.98,3.3,1,1,0,0,29.1,33.9,24.1,0.51,1,2,4,8.213356911854314,0.3273383799028583,0.8897142274769431,Yes,No,Normal,Safe,Stable
45293.20833333334,January,275.82,95.27,2,27.47,6.34,7.98,3.3,1,1,1,0,29.1,33.9,24.1,0.51,1,2,5,8.059883107819568,0.9901612749256149,0.005871158329626054,No,No,Normal,Safe,Stable
45293.25,January,275.82,95.27,2,27.47,6.34,7.98,3.3,1,1,0,0,29.1,33.9,24.1,0.51,1,2.052631578947369,4.736842105263158,8.049862710329668,0.9586653983075121,0.006436928892333996,Yes,No,Normal,Safe,Stable
45293.29166666666,January,275.82,95.27,2,27.47,6.34,7.98,3.3,1,1,1,1,29.1,33.9,24.1,0.51,1,2.105263157894737,4.473684210526316,8.039842312839767,0.9271695216894092,0.007002699455041936,No,No,Normal,Safe,Stable
45293.33333333334,January,275.82,95.27,2,27.47,6.34,7.98,3.3,1,1,1,0,29.1,33.9,24.1,0.51,1,2.157894736842105,4.210526315789473,8.029821915349867,0.8956736450713064,0.007568470017749877,Yes,No,Normal,Safe,Stable
45293.375,January,275.82,95.27,2,27.47,6.34,7.98,3.3,1,1,0,0,29.1,33.9,24.1,0.51,1,2.210526315789473,3.947368421052632,8.019801517859968,0.8641777684532036,0.008134240580457818,No,No,Normal,Safe,Stable
45293.41666666666,January,275.82,95.27,2,27.47,6.34,7.98,3.3,1,1,0,0,29.1,33.9,24.1,0.51,1,2.263157894736842,3.684210526315789,8.009781120370066,0.8326818918351008,0.008700011143165758,Yes,No,Normal,Safe,Stable
45293.45833333334,January,275.82,95.27,2,27.47,6.34,7.98,3.3,1,1,0,1,29.1,33.9,24.1,0.51,1,2.315789473684211,3.421052631578947,7.999760722880167,0.8011860152169978,0.0092657817058737,No,No,Normal,Safe,Stable
45293.5,January,275.82,95.27,2,27.47,6.34,7.98,3.3,1,1,0,0,29.1,33.9,24.1,0.51,1,2.368421052631579,3.157894736842105,7.989740325390267,0.769690138598895,0.00983155226858164,Yes,No,Normal,Safe,Stable
45293.54166666666,January,275.82,95.27,2,27.47,6.34,7.98,3.3,1,1,0,0,29.1,33.9,24.1,0.51,1,2.421052631578947,2.894736842105263,7.979719927900367,0.7381942619807922,0.01039732283128958,No,No,Normal,Safe,Stable
45293.58333333334,January,275.82,95.27,2,27.47,6.34,7.98,3.3,1,1,1,0,29.1,33.9,24.1,0.51,1,2.473684210526316,2.631578947368421,7.969699530410466,0.7066983853626894,0.01096309339399752,Yes,No,Normal,Safe,Stable
45293.625,January,275.82,95.27,2,27.47,6.34,7.98,3.3,1,1,0,1,29.1,33.9,24.1,0.51,1,2.526315789473684,2.368421052631579,7.959679132920567,0.6752025087445865,0.01152886395670546,No,No,Normal,Safe,Stable
45293.66666666666,January,275.82,95.27,2,27.47,6.34,7.98,3.3,1,1,0,0,29.1,33.9,24.1,0.51,1,2.578947368421053,2.105263157894737,7.949658735430666,0.6437066321264837,0.0120946345194134,Yes,No,Normal,Safe,Stable
45293.70833333334,January,275.82,95.27,2,27.47,6.34,7.98,3.3,1,1,0,0,29.1,33.9,24.1,0.51,1,2.631578947368421,1.842105263157895,7.939638337940766,0.6122107555083809,0.01266040508212134,No,No,Normal,Safe,Stable
45293.75,January,275.82,95.27,2,27.47,6.34,7.98,3.3,1,1,0,0,29.1,33.9,24.1,0.51,1,2.684210526315789,1.578947368421053,7.929617940450866,0.5807148788902781,0.01322617564482929,Yes,No,Normal,Safe,Stable
45293.79166666666,January,275.82,95.27,2,27.47,6.34,7.98,3.3,1,1,0,0,29.1,33.9,24.1,0.51,1,2.736842105263158,1.315789473684211,7.919597542960966,0.5492190022721752,0.01379194620753723,No,No,Normal,Safe,Stable
45293.83333333334,January,275.82,95.27,2,27.47,6.34,7.98,3.3,1,1,1,0,29.1,33.9,24.1,0.51,1,2.789473684210527,1.052631578947369,7.909577145471066,0.5177231256540724,0.01435771677024517,Yes,No,Normal,Safe,Stable
45293.875,January,275.82,95.27,2,27.47,6.34,7.98,3.3,1,1,0,1,29.1,33.9,24.1,0.51,1,2.842105263157895,0.7894736842105265,7.899556747981165,0.4862272490359696,0.01492348733295311,No,No,Normal,Safe,Stable
45293.91666666666,January,275.82,95.27,2,27.47,6.34,7.98,3.3,1,1,1,0,29.1,33.9,24.1,0.51,1,2.894736842105263,0.5263157894736841,7.889536350491265,0.4547313724178668,0.01548925789566105,Yes,No,Normal,Safe,Stable
45293.95833333334,January,275.82,95.27,2,27.47,6.34,7.98,3.3,1,1,1,0,29.1,33.9,24.1,0.51,1,2.947368421052631,0.2631578947368425,7.879515953001365,0.4232354957997639,0.01605502845836899,No,No,Normal,Safe,Stable
45294,January,275.82,95.27,2,27.47,6.34,7.98,3.3,1,1,0,1,29.1,33.9,24.1,0.51,1,3,0,7.869495555511465,0.3917396191816611,0.01662079902107693,Yes,No,Normal,Safe,Stable
45294.04166666666,January,275.82,95.27,2,27.47,6.34,7.98,3.3,1,1,0,0,29.1,33.9,24.1,0.51,1,3,1,8.193421108993025,0.3245286088841858,0.1202890514376052,No,No,Normal,Safe,Stable
45294.08333333334,January,275.82,95.27,2,27.47,6.34,7.98,3.3,1,1,0,0,29.1,33.9,24.1,0.51,1,3,2,8.054784317927201,0.3324472862204937,0.4305834153385381,Yes,No,Normal,Safe,Stable
45294.125,January,275.82,95.27,2,27.47,6.34,7.98,3.3,1,1,0,0,29.1,33.9,24.1,0.51,1,3,3,8.373725178202919,0.2626304527627688,1.012809635791677,No,No,Normal,Safe,Stable
45294.16666666666,January,275.82,95.27,2,27.47,6.34,7.98,3.3,1,1,0,0,29.1,33.9,24.1,0.51,1,3,4,7.97255786920068,0.3278183020089981,0.9799686938357489,Yes,No,Normal,Safe,Stable
45294.20833333334,January,275.82,95.27,2,27.47,6.34,7.98,3.3,1,1,0,0,29.1,33.9,24.1,0.51,1,3,5,7.969213260137589,0.4003854262278591,-0.02922677268767159,No,No,Normal,Safe,Stable
45294.25,January,275.82,95.27,2,27.47,6.34,7.98,3.3,1,1,0,0,29.1,33.9,24.1,0.51,1,3.052631578947369,4.736842105263158,7.969569361881202,0.4002701419207943,-0.02484578155339879,Yes,No,Normal,Safe,Stable
45294.29166666666,January,275.82,95.27,2,27.47,6.34,7.98,3.3,1,1,0,1,29.1,33.9,24.1,0.51,1,3.105263157894737,4.473684210526316,7.969925463624815,0.4001548576137295,-0.02046479041912598,No,No,Normal,Safe,Stable
45294.33333333334,January,275.82,95.27,2,27.47,6.34,7.98,3.3,1,1,0,0,29.1,33.9,24.1,0.51,1,3.157894736842105,4.210526315789473,7.970281565368428,0.4000395733066647,-0.01608379928485318,Yes,No,Normal,Safe,Stable
45294.375,January,275.82,95.27,2,27.47,6.34,7.98,3.3,1,1,0,1,29.1,33.9,24.1,0.51,1,3.210526315789473,3.947368421052632,7.970637667112042,0.3999242889995999,-0.01170280815058037,No,No,Normal,Safe,Stable
45294.41666666666,January,275.82,95.27,2,27.47,6.34,7.98,3.3,1,1,0,0,29.1,33.9,24.1,0.51,1,3.263157894736842,3.684210526315789,7.970993768855655,0.3998090046925352,-0.007321817016307568,Yes,No,Normal,Safe,Stable
45294.45833333334,January,275.82,95.27,2,27.47,6.34,7.98,3.3,1,1,0,0,29.1,33.9,24.1,0.51,1,3.315789473684211,3.421052631578947,7.971349870599268,0.3996937203854704,-0.002940825882034766,No,No,Normal,Safe,Stable
45294.5,January,275.82,95.27,2,27.47,6.34,7.98,3.3,1,1,0,0,29.1,33.9,24.1,0.51,1,3.368421052631579,3.157894736842105,7.971705972342882,0.3995784360784055,0.00144016525223804,Yes,No,Normal,Safe,Stable
45294.54166666666,January,275.82,95.27,2,27.47,6.34,7.98,3.3,1,1,0,0,29.1,33.9,24.1,0.51,1,3.421052631578947,2.894736842105263,7.972062074086494,0.3994631517713408,0.005821156386510845,No,No,Normal,Safe,Stable
45294.58333333334,January,275.82,95.27,2,27.47,6.34,7.98,3.3,1,1,0,0,29.1,33.9,24.1,0.51,1,3.473684210526316,2.631578947368421,7.972418175830108,0.399347867464276,0.01020214752078365,Yes,No,Normal,Safe,Stable
45294.625,January,275.82,95.27,2,27.47,6.34,7.98,3.3,1,1,0,0,29.1,33.9,24.1,0.51,1,3.526315789473684,2.368421052631579,7.972774277573722,0.3992325831572112,0.01458313865505646,No,No,Normal,Safe,Stable
45294.66666666666,January,275.82,95.27,2,27.47,6.34,7.98,3.3,1,1,0,0,29.1,33.9,24.1,0.51,1,3.578947368421053,2.105263157894737,7.973130379317335,0.3991172988501464,0.01896412978932926,Yes,No,Normal,Safe,Stable
45294.70833333334,January,275.82,95.27,2,27.47,6.34,7.98,3.3,1,1,0,0,29.1,33.9,24.1,0.51,1,3.631578947368421,1.842105263157895,7.973486481060948,0.3990020145430816,0.02334512092360206,No,No,Normal,Safe,Stable
45294.75,January,275.82,95.27,2,27.47,6.34,7.98,3.3,1,1,0,0,29.1,33.9,24.1,0.51,1,3.684210526315789,1.578947368421053,7.973842582804561,0.3988867302360168,0.02772611205787487,Yes,No,Normal,Safe,Stable
45294.79166666666,January,275.82,95.27,2,27.47,6.34,7.98,3.3,1,1,0,0,29.1,33.9,24.1,0.51,1,3.736842105263158,1.315789473684211,7.974198684548175,0.398771445928952,0.03210710319214767,No,No,Normal,Safe,Stable
45294.83333333334,January,275.82,95.27,2,27.47,6.34,7.98,3.3,1,1,0,0,29.1,33.9,24.1,0.51,1,3.789473684210527,1.052631578947369,7.974554786291788,0.3986561616218872,0.03648809432642048,Yes,No,Normal,Safe,Stable
45294.875,January,275.82,95.27,2,27.47,6.34,7.98,3.3,1,1,0,0,29.1,33.9,24.1,0.51,1,3.842105263157895,0.7894736842105265,7.974910888035401,0.3985408773148224,0.04086908546069328,No,No,Normal,Safe,Stable
45294.91666666666,January,275.82,95.27,2,27.47,6.34,7.98,3.3,1,1,0,0,29.1,33.9,24.1,0.51,1,3.894736842105263,0.5263157894736841,7.975266989779015,0.3984255930077576,0.04525007659496608,Yes,No,Normal,Safe,Stable
45294.95833333334,January,275.82,95.27,2,27.47,6.34,7.98,3.3,1,1,0,0,29.1,33.9,24.1,0.51,1,3.947368421052631,0.2631578947368425,7.975623091522627,0.3983103087006928,0.04963106772923889,No,No,Normal,Safe,Stable
45295,January,275.82,95.27,2,27.47,6.34,7.98,3.3,1,1,0,1,29.1,33.9,24.1,0.51,1,4,0,7.975979193266241,0.398195024393628,0.05401205886351168,Yes,No,Normal,Safe,Stable
45295.04166666666,January,275.82,95.27,2,27.47,6.34,7.98,3.3,1,1,0,0,29.1,33.9,24.1,0.51,1,4,1,8.496571054985569,0.3155531254677837,0.1437024429230905,No,No,Normal,Safe,Stable
45295.08333333334,January,275.82,95.27,2,27.47,6.34,7.98,3.3,1,1,0,0,29.1,33.9,24.1,0.51,1,4,2,7.921412339415331,0.9712019467235011,-0.01546241132437575,Yes,No,Normal,Safe,Stable
45295.125,January,275.82,95.27,2,27.47,6.34,7.98,3.3,1,1,0,1,29.1,33.9,24.1,0.51,1,4,3,7.895169843723797,0.2431833415437958,0.8959751951429462,No,No,Normal,Safe,Stable
45295.16666666666,January,275.82,95.27,2,27.47,6.34,7.98,3.3,1,1,0,0,29.1,33.9,24.1,0.51,1,4,4,7.869947959913413,0.9504365474070849,-0.02349525613840153,Yes,No,Normal,Safe,Stable
45295.20833333334,January,275.82,95.27,2,27.47,6.34,7.98,3.3,1,1,1,0,29.1,33.9,24.1,0.51,1,4,5,8.267003439038692,0.3725620316366837,0.02603566431276268,No,No,Normal,Safe,Stable
45295.25,January,275.82,95.27,2,27.47,6.34,7.98,3.3,1,1,0,0,29.1,33.9,24.1,0.51,1,4.052631578947368,4.736842105263158,8.280366233265708,0.3729598638169558,0.02688240024261587,Yes,No,Normal,Safe,Stable
45295.29166666666,January,275.82,95.27,2,27.47,6.34,7.98,3.3,1,1,0,0,29.1,33.9,24.1,0.51,1,4.105263157894737,4.473684210526316,8.293729027492725,0.373357695997228,0.02772913617246906,No,No,Normal,Safe,Stable
45295.33333333334,January,275.82,95.27,2,27.47,6.34,7.98,3.3,1,1,0,0,29.1,33.9,24.1,0.51,1,4.157894736842105,4.210526315789473,8.307091821719741,0.3737555281775001,0.02857587210232226,Yes,No,Normal,Safe,Stable
45295.375,January,275.82,95.27,2,27.47,6.34,7.98,3.3,1,1,0,0,29.1,33.9,24.1,0.51,1,4.210526315789473,3.947368421052632,8.320454615946758,0.3741533603577721,0.02942260803217545,No,No,Normal,Safe,Stable
45295.41666666666,January,275.82,95.27,2,27.47,6.34,7.98,3.3,1,1,0,0,29.1,33.9,24.1,0.51,1,4.263157894736842,3.684210526315789,8.333817410173774,0.3745511925380443,0.03026934396202864,Yes,No,Normal,Safe,Stable
45295.45833333334,January,275.82,95.27,2,27.47,6.34,7.98,3.3,1,1,0,0,29.1,33.9,24.1,0.51,1,4.315789473684211,3.421052631578947,8.347180204400791,0.3749490247183164,0.03111607989188183,No,No,Normal,Safe,Stable
45295.5,January,275.82,95.27,2,27.47,6.34,7.98,3.3,1,1,0,0,29.1,33.9,24.1,0.51,1,4.368421052631579,3.157894736842105,8.360542998627807,0.3753468568985885,0.03196281582173503,Yes,No,Normal,Safe,Stable
45295.54166666666,January,275.82,95.27,2,27.47,6.34,7.98,3.3,1,1,0,0,29.1,33.9,24.1,0.51,1,4.421052631578947,2.894736842105263,8.373905792854822,0.3757446890788606,0.03280955175158821,No,No,Normal,Safe,Stable
45295.58333333334,January,275.82,95.27,2,27.47,6.34,7.98,3.3,1,1,0,0,29.1,33.9,24.1,0.51,1,4.473684210526316,2.631578947368421,8.38726858708184,0.3761425212591327,0.03365628768144141,Yes,No,Normal,Safe,Stable
45295.625,January,275.82,95.27,2,27.47,6.34,7.98,3.3,1,1,0,0,29.1,33.9,24.1,0.51,1,4.526315789473684,2.368421052631579,8.400631381308855,0.3765403534394048,0.03450302361129461,No,No,Normal,Safe,Stable
45295.66666666666,January,275.82,95.27,2,27.47,6.34,7.98,3.3,1,1,0,0,29.1,33.9,24.1,0.51,1,4.578947368421053,2.105263157894737,8.413994175535873,0.3769381856196769,0.03534975954114779,Yes,No,Normal,Safe,Stable
45295.70833333334,January,275.82,95.27,2,27.47,6.34,7.98,3.3,1,1,1,0,29.1,33.9,24.1,0.51,1,4.631578947368421,1.842105263157895,8.427356969762888,0.377336017799949,0.03619649547100098,No,No,Normal,Safe,Stable
45295.75,January,275.82,95.27,2,27.47,6.34,7.98,3.3,1,1,0,0,29.1,33.9,24.1,0.51,1,4.684210526315789,1.578947368421053,8.440719763989904,0.3777338499802211,0.03704323140085418,Yes,No,Normal,Safe,Stable
45295.79166666666,January,275.82,95.27,2,27.47,6.34,7.98,3.3,1,1,0,0,29.1,33.9,24.1,0.51,1,4.736842105263158,1.315789473684211,8.454082558216921,0.3781316821604933,0.03788996733070737,No,No,Normal,Safe,Stable
45295.83333333334,January,275.82,95.27,2,27.47,6.34,7.98,3.3,1,1,1,1,29.1,33.9,24.1,0.51,1,4.789473684210527,1.052631578947369,8.467445352443937,0.3785295143407654,0.03873670326056056,Yes,No,Normal,Safe,Stable
45295.875,January,275.82,95.27,2,27.47,6.34,7.98,3.3,1,1,1,0,29.1,33.9,24.1,0.51,1,4.842105263157895,0.7894736842105265,8.480808146670954,0.3789273465210374,0.03958343919041375,No,No,Normal,Safe,Stable
45295.91666666666,January,275.82,95.27,2,27.47,6.34,7.98,3.3,1,1,0,0,29.1,33.9,24.1,0.51,1,4.894736842105263,0.5263157894736841,8.49417094089797,0.3793251787013096,0.04043017512026695,Yes,No,Normal,Safe,Stable
45295.95833333334,January,275.82,95.27,2,27.47,6.34,7.98,3.3,1,1,0,0,29.1,33.9,24.1,0.51,1,4.947368421052632,0.2631578947368425,8.507533735124987,0.3797230108815817,0.04127691105012014,No,No,Normal,Safe,Stable
45296,January,275.82,95.27,2,27.47,6.34,7.98,3.3,1,1,0,0,29.1,33.9,24.1,0.51,1,5,0,8.520896529352003,0.3801208430618538,0.04212364697997333,Yes,No,Normal,Safe,Stable
45296.04166666666,January,275.82,95.27,2,27.47,6.34,7.98,3.3,1,1,0,0,29.1,33.9,24.1,0.51,1,5,1,8.053973886470597,0.2990320658312853,0.115467218658922,No,No,Normal,Safe,Stable
45296.08333333334,January,275.82,95.27,2,27.47,6.34,7.98,3.3,1,1,0,0,29.1,33.9,24.1,0.51,1,5,2,7.676124332382752,0.9067701065956716,0.006865466100984437,Yes,No,Normal,Safe,Stable
45296.125,January,275.82,95.27,2,27.47,6.34,7.98,3.3,1,1,1,0,29.1,33.9,24.1,0.51,1,5,3,8.117334959736226,0.2633408369842128,0.8108619391770588,No,No,Normal,Safe,Stable
45296.16666666666,January,275.82,95.27,2,27.47,6.34,7.98,3.3,1,1,1,0,29.1,33.9,24.1,0.51,1,5,4,8.063669554752307,0.2303701428517542,0.9817036580994974,Yes,No,Normal,Safe,Stable
45296.20833333334,January,275.82,95.27,2,27.47,6.34,7.98,3.3,1,1,0,1,29.1,33.9,24.1,0.51,1,5,5,8.395035224851608,0.4101723311925594,0.04482575593316729,No,No,Normal,Safe,Stable
45296.25,January,275.82,95.27,2,27.47,6.34,7.98,3.3,1,1,0,0,29.1,33.9,24.1,0.51,1,5.052631578947368,4.736842105263158,8.380393869556626,0.4090462154411407,0.04384812075983345,Yes,No,Normal,Safe,Stable
45296.29166666666,January,275.82,95.27,2,27.47,6.34,7.98,3.3,1,1,0,0,29.1,33.9,24.1,0.51,1,5.105263157894737,4.473684210526316,8.365752514261644,0.407920099689722,0.04287048558649961,No,No,Normal,Safe,Stable
45296.33333333334,January,275.82,95.27,2,27.47,6.34,7.98,3.3,1,1,0,0,29.1,33.9,24.1,0.51,1,5.157894736842105,4.210526315789473,8.351111158966662,0.4067939839383033,0.04189285041316577,Yes,No,Normal,Safe,Stable
45296.375,January,275.82,95.27,2,27.47,6.34,7.98,3.3,1,1,0,0,29.1,33.9,24.1,0.51,1,5.210526315789473,3.947368421052632,8.336469803671678,0.4056678681868846,0.04091521523983193,No,No,Normal,Safe,Stable
45296.41666666666,January,275.82,95.27,2,27.47,6.34,7.98,3.3,1,1,0,0,29.1,33.9,24.1,0.51,1,5.263157894736842,3.684210526315789,8.321828448376696,0.4045417524354659,0.03993758006649809,Yes,No,Normal,Safe,Stable
45296.45833333334,January,275.82,95.27,2,27.47,6.34,7.98,3.3,1,1,1,0,29.1,33.9,24.1,0.51,1,5.315789473684211,3.421052631578947,8.307187093081714,0.4034156366840472,0.03895994489316425,No,No,Normal,Safe,Stable
45296.5,January,275.82,95.27,2,27.47,6.34,7.98,3.3,1,1,0,0,29.1,33.9,24.1,0.51,1,5.368421052631579,3.157894736842105,8.292545737786732,0.4022895209326285,0.03798230971983041,Yes,No,Normal,Safe,Stable
45296.54166666666,January,275.82,95.27,2,27.47,6.34,7.98,3.3,1,1,1,0,29.1,33.9,24.1,0.51,1,5.421052631578947,2.894736842105263,8.27790438249175,0.4011634051812099,0.03700467454649657,No,No,Normal,Safe,Stable
45296.58333333334,January,275.82,95.27,2,27.47,6.34,7.98,3.3,1,1,0,1,29.1,33.9,24.1,0.51,1,5.473684210526316,2.631578947368421,8.263263027196768,0.4000372894297912,0.03602703937316273,Yes,No,Normal,Safe,Stable
45296.625,January,275.82,95.27,2,27.47,6.34,7.98,3.3,1,1,0,0,29.1,33.9,24.1,0.51,1,5.526315789473684,2.368421052631579,8.248621671901784,0.3989111736783724,0.03504940419982889,No,No,Normal,Safe,Stable
45296.66666666666,January,275.82,95.27,2,27.47,6.34,7.98,3.3,1,1,0,1,29.1,33.9,24.1,0.51,1,5.578947368421053,2.105263157894737,8.233980316606802,0.3977850579269537,0.03407176902649505,Yes,No,Normal,Safe,Stable
45296.70833333334,January,275.82,95.27,2,27.47,6.34,7.98,3.3,1,1,0,0,29.1,33.9,24.1,0.51,1,5.631578947368421,1.842105263157895,8.21933896131182,0.396658942175535,0.03309413385316121,No,No,Normal,Safe,Stable
45296.75,January,275.82,95.27,2,27.47,6.34,7.98,3.3,1,1,0,0,29.1,33.9,24.1,0.51,1,5.684210526315789,1.578947368421053,8.204697606016838,0.3955328264241164,0.03211649867982737,Yes,No,Normal,Safe,Stable
45296.79166666666,January,275.82,95.27,2,27.47,6.34,7.98,3.3,1,1,0,0,29.1,33.9,24.1,0.51,1,5.736842105263158,1.315789473684211,8.190056250721856,0.3944067106726977,0.03113886350649353,No,No,Normal,Safe,Stable
45296.83333333334,January,275.82,95.27,2,27.47,6.34,7.98,3.3,1,1,1,0,29.1,33.9,24.1,0.51,1,5.789473684210527,1.052631578947369,8.175414895426874,0.393280594921279,0.03016122833315969,Yes,No,Normal,Safe,Stable
45296.875,January,275.82,95.27,2,27.47,6.34,7.98,3.3,1,1,0,0,29.1,33.9,24.1,0.51,1,5.842105263157895,0.7894736842105265,8.16077354013189,0.3921544791698602,0.02918359315982585,No,No,Normal,Safe,Stable
45296.91666666666,January,275.82,95.27,2,27.47,6.34,7.98,3.3,1,1,0,0,29.1,33.9,24.1,0.51,1,5.894736842105263,0.5263157894736841,8.146132184836908,0.3910283634184415,0.02820595798649201,Yes,No,Normal,Safe,Stable
45296.95833333334,January,275.82,95.27,2,27.47,6.34,7.98,3.3,1,1,0,0,29.1,33.9,24.1,0.51,1,5.947368421052632,0.2631578947368425,8.131490829541926,0.3899022476670229,0.02722832281315817,No,No,Normal,Safe,Stable
45297,January,275.82,95.27,2,27.47,6.34,7.98,3.3,1,1,1,0,29.1,33.9,24.1,0.51,1,6,0,8.116849474246944,0.3887761319156042,0.02625068763982433,Yes,No,Normal,Safe,Stable
45297.04166666666,January,275.82,95.27,2,27.47,6.34,7.98,3.3,1,1,0,0,29.1,33.9,24.1,0.51,1,6,1,8.341965476635579,0.3693409968901614,0.1084913229843105,No,No,Normal,Safe,Stable
45297.08333333334,January,275.82,95.27,2,27.47,6.34,7.98,3.3,1,1,0,0,29.1,33.9,24.1,0.51,1,6,2,7.899817711426471,0.9749188696752755,-0.01164023684669181,Yes,No,Normal,Safe,Stable
45297.125,January,275.82,95.27,2,27.47,6.34,7.98,3.3,1,1,0,0,29.1,33.9,24.1,0.51,1,6,3,8.163357845754396,0.4319333655497161,0.060849954866487,No,No,Normal,Safe,Stable
45297.16666666666,January,275.82,95.27,2,27.47,6.34,7.98,3.3,1,1,1,0,29.1,33.9,24.1,0.51,1,6,4,8.013552675075839,0.949932994570949,0.01973363708090804,Yes,No,Normal,Safe,Stable
45297.20833333334,January,275.82,95.27,2,27.47,6.34,7.98,3.3,1,1,0,0,29.1,33.9,24.1,0.51,1,6,5,8.236280619585099,0.3730873048207269,0.02851089087048594,No,No,Normal,Safe,Stable
45297.25,January,275.82,95.27,2,27.47,6.34,7.98,3.3,1,1,0,1,29.1,33.9,24.1,0.51,1,6.052631578947368,4.736842105263158,8.225605432697963,0.4056582826437086,0.02578192054272291,Yes,No,Normal,Safe,Stable
45297.29166666666,January,275.82,95.27,2,27.47,6.34,7.98,3.3,1,1,0,0,29.1,33.9,24.1,0.51,1,6.105263157894737,4.473684210526316,8.214930245810827,0.4382292604666903,0.02305295021495987,No,No,Normal,Safe,Stable
45297.33333333334,January,275.82,95.27,2,27.47,6.34,7.98,3.3,1,1,1,0,29.1,33.9,24.1,0.51,1,6.157894736842105,4.210526315789473,8.204255058923691,0.470800238289672,0.02032397988719684,Yes,No,Normal,Safe,Stable
45297.375,January,275.82,95.27,2,27.47,6.34,7.98,3.3,1,1,0,0,29.1,33.9,24.1,0.51,1,6.210526315789473,3.947368421052632,8.193579872036553,0.5033712161126538,0.01759500955943381,No,No,Normal,Safe,Stable
45297.41666666666,January,275.82,95.27,2,27.47,6.34,7.98,3.3,1,1,0,1,29.1,33.9,24.1,0.51,1,6.263157894736842,3.684210526315789,8.182904685149417,0.5359421939356355,0.01486603923167077,Yes,No,Normal,Safe,Stable
45297.45833333334,January,275.82,95.27,2,27.47,6.34,7.98,3.3,1,1,0,0,29.1,33.9,24.1,0.51,1,6.315789473684211,3.421052631578947,8.172229498262281,0.5685131717586172,0.01213706890390774,No,No,Normal,Safe,Stable
45297.5,January,275.82,95.27,2,27.47,6.34,7.98,3.3,1,1,0,0,29.1,33.9,24.1,0.51,1,6.368421052631579,3.157894736842105,8.161554311375145,0.6010841495815989,0.009408098576144702,Yes,No,Normal,Safe,Stable
45297.54166666666,January,275.82,95.27,2,27.47,6.34,7.98,3.3,1,1,0,0,29.1,33.9,24.1,0.51,1,6.421052631578947,2.894736842105263,8.150879124488009,0.6336551274045806,0.006679128248381669,No,No,Normal,Safe,Stable
45297.58333333334,January,275.82,95.27,2,27.47,6.34,7.98,3.3,1,1,0,0,29.1,33.9,24.1,0.51,1,6.473684210526316,2.631578947368421,8.140203937600873,0.6662261052275624,0.003950157920618636,Yes,No,Normal,Safe,Stable
45297.625,January,275.82,95.27,2,27.47,6.34,7.98,3.3,1,1,1,0,29.1,33.9,24.1,0.51,1,6.526315789473684,2.368421052631579,8.129528750713735,0.6987970830505441,0.0012211875928556,No,No,Normal,Safe,Stable
45297.66666666666,January,275.82,95.27,2,27.47,6.34,7.98,3.3,1,1,0,0,29.1,33.9,24.1,0.51,1,6.578947368421053,2.105263157894737,8.118853563826599,0.7313680608735258,-0.001507782734907433,Yes,No,Normal,Safe,Stable
45297.70833333334,January,275.82,95.27,2,27.47,6.34,7.98,3.3,1,1,0,0,29.1,33.9,24.1,0.51,1,6.631578947368421,1.842105263157895,8.108178376939463,0.7639390386965075,-0.004236753062670465,No,No,Normal,Safe,Stable
45297.75,January,275.82,95.27,2,27.47,6.34,7.98,3.3,1,1,0,0,29.1,33.9,24.1,0.51,1,6.684210526315789,1.578947368421053,8.097503190052327,0.7965100165194892,-0.006965723390433502,Yes,No,Normal,Safe,Stable
45297.79166666666,January,275.82,95.27,2,27.47,6.34,7.98,3.3,1,1,0,0,29.1,33.9,24.1,0.51,1,6.736842105263158,1.315789473684211,8.086828003165191,0.829080994342471,-0.009694693718196538,No,No,Normal,Safe,Stable
45297.83333333334,January,275.82,95.27,2,27.47,6.34,7.98,3.3,1,1,0,0,29.1,33.9,24.1,0.51,1,6.789473684210527,1.052631578947369,8.076152816278055,0.8616519721654526,-0.01242366404595957,Yes,No,Normal,Safe,Stable
45297.875,January,275.82,95.27,2,27.47,6.34,7.98,3.3,1,1,0,0,29.1,33.9,24.1,0.51,1,6.842105263157895,0.7894736842105265,8.065477629390918,0.8942229499884344,-0.0151526343737226,No,No,Normal,Safe,Stable
45297.91666666666,January,275.82,95.27,2,27.47,6.34,7.98,3.3,1,1,0,1,29.1,33.9,24.1,0.51,1,6.894736842105263,0.5263157894736841,8.054802442503782,0.9267939278114161,-0.01788160470148564,Yes,No,Normal,Safe,Stable
45297.95833333334,January,275.82,95.27,2,27.47,6.34,7.98,3.3,1,1,0,0,29.1,33.9,24.1,0.51,1,6.947368421052632,0.2631578947368425,8.044127255616646,0.9593649056343978,-0.02061057502924867,No,No,Normal,Safe,Stable
45298,January,275.82,95.27,2,27.47,6.34,7.98,3.3,1,1,0,0,29.1,33.9,24.1,0.51,1,7,0,8.03345206872951,0.9919358834573795,-0.0233395453570117,Yes,No,Normal,Safe,Stable
45298.04166666666,January,275.82,95.27,2,27.47,6.34,7.98,3.3,1,1,1,0,29.1,33.9,24.1,0.51,1,7,1,7.954908077553918,0.3279783118358732,0.1079668581663175,No,No,Normal,Safe,Stable
45298.08333333334,January,275.82,95.27,2,27.47,6.34,7.98,3.3,1,1,1,0,29.1,33.9,24.1,0.51,1,7,2,8.050854806515954,0.9477336706646342,0.01662486303590855,Yes,No,Normal,Safe,Stable
45298.125,January,275.82,95.27,2,27.47,6.34,7.98,3.3,1,1,0,0,29.1,33.9,24.1,0.51,1,7,3,8.592279145694608,0.2396172973903758,0.8855938617495877,No,No,Normal,Safe,Stable
45298.16666666666,January,275.82,95.27,2,27.47,6.34,7.98,3.3,1,1,1,0,29.1,33.9,24.1,0.51,1,7,4,7.957444678264317,0.966114230737984,0.01373397615899432,Yes,No,Normal,Safe,Stable
45298.20833333334,January,275.82,95.27,2,27.47,6.34,7.98,3.3,1,1,0,0,29.1,33.9,24.1,0.51,1,7,5,8.209043816514432,0.4016389524124712,-0.007359601618645668,No,No,Normal,Safe,Stable
45298.25,January,275.82,95.27,2,27.47,6.34,7.98,3.3,1,1,0,0,29.1,33.9,24.1,0.51,1,7.052631578947368,4.736842105263158,8.213185386140243,0.401130388130705,-0.006797223850002296,Yes,No,Normal,Safe,Stable
45298.29166666666,January,275.82,95.27,2,27.47,6.34,7.98,3.3,1,1,0,0,29.1,33.9,24.1,0.51,1,7.105263157894737,4.473684210526316,8.217326955766053,0.4006218238489389,-0.006234846081358924,No,No,Normal,Safe,Stable
45298.33333333334,January,275.82,95.27,2,27.47,6.34,7.98,3.3,1,1,0,0,29.1,33.9,24.1,0.51,1,7.157894736842105,4.210526315789473,8.221468525391865,0.4001132595671726,-0.005672468312715552,Yes,No,Normal,Safe,Stable
45298.375,January,275.82,95.27,2,27.47,6.34,7.98,3.3,1,1,0,0,29.1,33.9,24.1,0.51,1,7.210526315789473,3.947368421052632,8.225610095017675,0.3996046952854064,-0.00511009054407218,No,No,Normal,Safe,Stable
45298.41666666666,January,275.82,95.27,2,27.47,6.34,7.98,3.3,1,1,0,0,29.1,33.9,24.1,0.51,1,7.263157894736842,3.684210526315789,8.229751664643485,0.3990961310036403,-0.004547712775428808,Yes,No,Normal,Safe,Stable
45298.45833333334,January,275.82,95.27,2,27.47,6.34,7.98,3.3,1,1,1,0,29.1,33.9,24.1,0.51,1,7.315789473684211,3.421052631578947,8.233893234269296,0.3985875667218741,-0.003985335006785436,No,No,Normal,Safe,Stable
45298.5,January,275.82,95.27,2,27.47,6.34,7.98,3.3,1,1,0,1,29.1,33.9,24.1,0.51,1,7.368421052631579,3.157894736842105,8.238034803895106,0.3980790024401079,-0.003422957238142064,Yes,No,Normal,Safe,Stable
45298.54166666666,January,275.82,95.27,2,27.47,6.34,7.98,3.3,1,1,0,1,29.1,33.9,24.1,0.51,1,7.421052631578947,2.894736842105263,8.242176373520918,0.3975704381583417,-0.002860579469498692,No,No,Normal,Safe,Stable
45298.58333333334,January,275.82,95.27,2,27.47,6.34,7.98,3.3,1,1,0,1,29.1,33.9,24.1,0.51,1,7.473684210526316,2.631578947368421,8.246317943146728,0.3970618738765755,-0.00229820170085532,Yes,No,Normal,Safe,Stable
45298.625,January,275.82,95.27,2,27.47,6.34,7.98,3.3,1,1,0,0,29.1,33.9,24.1,0.51,1,7.526315789473684,2.368421052631579,8.250459512772538,0.3965533095948093,-0.001735823932211947,No,No,Normal,Safe,Stable
45298.66666666666,January,275.82,95.27,2,27.47,6.34,7.98,3.3,1,1,0,1,29.1,33.9,24.1,0.51,1,7.578947368421053,2.105263157894737,8.254601082398349,0.3960447453130431,-0.001173446163568576,Yes,No,Normal,Safe,Stable
45298.70833333334,January,275.82,95.27,2,27.47,6.34,7.98,3.3,1,1,0,0,29.1,33.9,24.1,0.51,1,7.631578947368421,1.842105263157895,8.258742652024161,0.3955361810312769,-0.0006110683949252039,No,No,Normal,Safe,Stable
45298.75,January,275.82,95.27,2,27.47,6.34,7.98,3.3,1,1,1,0,29.1,33.9,24.1,0.51,1,7.684210526315789,1.578947368421053,8.262884221649971,0.3950276167495108,-4.869062628183162E-05,Yes,No,Normal,Safe,Stable
45298.79166666666,January,275.82,95.27,2,27.47,6.34,7.98,3.3,1,1,1,1,29.1,33.9,24.1,0.51,1,7.736842105263158,1.315789473684211,8.267025791275781,0.3945190524677445,0.0005136871423615397,No,No,Normal,Safe,Stable
45298.83333333334,January,275.82,95.27,2,27.47,6.34,7.98,3.3,1,1,1,0,29.1,33.9,24.1,0.51,1,7.789473684210527,1.052631578947369,8.271167360901591,0.3940104881859784,0.001076064911004912,Yes,No,Normal,Safe,Stable
45298.875,January,275.82,95.27,2,27.47,6.34,7.98,3.3,1,1,0,0,29.1,33.9,24.1,0.51,1,7.842105263157895,0.7894736842105265,8.275308930527402,0.3935019239042122,0.001638442679648284,No,No,Normal,Safe,Stable
45298.91666666666,January,275.82,95.27,2,27.47,6.34,7.98,3.3,1,1,0,0,29.1,33.9,24.1,0.51,1,7.894736842105263,0.5263157894736841,8.279450500153214,0.392993359622446,0.002200820448291656,Yes,No,Normal,Safe,Stable
45298.95833333334,January,275.82,95.27,2,27.47,6.34,7.98,3.3,1,1,0,0,29.1,33.9,24.1,0.51,1,7.947368421052632,0.2631578947368425,8.283592069779024,0.3924847953406798,0.002763198216935029,No,No,Normal,Safe,Stable
45299,January,275.82,95.27,2,27.47,6.34,7.98,3.3,1,1,0,0,29.1,33.9,24.1,0.51,1,8,0,8.287733639404834,0.3919762310589136,0.003325575985578401,Yes,No,Normal,Safe,Stable
45299.04166666666,January,275.82,95.27,2,27.47,6.34,7.98,3.3,1,1,1,0,29.1,33.9,24.1,0.51,1,8,1,8.290172027730907,0.3612537077922682,0.1127158208547288,No,No,Normal,Safe,Stable
45299.08333333334,January,275.82,95.27,2,27.47,6.34,7.98,3.3,1,1,1,0,29.1,33.9,24.1,0.51,1,8,2,8.197103233595243,0.3480109678136304,0.4385366332660098,Yes,No,Normal,Safe,Stable
45299.125,January,275.82,95.27,2,27.47,6.34,7.98,3.3,1,1,1,0,29.1,33.9,24.1,0.51,1,8,3,8.444161887281126,0.25868515676112,0.9334913305206243,No,No,Normal,Safe,Stable
45299.16666666666,January,275.82,95.27,2,27.47,6.34,7.98,3.3,1,1,0,0,29.1,33.9,24.1,0.51,1,8,4,8.031720931649913,0.2923916683412954,0.8615705684805443,Yes,No,Normal,Safe,Stable
45299.20833333334,January,275.82,95.27,2,27.47,6.34,7.98,3.3,1,1,0,0,29.1,33.9,24.1,0.51,1,8,5,8.701934381137498,0.394072515126432,-0.02190735918759299,No,No,Normal,Safe,Stable
45299.25,January,275.82,95.27,2,27.47,6.34,7.98,3.3,1,1,0,0,29.1,33.9,24.1,0.51,1,8.052631578947368,4.736842105263158,8.669233429604599,0.3941825207985989,-0.01944398027647953,Yes,No,Normal,Safe,Stable
45299.29166666666,January,275.82,95.27,2,27.47,6.34,7.98,3.3,1,1,1,0,29.1,33.9,24.1,0.51,1,8.105263157894736,4.473684210526316,8.636532478071699,0.394292526470766,-0.01698060136536608,No,No,Normal,Safe,Stable
45299.33333333334,January,275.82,95.27,2,27.47,6.34,7.98,3.3,1,1,0,0,29.1,33.9,24.1,0.51,1,8.157894736842104,4.210526315789473,8.6038315265388,0.3944025321429329,-0.01451722245425262,Yes,No,Normal,Safe,Stable
45299.375,January,275.82,95.27,2,27.47,6.34,7.98,3.3,1,1,0,0,29.1,33.9,24.1,0.51,1,8.210526315789474,3.947368421052632,8.571130575005899,0.3945125378150999,-0.01205384354313916,No,No,Normal,Safe,Stable
45299.41666666666,January,275.82,95.27,2,27.47,6.34,7.98,3.3,1,1,0,0,29.1,33.9,24.1,0.51,1,8.263157894736842,3.684210526315789,8.538429623473,0.3946225434872669,-0.009590464632025706,Yes,No,Normal,Safe,Stable
45299.45833333334,January,275.82,95.27,2,27.47,6.34,7.98,3.3,1,1,0,0,29.1,33.9,24.1,0.51,1,8.315789473684211,3.421052631578947,8.5057286719401,0.3947325491594339,-0.00712708572091225,No,No,Normal,Safe,Stable
45299.5,January,275.82,95.27,2,27.47,6.34,7.98,3.3,1,1,1,0,29.1,33.9,24.1,0.51,1,8.368421052631579,3.157894736842105,8.473027720407201,0.3948425548316009,-0.004663706809798794,Yes,No,Normal,Safe,Stable
45299.54166666666,January,275.82,95.27,2,27.47,6.34,7.98,3.3,1,1,0,1,29.1,33.9,24.1,0.51,1,8.421052631578947,2.894736842105263,8.440326768874302,0.3949525605037679,-0.002200327898685336,No,No,Normal,Safe,Stable
45299.58333333334,January,275.82,95.27,2,27.47,6.34,7.98,3.3,1,1,0,0,29.1,33.9,24.1,0.51,1,8.473684210526315,2.631578947368421,8.407625817341401,0.3950625661759348,0.0002630510124281213,Yes,No,Normal,Safe,Stable
45299.625,January,275.82,95.27,2,27.47,6.34,7.98,3.3,1,1,1,0,29.1,33.9,24.1,0.51,1,8.526315789473685,2.368421052631579,8.374924865808502,0.3951725718481018,0.002726429923541579,No,No,Normal,Safe,Stable
45299.66666666666,January,275.82,95.27,2,27.47,6.34,7.98,3.3,1,1,0,0,29.1,33.9,24.1,0.51,1,8.578947368421053,2.105263157894737,8.342223914275602,0.3952825775202688,0.005189808834655033,Yes,No,Normal,Safe,Stable
45299.70833333334,January,275.82,95.27,2,27.47,6.34,7.98,3.3,1,1,0,0,29.1,33.9,24.1,0.51,1,8.631578947368421,1.842105263157895,8.309522962742703,0.3953925831924358,0.007653187745768491,No,No,Normal,Safe,Stable
45299.75,January,275.82,95.27,2,27.47,6.34,7.98,3.3,1,1,0,0,29.1,33.9,24.1,0.51,1,8.684210526315789,1.578947368421053,8.276822011209802,0.3955025888646028,0.01011656665688195,Yes,No,Normal,Safe,Stable
45299.79166666666,January,275.82,95.27,2,27.47,6.34,7.98,3.3,1,1,0,0,29.1,33.9,24.1,0.51,1,8.736842105263158,1.315789473684211,8.244121059676903,0.3956125945367698,0.0125799455679954,No,No,Normal,Safe,Stable
45299.83333333334,January,275.82,95.27,2,27.47,6.34,7.98,3.3,1,1,0,0,29.1,33.9,24.1,0.51,1,8.789473684210526,1.052631578947369,8.211420108144004,0.3957226002089367,0.01504332447910886,Yes,No,Normal,Safe,Stable
45299.875,January,275.82,95.27,2,27.47,6.34,7.98,3.3,1,1,0,0,29.1,33.9,24.1,0.51,1,8.842105263157894,0.7894736842105265,8.178719156611104,0.3958326058811037,0.01750670339022232,No,No,Normal,Safe,Stable
45299.91666666666,January,275.82,95.27,2,27.47,6.34,7.98,3.3,1,1,0,0,29.1,33.9,24.1,0.51,1,8.894736842105264,0.5263157894736841,8.146018205078205,0.3959426115532707,0.01997008230133578,Yes,No,Normal,Safe,Stable
45299.95833333334,January,275.82,95.27,2,27.47,6.34,7.98,3.3,1,1,0,0,29.1,33.9,24.1,0.51,1,8.947368421052632,0.2631578947368425,8.113317253545304,0.3960526172254377,0.02243346121244923,No,No,Normal,Safe,Stable
45300,January,275.82,95.27,2,27.47,6.34,7.98,3.3,1,1,1,0,29.1,33.9,24.1,0.51,1,9,0,8.080616302012405,0.3961626228976047,0.02489684012356269,Yes,No,Normal,Safe,Stable
45300.04166666666,January,275.82,95.27,2,27.47,6.34,7.98,3.3,1,1,0,1,29.1,33.9,24.1,0.51,1,9,1,8.493223124048006,0.3386923983379348,0.1064382617438213,No,No,Normal,Safe,Stable
45300.08333333334,January,275.82,95.27,2,27.47,6.34,7.98,3.3,1,1,0,0,29.1,33.9,24.1,0.51,1,9,2,8.697575901059922,0.3045675545033012,0.4487463350696413,Yes,No,Normal,Safe,Stable
45300.125,January,275.82,95.27,2,27.47,6.34,7.98,3.3,1,1,1,0,29.1,33.9,24.1,0.51,1,9,3,8.268969130164136,0.296005293797162,0.8868463331652711,No,No,Normal,Safe,Stable
45300.16666666666,January,275.82,95.27,2,27.47,6.34,7.98,3.3,1,1,0,0,29.1,33.9,24.1,0.51,1,9,4,8.031214288963538,0.9429559283641055,0.003096179855168209,Yes,No,Normal,Safe,Stable
45300.20833333334,January,275.82,95.27,2,27.47,6.34,7.98,3.3,1,1,1,0,29.1,33.9,24.1,0.51,1,9,5,8.022725963492002,0.3880098961866457,-0.02263830147320525,No,No,Normal,Safe,Stable
45300.25,January,275.82,95.27,2,27.47,6.34,7.98,3.3,1,1,0,0,29.1,33.9,24.1,0.51,1,9.052631578947368,4.736842105263158,8.028638005277841,0.3881503162455465,-0.02140919517782002,Yes,No,Normal,Safe,Stable
45300.29166666666,January,275.82,95.27,2,27.47,6.34,7.98,3.3,1,1,0,0,29.1,33.9,24.1,0.51,1,9.105263157894736,4.473684210526316,8.034550047063679,0.3882907363044473,-0.0201800888824348,No,No,Normal,Safe,Stable
45300.33333333334,January,275.82,95.27,2,27.47,6.34,7.98,3.3,1,1,0,0,29.1,33.9,24.1,0.51,1,9.157894736842104,4.210526315789473,8.040462088849518,0.3884311563633481,-0.01895098258704957,Yes,No,Normal,Safe,Stable
45300.375,January,275.82,95.27,2,27.47,6.34,7.98,3.3,1,1,0,0,29.1,33.9,24.1,0.51,1,9.210526315789474,3.947368421052632,8.046374130635357,0.3885715764222489,-0.01772187629166435,No,No,Normal,Safe,Stable
45300.41666666666,January,275.82,95.27,2,27.47,6.34,7.98,3.3,1,1,1,0,29.1,33.9,24.1,0.51,1,9.263157894736842,3.684210526315789,8.052286172421194,0.3887119964811498,-0.01649276999627913,Yes,No,Normal,Safe,Stable
45300.45833333334,January,275.82,95.27,2,27.47,6.34,7.98,3.3,1,1,0,0,29.1,33.9,24.1,0.51,1,9.315789473684211,3.421052631578947,8.058198214207033,0.3888524165400506,-0.0152636637008939,No,No,Normal,Safe,Stable
45300.5,January,275.82,95.27,2,27.47,6.34,7.98,3.3,1,1,1,0,29.1,33.9,24.1,0.51,1,9.368421052631579,3.157894736842105,8.064110255992873,0.3889928365989514,-0.01403455740550868,Yes,No,Normal,Safe,Stable
45300.54166666666,January,275.82,95.27,2,27.47,6.34,7.98,3.3,1,1,0,0,29.1,33.9,24.1,0.51,1,9.421052631578947,2.894736842105263,8.07002229777871,0.3891332566578522,-0.01280545111012345,No,No,Normal,Safe,Stable
45300.58333333334,January,275.82,95.27,2,27.47,6.34,7.98,3.3,1,1,0,0,29.1,33.9,24.1,0.51,1,9.473684210526315,2.631578947368421,8.075934339564549,0.389273676716753,-0.01157634481473823,Yes,No,Normal,Safe,Stable
45300.625,January,275.82,95.27,2,27.47,6.34,7.98,3.3,1,1,1,0,29.1,33.9,24.1,0.51,1,9.526315789473685,2.368421052631579,8.081846381350388,0.3894140967756538,-0.010347238519353,No,No,Normal,Safe,Stable
45300.66666666666,January,275.82,95.27,2,27.47,6.34,7.98,3.3,1,1,0,0,29.1,33.9,24.1,0.51,1,9.578947368421053,2.105263157894737,8.087758423136227,0.3895545168345546,-0.009118132223967779,Yes,No,Normal,Safe,Stable
45300.70833333334,January,275.82,95.27,2,27.47,6.34,7.98,3.3,1,1,0,1,29.1,33.9,24.1,0.51,1,9.631578947368421,1.842105263157895,8.093670464922065,0.3896949368934554,-0.007889025928582555,No,No,Normal,Safe,Stable
45300.75,January,275.82,95.27,2,27.47,6.34,7.98,3.3,1,1,0,0,29.1,33.9,24.1,0.51,1,9.684210526315789,1.578947368421053,8.099582506707904,0.3898353569523562,-0.006659919633197332,Yes,No,Normal,Safe,Stable
45300.79166666666,January,275.82,95.27,2,27.47,6.34,7.98,3.3,1,1,1,0,29.1,33.9,24.1,0.51,1,9.736842105263158,1.315789473684211,8.105494548493743,0.389975777011257,-0.005430813337812104,No,No,Normal,Safe,Stable
45300.83333333334,January,275.82,95.27,2,27.47,6.34,7.98,3.3,1,1,0,0,29.1,33.9,24.1,0.51,1,9.789473684210526,1.052631578947369,8.11140659027958,0.3901161970701579,-0.00420170704242688,Yes,No,Normal,Safe,Stable
45300.875,January,275.82,95.27,2,27.47,6.34,7.98,3.3,1,1,0,0,29.1,33.9,24.1,0.51,1,9.842105263157894,0.7894736842105265,8.11731863206542,0.3902566171290587,-0.002972600747041657,No,No,Normal,Safe,Stable
45300.91666666666,January,275.82,95.27,2,27.47,6.34,7.98,3.3,1,1,0,0,29.1,33.9,24.1,0.51,1,9.894736842105264,0.5263157894736841,8.123230673851259,0.3903970371879595,-0.001743494451656433,Yes,No,Normal,Safe,Stable
45300.95833333334,January,275.82,95.27,2,27.47,6.34,7.98,3.3,1,1,0,0,29.1,33.9,24.1,0.51,1,9.947368421052632,0.2631578947368425,8.129142715637096,0.3905374572468603,-0.0005143881562712088,No,No,Normal,Safe,Stable
45301,January,275.82,95.27,2,27.47,6.34,7.98,3.3,1,1,0,0,29.1,33.9,24.1,0.51,1,10,0,8.135054757422935,0.3906778773057611,0.0007147181391140185,Yes,No,Normal,Safe,Stable
45301.04166666666,January,275.82,95.27,2,27.47,6.34,7.98,3.3,1,1,1,0,29.1,33.9,24.1,0.51,1,10,1,8.069123330657492,0.9662185569828714,7.37821486431308E-05,No,No,Normal,Safe,Stable
45301.08333333334,January,275.82,95.27,2,27.47,6.34,7.98,3.3,1,1,0,0,29.1,33.9,24.1,0.51,1,10,2,7.893322241512624,0.9943878441830639,0.01659751704000292,Yes,No,Normal,Safe,Stable
45301.125,January,275.82,95.27,2,27.47,6.34,7.98,3.3,1,1,0,0,29.1,33.9,24.1,0.51,1,10,3,8.202667458609488,0.270805366749972,0.9354130516323338,No,No,Normal,Safe,Stable
45301.16666666666,January,275.82,95.27,2,27.47,6.34,7.98,3.3,1,1,0,0,29.1,33.9,24.1,0.51,1,10,4,8.11027326910196,0.276464086210306,0.821860913288131,Yes,No,Normal,Safe,Stable
45301.20833333334,January,275.82,95.27,2,27.47,6.34,7.98,3.3,1,1,1,0,29.1,33.9,24.1,0.51,1,10,5,8.675425454972515,0.3460500061623858,-0.006605302568708364,No,No,Normal,Safe,Stable
45301.25,January,275.82,95.27,2,27.47,6.34,7.98,3.3,1,1,0,0,29.1,33.9,24.1,0.51,1,10.05263157894737,4.736842105263158,8.646219753764052,0.3487124714843212,-0.003394338288487779,Yes,No,Normal,Safe,Stable
45301.29166666666,January,275.82,95.27,2,27.47,6.34,7.98,3.3,1,1,0,0,29.1,33.9,24.1,0.51,1,10.10526315789474,4.473684210526316,8.617014052555588,0.3513749368062566,-0.0001833740082671943,No,No,Normal,Safe,Stable
45301.33333333334,January,275.82,95.27,2,27.47,6.34,7.98,3.3,1,1,0,1,29.1,33.9,24.1,0.51,1,10.1578947368421,4.210526315789473,8.587808351347125,0.354037402128192,0.003027590271953391,Yes,No,Normal,Safe,Stable
45301.375,January,275.82,95.27,2,27.47,6.34,7.98,3.3,1,1,1,0,29.1,33.9,24.1,0.51,1,10.21052631578947,3.947368421052632,8.55860265013866,0.3566998674501274,0.006238554552173975,No,No,Normal,Safe,Stable
45301.41666666666,January,275.82,95.27,2,27.47,6.34,7.98,3.3,1,1,0,0,29.1,33.9,24.1,0.51,1,10.26315789473684,3.684210526315789,8.529396948930197,0.3593623327720628,0.009449518832394562,Yes,No,Normal,Safe,Stable
45301.45833333334,January,275.82,95.27,2,27.47,6.34,7.98,3.3,1,1,1,0,29.1,33.9,24.1,0.51,1,10.31578947368421,3.421052631578947,8.500191247721732,0.3620247980939982,0.01266048311261514,No,No,Normal,Safe,Stable
45301.5,January,275.82,95.27,2,27.47,6.34,7.98,3.3,1,1,0,0,29.1,33.9,24.1,0.51,1,10.36842105263158,3.157894736842105,8.470985546513269,0.3646872634159335,0.01587144739283573,Yes,No,Normal,Safe,Stable
45301.54166666666,January,275.82,95.27,2,27.47,6.34,7.98,3.3,1,1,0,0,29.1,33.9,24.1,0.51,1,10.42105263157895,2.894736842105263,8.441779845304804,0.367349728737869,0.01908241167305631,No,No,Normal,Safe,Stable
45301.58333333334,January,275.82,95.27,2,27.47,6.34,7.98,3.3,1,1,0,0,29.1,33.9,24.1,0.51,1,10.47368421052632,2.631578947368421,8.412574144096341,0.3700121940598043,0.0222933759532769,Yes,No,Normal,Safe,Stable
45301.625,January,275.82,95.27,2,27.47,6.34,7.98,3.3,1,1,0,0,29.1,33.9,24.1,0.51,1,10.52631578947368,2.368421052631579,8.383368442887877,0.3726746593817398,0.02550434023349749,No,No,Normal,Safe,Stable
45301.66666666666,January,275.82,95.27,2,27.47,6.34,7.98,3.3,1,1,1,0,29.1,33.9,24.1,0.51,1,10.57894736842105,2.105263157894737,8.354162741679414,0.3753371247036751,0.02871530451371807,Yes,No,Normal,Safe,Stable
45301.70833333334,January,275.82,95.27,2,27.47,6.34,7.98,3.3,1,1,0,0,29.1,33.9,24.1,0.51,1,10.63157894736842,1.842105263157895,8.324957040470949,0.3779995900256106,0.03192626879393865,No,No,Normal,Safe,Stable
45301.75,January,275.82,95.27,2,27.47,6.34,7.98,3.3,1,1,0,0,29.1,33.9,24.1,0.51,1,10.68421052631579,1.578947368421053,8.295751339262486,0.3806620553475459,0.03513723307415924,Yes,No,Normal,Safe,Stable
45301.79166666666,January,275.82,95.27,2,27.47,6.34,7.98,3.3,1,1,1,0,29.1,33.9,24.1,0.51,1,10.73684210526316,1.315789473684211,8.266545638054021,0.3833245206694814,0.03834819735437982,No,No,Normal,Safe,Stable
45301.83333333334,January,275.82,95.27,2,27.47,6.34,7.98,3.3,1,1,0,0,29.1,33.9,24.1,0.51,1,10.78947368421053,1.052631578947369,8.237339936845558,0.3859869859914167,0.0415591616346004,Yes,No,Normal,Safe,Stable
45301.875,January,275.82,95.27,2,27.47,6.34,7.98,3.3,1,1,0,0,29.1,33.9,24.1,0.51,1,10.84210526315789,0.7894736842105265,8.208134235637093,0.3886494513133522,0.04477012591482099,No,No,Normal,Safe,Stable
45301.91666666666,January,275.82,95.27,2,27.47,6.34,7.98,3.3,1,1,0,0,29.1,33.9,24.1,0.51,1,10.89473684210526,0.5263157894736841,8.17892853442863,0.3913119166352875,0.04798109019504158,Yes,No,Normal,Safe,Stable
45301.95833333334,January,275.82,95.27,2,27.47,6.34,7.98,3.3,1,1,0,0,29.1,33.9,24.1,0.51,1,10.94736842105263,0.2631578947368425,8.149722833220165,0.393974381957223,0.05119205447526216,No,No,Normal,Safe,Stable
45302,January,275.82,95.27,2,27.47,6.34,7.98,3.3,1,1,0,0,29.1,33.9,24.1,0.51,1,11,0,8.120517132011702,0.3966368472791583,0.05440301875548274,Yes,No,Normal,Safe,Stable
45302.04166666666,January,275.82,95.27,2,27.47,6.34,7.98,3.3,1,1,0,0,29.1,33.9,24.1,0.51,1,11,1,8.359706552094908,0.3197703854504906,0.12091630188429,No,No,Normal,Safe,Stable
45302.08333333334,January,275.82,95.27,2,27.47,6.34,7.98,3.3,1,1,0,0,29.1,33.9,24.1,0.51,1,11,2,8.195204082973495,0.3011511476985295,0.4578476356664721,Yes,No,Normal,Safe,Stable
45302.125,January,275.82,95.27,2,27.47,6.34,7.98,3.3,1,1,0,0,29.1,33.9,24.1,0.51,1,11,3,7.989376456145608,0.2325542943379494,0.9724428909600963,No,No,Normal,Safe,Stable
45302.16666666666,January,275.82,95.27,2,27.47,6.34,7.98,3.3,1,1,1,0,29.1,33.9,24.1,0.51,1,11,4,8.235472522047987,0.3143505620997524,0.9649234521096993,Yes,No,Normal,Safe,Stable
45302.20833333334,January,275.82,95.27,2,27.47,6.34,7.98,3.3,1,1,0,0,29.1,33.9,24.1,0.51,1,11,5,8.113665902634542,0.3940508907875841,0.01963691273220408,No,No,Normal,Safe,Stable
45302.25,January,275.82,95.27,2,27.47,6.34,7.98,3.3,1,1,1,0,29.1,33.9,24.1,0.51,1,11.05263157894737,4.736842105263158,8.121886707148583,0.3931629258752549,0.01915053709530764,Yes,No,Normal,Safe,Stable
45302.29166666666,January,275.82,95.27,2,27.47,6.34,7.98,3.3,1,1,0,1,29.1,33.9,24.1,0.51,1,11.10526315789474,4.473684210526316,8.130107511662624,0.3922749609629257,0.01866416145841119,No,No,Normal,Safe,Stable
45302.33333333334,January,275.82,95.27,2,27.47,6.34,7.98,3.3,1,1,0,0,29.1,33.9,24.1,0.51,1,11.1578947368421,4.210526315789473,8.138328316176665,0.3913869960505965,0.01817778582151474,Yes,No,Normal,Safe,Stable
45302.375,January,275.82,95.27,2,27.47,6.34,7.98,3.3,1,1,1,0,29.1,33.9,24.1,0.51,1,11.21052631578947,3.947368421052632,8.146549120690707,0.3904990311382673,0.01769141018461829,No,No,Normal,Safe,Stable
45302.41666666666,January,275.82,95.27,2,27.47,6.34,7.98,3.3,1,1,0,0,29.1,33.9,24.1,0.51,1,11.26315789473684,3.684210526315789,8.154769925204748,0.3896110662259381,0.01720503454772185,Yes,No,Normal,Safe,Stable
45302.45833333334,January,275.82,95.27,2,27.47,6.34,7.98,3.3,1,1,0,0,29.1,33.9,24.1,0.51,1,11.31578947368421,3.421052631578947,8.162990729718789,0.3887231013136089,0.0167186589108254,No,No,Normal,Safe,Stable
45302.5,January,275.82,95.27,2,27.47,6.34,7.98,3.3,1,1,0,1,29.1,33.9,24.1,0.51,1,11.36842105263158,3.157894736842105,8.17121153423283,0.3878351364012797,0.01623228327392895,Yes,No,Normal,Safe,Stable
45302.54166666666,January,275.82,95.27,2,27.47,6.34,7.98,3.3,1,1,0,0,29.1,33.9,24.1,0.51,1,11.42105263157895,2.894736842105263,8.179432338746871,0.3869471714889505,0.01574590763703251,No,No,Normal,Safe,Stable
45302.58333333334,January,275.82,95.27,2,27.47,6.34,7.98,3.3,1,1,1,0,29.1,33.9,24.1,0.51,1,11.47368421052632,2.631578947368421,8.187653143260912,0.3860592065766213,0.01525953200013606,Yes,No,Normal,Safe,Stable
45302.625,January,275.82,95.27,2,27.47,6.34,7.98,3.3,1,1,0,1,29.1,33.9,24.1,0.51,1,11.52631578947368,2.368421052631579,8.195873947774954,0.3851712416642921,0.01477315636323961,No,No,Normal,Safe,Stable
45302.66666666666,January,275.82,95.27,2,27.47,6.34,7.98,3.3,1,1,0,0,29.1,33.9,24.1,0.51,1,11.57894736842105,2.105263157894737,8.204094752288995,0.3842832767519629,0.01428678072634317,Yes,No,Normal,Safe,Stable
45302.70833333334,January,275.82,95.27,2,27.47,6.34,7.98,3.3,1,1,0,0,29.1,33.9,24.1,0.51,1,11.63157894736842,1.842105263157895,8.212315556803036,0.3833953118396338,0.01380040508944672,No,No,Normal,Safe,Stable
45302.75,January,275.82,95.27,2,27.47,6.34,7.98,3.3,1,1,1,0,29.1,33.9,24.1,0.51,1,11.68421052631579,1.578947368421053,8.220536361317077,0.3825073469273045,0.01331402945255027,Yes,No,Normal,Safe,Stable
45302.79166666666,January,275.82,95.27,2,27.47,6.34,7.98,3.3,1,1,0,0,29.1,33.9,24.1,0.51,1,11.73684210526316,1.315789473684211,8.228757165831118,0.3816193820149754,0.01282765381565382,No,No,Normal,Safe,Stable
45302.83333333334,January,275.82,95.27,2,27.47,6.34,7.98,3.3,1,1,0,0,29.1,33.9,24.1,0.51,1,11.78947368421053,1.052631578947369,8.236977970345158,0.3807314171026461,0.01234127817875738,Yes,No,Normal,Safe,Stable
45302.875,January,275.82,95.27,2,27.47,6.34,7.98,3.3,1,1,0,0,29.1,33.9,24.1,0.51,1,11.84210526315789,0.7894736842105265,8.245198774859201,0.379843452190317,0.01185490254186093,No,No,Normal,Safe,Stable
45302.91666666666,January,275.82,95.27,2,27.47,6.34,7.98,3.3,1,1,1,0,29.1,33.9,24.1,0.51,1,11.89473684210526,0.5263157894736841,8.253419579373242,0.3789554872779878,0.01136852690496448,Yes,No,Normal,Safe,Stable
45302.95833333334,January,275.82,95.27,2,27.47,6.34,7.98,3.3,1,1,1,0,29.1,33.9,24.1,0.51,1,11.94736842105263,0.2631578947368425,8.261640383887283,0.3780675223656585,0.01088215126806804,No,No,Normal,Safe,Stable
45303,January,275.82,95.27,2,27.47,6.34,7.98,3.3,1,1,0,0,29.1,33.9,24.1,0.51,1,12,0,8.269861188401324,0.3771795574533294,0.01039577563117159,Yes,No,Normal,Safe,Stable
45303.04166666666,January,275.82,95.27,2,27.47,6.34,7.98,3.3,1,1,1,0,29.1,33.9,24.1,0.51,1,12,1,8.158530876733936,0.340209652219504,0.1690931540728384,No,No,Normal,Safe,Stable
45303.08333333334,January,275.82,95.27,2,27.47,6.34,7.98,3.3,1,1,1,0,29.1,33.9,24.1,0.51,1,12,2,7.864518240195613,0.96451313479745,-0.0144991747326681,Yes,No,Normal,Safe,Stable
45303.125,January,275.82,95.27,2,27.47,6.34,7.98,3.3,1,1,1,0,29.1,33.9,24.1,0.51,1,12,3,8.101483758634208,0.2791479462221817,0.9462821691592883,No,No,Normal,Safe,Stable
45303.16666666666,January,275.82,95.27,2,27.47,6.34,7.98,3.3,1,1,0,0,29.1,33.9,24.1,0.51,1,12,4,8.165211919708444,0.326080563854873,0.8810620889363624,Yes,No,Normal,Safe,Stable
45303.20833333334,January,275.82,95.27,2,27.47,6.34,7.98,3.3,1,1,0,0,29.1,33.9,24.1,0.51,1,12,5,8.127186047521427,0.3769089510267514,0.03084712551295266,No,No,Normal,Safe,Stable
45303.25,January,275.82,95.27,2,27.47,6.34,7.98,3.3,1,1,0,0,29.1,33.9,24.1,0.51,1,12.05263157894737,4.736842105263158,8.123609265291623,0.3787239193517029,0.03001940593047447,Yes,No,Normal,Safe,Stable
45303.29166666666,January,275.82,95.27,2,27.47,6.34,7.98,3.3,1,1,0,0,29.1,33.9,24.1,0.51,1,12.10526315789474,4.473684210526316,8.12003248306182,0.3805388876766544,0.02919168634799629,No,No,Normal,Safe,Stable
45303.33333333334,January,275.82,95.27,2,27.47,6.34,7.98,3.3,1,1,1,0,29.1,33.9,24.1,0.51,1,12.1578947368421,4.210526315789473,8.116455700832015,0.3823538560016059,0.0283639667655181,Yes,No,Normal,Safe,Stable
45303.375,January,275.82,95.27,2,27.47,6.34,7.98,3.3,1,1,0,0,29.1,33.9,24.1,0.51,1,12.21052631578947,3.947368421052632,8.112878918602211,0.3841688243265574,0.02753624718303992,No,No,Normal,Safe,Stable
45303.41666666666,January,275.82,95.27,2,27.47,6.34,7.98,3.3,1,1,0,0,29.1,33.9,24.1,0.51,1,12.26315789473684,3.684210526315789,8.109302136372408,0.385983792651509,0.02670852760056174,Yes,No,Normal,Safe,Stable
45303.45833333334,January,275.82,95.27,2,27.47,6.34,7.98,3.3,1,1,0,0,29.1,33.9,24.1,0.51,1,12.31578947368421,3.421052631578947,8.105725354142605,0.3877987609764604,0.02588080801808355,No,No,Normal,Safe,Stable
45303.5,January,275.82,95.27,2,27.47,6.34,7.98,3.3,1,1,0,0,29.1,33.9,24.1,0.51,1,12.36842105263158,3.157894736842105,8.102148571912801,0.389613729301412,0.02505308843560537,Yes,No,Normal,Safe,Stable
45303.54166666666,January,275.82,95.27,2,27.47,6.34,7.98,3.3,1,1,0,0,29.1,33.9,24.1,0.51,1,12.42105263157895,2.894736842105263,8.098571789682996,0.3914286976263635,0.02422536885312718,No,No,Normal,Safe,Stable
45303.58333333334,January,275.82,95.27,2,27.47,6.34,7.98,3.3,1,1,0,0,29.1,33.9,24.1,0.51,1,12.47368421052632,2.631578947368421,8.094995007453193,0.3932436659513149,0.023397649270649,Yes,No,Normal,Safe,Stable
45303.625,January,275.82,95.27,2,27.47,6.34,7.98,3.3,1,1,0,0,29.1,33.9,24.1,0.51,1,12.52631578947368,2.368421052631579,8.091418225223389,0.3950586342762665,0.02256992968817081,No,No,Normal,Safe,Stable
45303.66666666666,January,275.82,95.27,2,27.47,6.34,7.98,3.3,1,1,1,0,29.1,33.9,24.1,0.51,1,12.57894736842105,2.105263157894737,8.087841442993586,0.396873602601218,0.02174221010569263,Yes,No,Normal,Safe,Stable
45303.70833333334,January,275.82,95.27,2,27.47,6.34,7.98,3.3,1,1,0,0,29.1,33.9,24.1,0.51,1,12.63157894736842,1.842105263157895,8.084264660763781,0.3986885709261694,0.02091449052321445,No,No,Normal,Safe,Stable
45303.75,January,275.82,95.27,2,27.47,6.34,7.98,3.3,1,1,0,0,29.1,33.9,24.1,0.51,1,12.68421052631579,1.578947368421053,8.080687878533977,0.400503539251121,0.02008677094073626,Yes,No,Normal,Safe,Stable
45303.79166666666,January,275.82,95.27,2,27.47,6.34,7.98,3.3,1,1,0,0,29.1,33.9,24.1,0.51,1,12.73684210526316,1.315789473684211,8.077111096304174,0.4023185075760725,0.01925905135825808,No,No,Normal,Safe,Stable
45303.83333333334,January,275.82,95.27,2,27.47,6.34,7.98,3.3,1,1,0,0,29.1,33.9,24.1,0.51,1,12.78947368421053,1.052631578947369,8.07353431407437,0.404133475901024,0.01843133177577989,Yes,No,Normal,Safe,Stable
45303.875,January,275.82,95.27,2,27.47,6.34,7.98,3.3,1,1,0,0,29.1,33.9,24.1,0.51,1,12.84210526315789,0.7894736842105265,8.069957531844567,0.4059484442259755,0.01760361219330171,No,No,Normal,Safe,Stable
45303.91666666666,January,275.82,95.27,2,27.47,6.34,7.98,3.3,1,1,0,0,29.1,33.9,24.1,0.51,1,12.89473684210526,0.5263157894736841,8.066380749614762,0.407763412550927,0.01677589261082352,Yes,No,Normal,Safe,Stable
45303.95833333334,January,275.82,95.27,2,27.47,6.34,7.98,3.3,1,1,1,0,29.1,33.9,24.1,0.51,1,12.94736842105263,0.2631578947368425,8.062803967384959,0.4095783808758785,0.01594817302834534,No,No,Normal,Safe,Stable
45304,January,275.82,95.27,2,27.47,6.34,7.98,3.3,1,1,0,0,29.1,33.9,24.1,0.51,1,13,0,8.059227185155155,0.41139334920083,0.01512045344586716,Yes,No,Normal,Safe,Stable
45304.04166666666,January,275.82,95.27,2,27.47,6.34,7.98,3.3,1,1,0,0,29.1,33.9,24.1,0.51,1,13,1,8.191223803169454,0.3346222039141704,0.141940197691256,No,No,Normal,Safe,Stable
45304.08333333334,January,275.82,95.27,2,27.47,6.34,7.98,3.3,1,1,0,0,29.1,33.9,24.1,0.51,1,13,2,8.049371731445548,0.9649980268195235,0.02644334005357469,Yes,No,Normal,Safe,Stable
45304.125,January,275.82,95.27,2,27.47,6.34,7.98,3.3,1,1,0,1,29.1,33.9,24.1,0.51,1,13,3,8.436842612581184,0.2606483379372765,0.8277900473376065,No,No,Normal,Safe,Stable
45304.16666666666,January,275.82,95.27,2,27.47,6.34,7.98,3.3,1,1,0,0,29.1,33.9,24.1,0.51,1,13,4,8.159795760455435,0.9461306936733462,-0.01082027050506692,Yes,No,Normal,Safe,Stable
45304.20833333334,January,275.82,95.27,2,27.47,6.34,7.98,3.3,1,1,0,0,29.1,33.9,24.1,0.51,1,13,5,8.049761182967471,0.3893409668682838,0.03467832489865046,No,No,Normal,Safe,Stable
45304.25,January,275.82,95.27,2,27.47,6.34,7.98,3.3,1,1,1,0,29.1,33.9,24.1,0.51,1,13.05263157894737,4.736842105263158,8.060039899647538,0.3896334961887112,0.03415671218004507,Yes,No,Normal,Safe,Stable
45304.29166666666,January,275.82,95.27,2,27.47,6.34,7.98,3.3,1,1,1,0,29.1,33.9,24.1,0.51,1,13.10526315789474,4.473684210526316,8.070318616327604,0.3899260255091386,0.03363509946143967,No,No,Normal,Safe,Stable
45304.33333333334,January,275.82,95.27,2,27.47,6.34,7.98,3.3,1,1,0,0,29.1,33.9,24.1,0.51,1,13.1578947368421,4.210526315789473,8.080597333007672,0.390218554829566,0.03311348674283428,Yes,No,Normal,Safe,Stable
45304.375,January,275.82,95.27,2,27.47,6.34,7.98,3.3,1,1,1,0,29.1,33.9,24.1,0.51,1,13.21052631578947,3.947368421052632,8.09087604968774,0.3905110841499935,0.03259187402422888,No,No,Normal,Safe,Stable
45304.41666666666,January,275.82,95.27,2,27.47,6.34,7.98,3.3,1,1,1,0,29.1,33.9,24.1,0.51,1,13.26315789473684,3.684210526315789,8.101154766367806,0.3908036134704209,0.03207026130562349,Yes,No,Normal,Safe,Stable
45304.45833333334,January,275.82,95.27,2,27.47,6.34,7.98,3.3,1,1,0,0,29.1,33.9,24.1,0.51,1,13.31578947368421,3.421052631578947,8.111433483047874,0.3910961427908483,0.03154864858701809,No,No,Normal,Safe,Stable
45304.5,January,275.82,95.27,2,27.47,6.34,7.98,3.3,1,1,0,0,29.1,33.9,24.1,0.51,1,13.36842105263158,3.157894736842105,8.121712199727941,0.3913886721112757,0.03102703586841269,Yes,No,Normal,Safe,Stable
45304.54166666666,January,275.82,95.27,2,27.47,6.34,7.98,3.3,1,1,0,0,29.1,33.9,24.1,0.51,1,13.42105263157895,2.894736842105263,8.131990916408007,0.3916812014317031,0.0305054231498073,No,No,Normal,Safe,Stable
45304.58333333334,January,275.82,95.27,2,27.47,6.34,7.98,3.3,1,1,1,1,29.1,33.9,24.1,0.51,1,13.47368421052632,2.631578947368421,8.142269633088075,0.3919737307521305,0.0299838104312019,Yes,No,Normal,Safe,Stable
45304.625,January,275.82,95.27,2,27.47,6.34,7.98,3.3,1,1,0,0,29.1,33.9,24.1,0.51,1,13.52631578947368,2.368421052631579,8.152548349768143,0.3922662600725579,0.02946219771259651,No,No,Normal,Safe,Stable
45304.66666666666,January,275.82,95.27,2,27.47,6.34,7.98,3.3,1,1,0,0,29.1,33.9,24.1,0.51,1,13.57894736842105,2.105263157894737,8.162827066448211,0.3925587893929854,0.02894058499399111,Yes,No,Normal,Safe,Stable
45304.70833333334,January,275.82,95.27,2,27.47,6.34,7.98,3.3,1,1,0,0,29.1,33.9,24.1,0.51,1,13.63157894736842,1.842105263157895,8.173105783128277,0.3928513187134128,0.02841897227538572,No,No,Normal,Safe,Stable
45304.75,January,275.82,95.27,2,27.47,6.34,7.98,3.3,1,1,0,0,29.1,33.9,24.1,0.51,1,13.68421052631579,1.578947368421053,8.183384499808344,0.3931438480338402,0.02789735955678032,Yes,No,Normal,Safe,Stable
45304.79166666666,January,275.82,95.27,2,27.47,6.34,7.98,3.3,1,1,0,0,29.1,33.9,24.1,0.51,1,13.73684210526316,1.315789473684211,8.193663216488412,0.3934363773542676,0.02737574683817493,No,No,Normal,Safe,Stable
45304.83333333334,January,275.82,95.27,2,27.47,6.34,7.98,3.3,1,1,0,0,29.1,33.9,24.1,0.51,1,13.78947368421053,1.052631578947369,8.203941933168478,0.393728906674695,0.02685413411956953,Yes,No,Normal,Safe,Stable
45304.875,January,275.82,95.27,2,27.47,6.34,7.98,3.3,1,1,1,0,29.1,33.9,24.1,0.51,1,13.84210526315789,0.7894736842105265,8.214220649848546,0.3940214359951225,0.02633252140096413,No,No,Normal,Safe,Stable
45304.91666666666,January,275.82,95.27,2,27.47,6.34,7.98,3.3,1,1,1,0,29.1,33.9,24.1,0.51,1,13.89473684210526,0.5263157894736841,8.224499366528613,0.3943139653155499,0.02581090868235874,Yes,No,Normal,Safe,Stable
45304.95833333334,January,275.82,95.27,2,27.47,6.34,7.98,3.3,1,1,0,0,29.1,33.9,24.1,0.51,1,13.94736842105263,0.2631578947368425,8.234778083208679,0.3946064946359773,0.02528929596375334,No,No,Normal,Safe,Stable
45305,January,275.82,95.27,2,27.47,6.34,7.98,3.3,1,1,0,0,29.1,33.9,24.1,0.51,1,14,0,8.245056799888747,0.3948990239564047,0.02476768324514795,Yes,No,Normal,Safe,Stable
45305.04166666666,January,275.82,95.27,2,27.47,6.34,7.98,3.3,1,1,0,0,29.1,33.9,24.1,0.51,1,14,1,7.797138404544145,0.9640360754821952,-0.02137986071067052,No,No,Normal,Safe,Stable
45305.08333333334,January,275.82,95.27,2,27.47,6.34,7.98,3.3,1,1,0,0,29.1,33.9,24.1,0.51,1,14,2,8.028949942511135,0.9922624170613747,-0.02637165969130617,Yes,No,Normal,Safe,Stable
45305.125,January,275.82,95.27,2,27.47,6.34,7.98,3.3,1,1,1,0,29.1,33.9,24.1,0.51,1,14,3,7.988327822323529,0.9642353767278466,0.01713514880844286,No,No,Normal,Safe,Stable
45305.16666666666,January,275.82,95.27,2,27.47,6.34,7.98,3.3,1,1,0,0,29.1,33.9,24.1,0.51,1,14,4,8.466929733062813,0.2069758557814366,0.9800413836073759,Yes,No,Normal,Safe,Stable
45305.20833333334,January,275.82,95.27,2,27.47,6.34,7.98,3.3,1,1,0,0,29.1,33.9,24.1,0.51,1,14,5,8.264153341338139,0.3912677653802379,0.02505306035317016,No,No,Normal,Safe,Stable
45305.25,January,275.82,95.27,2,27.47,6.34,7.98,3.3,1,1,0,0,29.1,33.9,24.1,0.51,1,14.05263157894737,4.736842105263158,8.262321927940677,0.39282715758565,0.02328048745245865,Yes,No,Normal,Safe,Stable
45305.29166666666,January,275.82,95.27,2,27.47,6.34,7.98,3.3,1,1,0,0,29.1,33.9,24.1,0.51,1,14.10526315789474,4.473684210526316,8.260490514543216,0.394386549791062,0.02150791455174714,No,No,Normal,Safe,Stable
45305.33333333334,January,275.82,95.27,2,27.47,6.34,7.98,3.3,1,1,0,0,29.1,33.9,24.1,0.51,1,14.1578947368421,4.210526315789473,8.258659101145755,0.3959459419964741,0.01973534165103564,Yes,No,Normal,Safe,Stable
45305.375,January,275.82,95.27,2,27.47,6.34,7.98,3.3,1,1,0,1,29.1,33.9,24.1,0.51,1,14.21052631578947,3.947368421052632,8.256827687748293,0.3975053342018862,0.01796276875032413,No,No,Normal,Safe,Stable
45305.41666666666,January,275.82,95.27,2,27.47,6.34,7.98,3.3,1,1,0,0,29.1,33.9,24.1,0.51,1,14.26315789473684,3.684210526315789,8.254996274350832,0.3990647264072983,0.01619019584961262,Yes,No,Normal,Safe,Stable
45305.45833333334,January,275.82,95.27,2,27.47,6.34,7.98,3.3,1,1,0,0,29.1,33.9,24.1,0.51,1,14.31578947368421,3.421052631578947,8.253164860953371,0.4006241186127104,0.01441762294890111,No,No,Normal,Safe,Stable
45305.5,January,275.82,95.27,2,27.47,6.34,7.98,3.3,1,1,0,0,29.1,33.9,24.1,0.51,1,14.36842105263158,3.157894736842105,8.251333447555909,0.4021835108181224,0.0126450500481896,Yes,No,Normal,Safe,Stable
45305.54166666666,January,275.82,95.27,2,27.47,6.34,7.98,3.3,1,1,0,1,29.1,33.9,24.1,0.51,1,14.42105263157895,2.894736842105263,8.249502034158448,0.4037429030235345,0.01087247714747809,No,No,Normal,Safe,Stable
45305.58333333334,January,275.82,95.27,2,27.47,6.34,7.98,3.3,1,1,0,1,29.1,33.9,24.1,0.51,1,14.47368421052632,2.631578947368421,8.247670620760987,0.4053022952289466,0.009099904246766585,Yes,No,Normal,Safe,Stable
45305.625,January,275.82,95.27,2,27.47,6.34,7.98,3.3,1,1,0,1,29.1,33.9,24.1,0.51,1,14.52631578947368,2.368421052631579,8.245839207363527,0.4068616874343586,0.007327331346055076,No,No,Normal,Safe,Stable
45305.66666666666,January,275.82,95.27,2,27.47,6.34,7.98,3.3,1,1,0,0,29.1,33.9,24.1,0.51,1,14.57894736842105,2.105263157894737,8.244007793966066,0.4084210796397707,0.005554758445343571,Yes,No,Normal,Safe,Stable
45305.70833333334,January,275.82,95.27,2,27.47,6.34,7.98,3.3,1,1,0,0,29.1,33.9,24.1,0.51,1,14.63157894736842,1.842105263157895,8.242176380568605,0.4099804718451828,0.003782185544632062,No,No,Normal,Safe,Stable
45305.75,January,275.82,95.27,2,27.47,6.34,7.98,3.3,1,1,0,1,29.1,33.9,24.1,0.51,1,14.68421052631579,1.578947368421053,8.240344967171144,0.4115398640505948,0.002009612643920553,Yes,No,Normal,Safe,Stable
45305.79166666666,January,275.82,95.27,2,27.47,6.34,7.98,3.3,1,1,0,1,29.1,33.9,24.1,0.51,1,14.73684210526316,1.315789473684211,8.238513553773682,0.413099256256007,0.0002370397432090478,No,No,Normal,Safe,Stable
45305.83333333334,January,275.82,95.27,2,27.47,6.34,7.98,3.3,1,1,0,0,29.1,33.9,24.1,0.51,1,14.78947368421053,1.052631578947369,8.236682140376221,0.414658648461419,-0.001535533157502461,Yes,No,Normal,Safe,Stable
45305.875,January,275.82,95.27,2,27.47,6.34,7.98,3.3,1,1,0,0,29.1,33.9,24.1,0.51,1,14.84210526315789,0.7894736842105265,8.23485072697876,0.4162180406668311,-0.00330810605821397,No,No,Normal,Safe,Stable
45305.91666666666,January,275.82,95.27,2,27.47,6.34,7.98,3.3,1,1,0,0,29.1,33.9,24.1,0.51,1,14.89473684210526,0.5263157894736841,8.233019313581298,0.4177774328722432,-0.005080678958925479,Yes,No,Normal,Safe,Stable
45305.95833333334,January,275.82,95.27,2,27.47,6.34,7.98,3.3,1,1,0,0,29.1,33.9,24.1,0.51,1,14.94736842105263,0.2631578947368425,8.231187900183837,0.4193368250776552,-0.006853251859636988,No,No,Normal,Safe,Stable
45306,January,275.82,95.27,2,27.47,6.34,7.98,3.3,1,1,1,0,29.1,33.9,24.1,0.51,1,15,0,8.229356486786376,0.4208962172830673,-0.008625824760348493,Yes,No,Normal,Safe,Stable
45306.04166666666,January,275.82,95.27,2,27.47,6.34,7.98,3.3,1,1,1,0,29.1,33.9,24.1,0.51,1,15,1,8.096629595885718,0.3315797199423085,0.1480689870811617,No,No,Normal,Safe,Stable
45306.08333333334,January,275.82,95.27,2,27.47,6.34,7.98,3.3,1,1,1,0,29.1,33.9,24.1,0.51,1,15,2,8.158864340550046,0.9474610891253643,0.01559433340934496,Yes,No,Normal,Safe,Stable
45306.125,January,275.82,95.27,2,27.47,6.34,7.98,3.3,1,1,0,0,29.1,33.9,24.1,0.51,1,15,3,7.984791728176258,0.9863173850909885,-0.01174350439667469,No,No,Normal,Safe,Stable
45306.16666666666,January,275.82,95.27,2,27.47,6.34,7.98,3.3,1,1,0,0,29.1,33.9,24.1,0.51,1,15,4,8.409286029660485,0.2937460354622638,0.8525706368649441,Yes,No,Normal,Safe,Stable
45306.20833333334,January,275.82,95.27,2,27.47,6.34,7.98,3.3,1,1,0,0,29.1,33.9,24.1,0.51,1,15,5,8.279614147678561,0.4038933456423961,0.02920235722089341,No,No,Normal,Safe,Stable
45306.25,January,275.82,95.27,2,27.47,6.34,7.98,3.3,1,1,0,0,29.1,33.9,24.1,0.51,1,15.05263157894737,4.736842105263158,8.276903690465444,0.4051838352575105,0.02823710032572407,Yes,No,Normal,Safe,Stable
45306.29166666666,January,275.82,95.27,2,27.47,6.34,7.98,3.3,1,1,1,0,29.1,33.9,24.1,0.51,1,15.10526315789474,4.473684210526316,8.274193233252324,0.4064743248726249,0.02727184343055473,No,No,Normal,Safe,Stable
45306.33333333334,January,275.82,95.27,2,27.47,6.34,7.98,3.3,1,1,1,0,29.1,33.9,24.1,0.51,1,15.1578947368421,4.210526315789473,8.271482776039207,0.4077648144877393,0.02630658653538539,Yes,No,Normal,Safe,Stable
45306.375,January,275.82,95.27,2,27.47,6.34,7.98,3.3,1,1,0,0,29.1,33.9,24.1,0.51,1,15.21052631578947,3.947368421052632,8.268772318826089,0.4090553041028537,0.02534132964021605,No,No,Normal,Safe,Stable
45306.41666666666,January,275.82,95.27,2,27.47,6.34,7.98,3.3,1,1,0,0,29.1,33.9,24.1,0.51,1,15.26315789473684,3.684210526315789,8.266061861612972,0.410345793717968,0.02437607274504671,Yes,No,Normal,Safe,Stable
45306.45833333334,January,275.82,95.27,2,27.47,6.34,7.98,3.3,1,1,0,0,29.1,33.9,24.1,0.51,1,15.31578947368421,3.421052631578947,8.263351404399852,0.4116362833330824,0.02341081584987737,No,No,Normal,Safe,Stable
45306.5,January,275.82,95.27,2,27.47,6.34,7.98,3.3,1,1,0,0,29.1,33.9,24.1,0.51,1,15.36842105263158,3.157894736842105,8.260640947186735,0.4129267729481968,0.02244555895470803,Yes,No,Normal,Safe,Stable
45306.54166666666,January,275.82,95.27,2,27.47,6.34,7.98,3.3,1,1,0,0,29.1,33.9,24.1,0.51,1,15.42105263157895,2.894736842105263,8.257930489973617,0.4142172625633112,0.02148030205953869,No,No,Normal,Safe,Stable
45306.58333333334,January,275.82,95.27,2,27.47,6.34,7.98,3.3,1,1,0,0,29.1,33.9,24.1,0.51,1,15.47368421052632,2.631578947368421,8.2552200327605,0.4155077521784256,0.02051504516436935,Yes,No,Normal,Safe,Stable
45306.625,January,275.82,95.27,2,27.47,6.34,7.98,3.3,1,1,0,0,29.1,33.9,24.1,0.51,1,15.52631578947368,2.368421052631579,8.25250957554738,0.41679824179354,0.01954978826920001,No,No,Normal,Safe,Stable
45306.66666666666,January,275.82,95.27,2,27.47,6.34,7.98,3.3,1,1,0,1,29.1,33.9,24.1,0.51,1,15.57894736842105,2.105263157894737,8.249799118334263,0.4180887314086544,0.01858453137403068,Yes,No,Normal,Safe,Stable
45306.70833333334,January,275.82,95.27,2,27.47,6.34,7.98,3.3,1,1,0,0,29.1,33.9,24.1,0.51,1,15.63157894736842,1.842105263157895,8.247088661121145,0.4193792210237688,0.01761927447886134,No,No,Normal,Safe,Stable
45306.75,January,275.82,95.27,2,27.47,6.34,7.98,3.3,1,1,0,0,29.1,33.9,24.1,0.51,1,15.68421052631579,1.578947368421053,8.244378203908028,0.4206697106388831,0.016654017583692,Yes,No,Normal,Safe,Stable
45306.79166666666,January,275.82,95.27,2,27.47,6.34,7.98,3.3,1,1,1,0,29.1,33.9,24.1,0.51,1,15.73684210526316,1.315789473684211,8.241667746694908,0.4219602002539976,0.01568876068852266,No,No,Normal,Safe,Stable
45306.83333333334,January,275.82,95.27,2,27.47,6.34,7.98,3.3,1,1,1,0,29.1,33.9,24.1,0.51,1,15.78947368421053,1.052631578947369,8.238957289481791,0.423250689869112,0.01472350379335332,Yes,No,Normal,Safe,Stable
45306.875,January,275.82,95.27,2,27.47,6.34,7.98,3.3,1,1,0,0,29.1,33.9,24.1,0.51,1,15.84210526315789,0.7894736842105265,8.236246832268673,0.4245411794842263,0.01375824689818398,No,No,Normal,Safe,Stable
45306.91666666666,January,275.82,95.27,2,27.47,6.34,7.98,3.3,1,1,0,1,29.1,33.9,24.1,0.51,1,15.89473684210526,0.5263157894736841,8.233536375055555,0.4258316690993407,0.01279299000301464,Yes,No,Normal,Safe,Stable
45306.95833333334,January,275.82,95.27,2,27.47,6.34,7.98,3.3,1,1,0,0,29.1,33.9,24.1,0.51,1,15.94736842105263,0.2631578947368425,8.230825917842436,0.4271221587144551,0.0118277331078453,No,No,Normal,Safe,Stable
45307,January,275.82,95.27,2,27.47,6.34,7.98,3.3,1,1,0,0,29.1,33.9,24.1,0.51,1,16,0,8.228115460629319,0.4284126483295695,0.01086247621267596,Yes,No,Normal,Safe,Stable
45307.04166666666,January,275.82,95.27,2,27.47,6.34,7.98,3.3,1,1,0,0,29.1,33.9,24.1,0.51,1,16,1,7.865693782710485,0.3497286158721278,0.100419852611088,No,No,Normal,Safe,Stable
45307.08333333334,January,275.82,95.27,2,27.47,6.34,7.98,3.3,1,1,0,0,29.1,33.9,24.1,0.51,1,16,2,8.507010938322026,0.3441393806795504,0.4534227244033204,Yes,No,Normal,Safe,Stable
45307.125,January,275.82,95.27,2,27.47,6.34,7.98,3.3,1,1,0,0,29.1,33.9,24.1,0.51,1,16,3,8.365792832237315,0.2675094299604016,0.9372414667228689,No,No,Normal,Safe,Stable
45307.16666666666,January,275.82,95.27,2,27.47,6.34,7.98,3.3,1,1,0,1,29.1,33.9,24.1,0.51,1,16,4,8.308606923915812,0.2673925051981792,0.8326511171338047,Yes,No,Normal,Safe,Stable
45307.20833333334,January,275.82,95.27,2,27.47,6.34,7.98,3.3,1,1,0,0,29.1,33.9,24.1,0.51,1,16,5,8.320103960443786,0.4065333243760139,0.03092572248186843,No,No,Normal,Safe,Stable
45307.25,January,275.82,95.27,2,27.47,6.34,7.98,3.3,1,1,0,1,29.1,33.9,24.1,0.51,1,16.05263157894737,4.736842105263158,8.27823484597516,0.4369278982072081,0.02935871126014147,Yes,No,Normal,Safe,Stable
45307.29166666666,January,275.82,95.27,2,27.47,6.34,7.98,3.3,1,1,1,0,29.1,33.9,24.1,0.51,1,16.10526315789474,4.473684210526316,8.236365731506533,0.4673224720384024,0.02779170003841452,No,No,Normal,Safe,Stable
45307.33333333334,January,275.82,95.27,2,27.47,6.34,7.98,3.3,1,1,0,0,29.1,33.9,24.1,0.51,1,16.15789473684211,4.210526315789473,8.194496617037906,0.4977170458695966,0.02622468881668756,Yes,No,Normal,Safe,Stable
45307.375,January,275.82,95.27,2,27.47,6.34,7.98,3.3,1,1,1,0,29.1,33.9,24.1,0.51,1,16.21052631578947,3.947368421052632,8.152627502569279,0.5281116197007909,0.0246576775949606,No,No,Normal,Safe,Stable
45307.41666666666,January,275.82,95.27,2,27.47,6.34,7.98,3.3,1,1,0,0,29.1,33.9,24.1,0.51,1,16.26315789473684,3.684210526315789,8.110758388100653,0.5585061935319851,0.02309066637323365,Yes,No,Normal,Safe,Stable
45307.45833333334,January,275.82,95.27,2,27.47,6.34,7.98,3.3,1,1,0,0,29.1,33.9,24.1,0.51,1,16.31578947368421,3.421052631578947,8.068889273632026,0.5889007673631793,0.02152365515150669,No,No,Normal,Safe,Stable
45307.5,January,275.82,95.27,2,27.47,6.34,7.98,3.3,1,1,0,0,29.1,33.9,24.1,0.51,1,16.36842105263158,3.157894736842105,8.027020159163399,0.6192953411943736,0.01995664392977974,Yes,No,Normal,Safe,Stable
45307.54166666666,January,275.82,95.27,2,27.47,6.34,7.98,3.3,1,1,0,1,29.1,33.9,24.1,0.51,1,16.42105263157895,2.894736842105263,7.985151044694772,0.6496899150255677,0.01838963270805278,No,No,Normal,Safe,Stable
45307.58333333334,January,275.82,95.27,2,27.47,6.34,7.98,3.3,1,1,0,1,29.1,33.9,24.1,0.51,1,16.47368421052632,2.631578947368421,7.943281930226146,0.6800844888567621,0.01682262148632582,Yes,No,Normal,Safe,Stable
45307.625,January,275.82,95.27,2,27.47,6.34,7.98,3.3,1,1,0,0,29.1,33.9,24.1,0.51,1,16.52631578947368,2.368421052631579,7.901412815757519,0.7104790626879562,0.01525561026459887,No,No,Normal,Safe,Stable
45307.66666666666,January,275.82,95.27,2,27.47,6.34,7.98,3.3,1,1,1,1,29.1,33.9,24.1,0.51,1,16.57894736842105,2.105263157894737,7.859543701288892,0.7408736365191504,0.01368859904287191,Yes,No,Normal,Safe,Stable
45307.70833333334,January,275.82,95.27,2,27.47,6.34,7.98,3.3,1,1,0,1,29.1,33.9,24.1,0.51,1,16.63157894736842,1.842105263157895,7.817674586820266,0.7712682103503448,0.01212158782114495,No,No,Normal,Safe,Stable
45307.75,January,275.82,95.27,2,27.47,6.34,7.98,3.3,1,1,0,0,29.1,33.9,24.1,0.51,1,16.68421052631579,1.578947368421053,7.775805472351639,0.8016627841815389,0.010554576599418,Yes,No,Normal,Safe,Stable
45307.79166666666,January,275.82,95.27,2,27.47,6.34,7.98,3.3,1,1,0,0,29.1,33.9,24.1,0.51,1,16.73684210526316,1.315789473684211,7.733936357883012,0.8320573580127332,0.008987565377691041,No,No,Normal,Safe,Stable
45307.83333333334,January,275.82,95.27,2,27.47,6.34,7.98,3.3,1,1,0,0,29.1,33.9,24.1,0.51,1,16.78947368421053,1.052631578947369,7.692067243414385,0.8624519318439274,0.007420554155964085,Yes,No,Normal,Safe,Stable
45307.875,January,275.82,95.27,2,27.47,6.34,7.98,3.3,1,1,1,1,29.1,33.9,24.1,0.51,1,16.84210526315789,0.7894736842105265,7.650198128945759,0.8928465056751216,0.005853542934237128,No,No,Normal,Safe,Stable
45307.91666666666,January,275.82,95.27,2,27.47,6.34,7.98,3.3,1,1,0,0,29.1,33.9,24.1,0.51,1,16.89473684210526,0.5263157894736841,7.608329014477132,0.923241079506316,0.004286531712510172,Yes,No,Normal,Safe,Stable
45307.95833333334,January,275.82,95.27,2,27.47,6.34,7.98,3.3,1,1,0,0,29.1,33.9,24.1,0.51,1,16.94736842105263,0.2631578947368425,7.566459900008505,0.9536356533375101,0.002719520490783216,No,No,Normal,Safe,Stable
45308,January,275.82,95.27,2,27.47,6.34,7.98,3.3,1,1,0,0,29.1,33.9,24.1,0.51,1,17,0,7.524590785539878,0.9840302271687043,0.00115250926905626,Yes,No,Normal,Safe,Stable
45308.04166666666,January,275.82,95.27,2,27.47,6.34,7.98,3.3,1,1,0,0,29.1,33.9,24.1,0.51,1,17,1,7.96820469254629,0.937644351698963,-0.008761062725568156,No,No,Normal,Safe,Stable
45308.08333333334,January,275.82,95.27,2,27.47,6.34,7.98,3.3,1,1,0,1,29.1,33.9,24.1,0.51,1,17,2,8.031974170494296,1.0114121918231,-0.02252673308296364,Yes,No,Normal,Safe,Stable
45308.125,January,275.82,95.27,2,27.47,6.34,7.98,3.3,1,1,0,0,29.1,33.9,24.1,0.51,1,17,3,8.555616966533028,0.5723179859285412,0.03237488214032701,No,No,Normal,Safe,Stable
45308.16666666666,January,275.82,95.27,2,27.47,6.34,7.98,3.3,1,1,0,0,29.1,33.9,24.1,0.51,1,17,4,7.659563786190516,0.9567077088079421,-0.008766863877620799,Yes,No,Normal,Safe,Stable
45308.20833333334,January,275.82,95.27,2,27.47,6.34,7.98,3.3,1,1,0,0,29.1,33.9,24.1,0.51,1,17,5,8.139870272967388,0.3815253289837721,0.0001530037957493142,No,No,Normal,Safe,Stable
45308.25,January,275.82,95.27,2,27.47,6.34,7.98,3.3,1,1,0,0,29.1,33.9,24.1,0.51,1,17.05263157894737,4.736842105263158,8.110056513490559,0.4112640944685121,0.0002384617302008005,Yes,No,Normal,Safe,Stable
45308.29166666666,January,275.82,95.27,2,27.47,6.34,7.98,3.3,1,1,0,1,29.1,33.9,24.1,0.51,1,17.10526315789474,4.473684210526316,8.08024275401373,0.4410028599532522,0.0003239196646522868,No,No,Normal,Safe,Stable
45308.33333333334,January,275.82,95.27,2,27.47,6.34,7.98,3.3,1,1,1,0,29.1,33.9,24.1,0.51,1,17.15789473684211,4.210526315789473,8.050428994536901,0.4707416254379922,0.0004093775991037731,Yes,No,Normal,Safe,Stable
45308.375,January,275.82,95.27,2,27.47,6.34,7.98,3.3,1,1,1,0,29.1,33.9,24.1,0.51,1,17.21052631578947,3.947368421052632,8.02061523506007,0.5004803909227322,0.0004948355335552594,No,No,Normal,Safe,Stable
45308.41666666666,January,275.82,95.27,2,27.47,6.34,7.98,3.3,1,1,0,0,29.1,33.9,24.1,0.51,1,17.26315789473684,3.684210526315789,7.990801475583241,0.5302191564074722,0.0005802934680067457,Yes,No,Normal,Safe,Stable
45308.45833333334,January,275.82,95.27,2,27.47,6.34,7.98,3.3,1,1,0,1,29.1,33.9,24.1,0.51,1,17.31578947368421,3.421052631578947,7.960987716106413,0.5599579218922123,0.000665751402458232,No,No,Normal,Safe,Stable
45308.5,January,275.82,95.27,2,27.47,6.34,7.98,3.3,1,1,0,0,29.1,33.9,24.1,0.51,1,17.36842105263158,3.157894736842105,7.931173956629584,0.5896966873769522,0.0007512093369097183,Yes,No,Normal,Safe,Stable
45308.54166666666,January,275.82,95.27,2,27.47,6.34,7.98,3.3,1,1,0,0,29.1,33.9,24.1,0.51,1,17.42105263157895,2.894736842105263,7.901360197152754,0.6194354528616923,0.0008366672713612046,No,No,Normal,Safe,Stable
45308.58333333334,January,275.82,95.27,2,27.47,6.34,7.98,3.3,1,1,0,0,29.1,33.9,24.1,0.51,1,17.47368421052632,2.631578947368421,7.871546437675925,0.6491742183464323,0.0009221252058126909,Yes,No,Normal,Safe,Stable
45308.625,January,275.82,95.27,2,27.47,6.34,7.98,3.3,1,1,0,0,29.1,33.9,24.1,0.51,1,17.52631578947368,2.368421052631579,7.841732678199096,0.6789129838311723,0.001007583140264177,No,No,Normal,Safe,Stable
45308.66666666666,January,275.82,95.27,2,27.47,6.34,7.98,3.3,1,1,0,0,29.1,33.9,24.1,0.51,1,17.57894736842105,2.105263157894737,7.811918918722267,0.7086517493159123,0.001093041074715663,Yes,No,Normal,Safe,Stable
45308.70833333334,January,275.82,95.27,2,27.47,6.34,7.98,3.3,1,1,0,1,29.1,33.9,24.1,0.51,1,17.63157894736842,1.842105263157895,7.782105159245438,0.7383905148006524,0.00117849900916715,No,No,Normal,Safe,Stable
45308.75,January,275.82,95.27,2,27.47,6.34,7.98,3.3,1,1,0,0,29.1,33.9,24.1,0.51,1,17.68421052631579,1.578947368421053,7.752291399768609,0.7681292802853924,0.001263956943618636,Yes,No,Normal,Safe,Stable
45308.79166666666,January,275.82,95.27,2,27.47,6.34,7.98,3.3,1,1,0,0,29.1,33.9,24.1,0.51,1,17.73684210526316,1.315789473684211,7.72247764029178,0.7978680457701324,0.001349414878070122,No,No,Normal,Safe,Stable
45308.83333333334,January,275.82,95.27,2,27.47,6.34,7.98,3.3,1,1,0,0,29.1,33.9,24.1,0.51,1,17.78947368421053,1.052631578947369,7.69266388081495,0.8276068112548725,0.001434872812521609,Yes,No,Normal,Safe,Stable
45308.875,January,275.82,95.27,2,27.47,6.34,7.98,3.3,1,1,0,0,29.1,33.9,24.1,0.51,1,17.84210526315789,0.7894736842105265,7.662850121338121,0.8573455767396125,0.001520330746973095,No,No,Normal,Safe,Stable
45308.91666666666,January,275.82,95.27,2,27.47,6.34,7.98,3.3,1,1,1,0,29.1,33.9,24.1,0.51,1,17.89473684210526,0.5263157894736841,7.633036361861293,0.8870843422243525,0.001605788681424581,Yes,No,Normal,Safe,Stable
45308.95833333334,January,275.82,95.27,2,27.47,6.34,7.98,3.3,1,1,0,0,29.1,33.9,24.1,0.51,1,17.94736842105263,0.2631578947368425,7.603222602384463,0.9168231077090925,0.001691246615876068,No,No,Normal,Safe,Stable
45309,January,275.82,95.27,2,27.47,6.34,7.98,3.3,1,1,0,0,29.1,33.9,24.1,0.51,1,18,0,7.573408842907634,0.9465618731938326,0.001776704550327554,Yes,No,Normal,Safe,Stable
45309.04166666666,January,275.82,95.27,2,27.47,6.34,7.98,3.3,1,1,0,0,29.1,33.9,24.1,0.51,1,18,1,8.265965969182353,0.3002521744552113,0.1461129508136824,No,No,Normal,Safe,Stable
45309.08333333334,January,275.82,95.27,2,27.47,6.34,7.98,3.3,1,1,0,0,29.1,33.9,24.1,0.51,1,18,2,7.845797416274188,0.33934381691334,0.4894061942427241,Yes,No,Normal,Safe,Stable
45309.125,January,275.82,95.27,2,27.47,6.34,7.98,3.3,1,1,0,0,29.1,33.9,24.1,0.51,1,18,3,8.343658900044375,0.3335948319132056,0.9024700593654293,No,No,Normal,Safe,Stable
45309.16666666666,January,275.82,95.27,2,27.47,6.34,7.98,3.3,1,1,0,0,29.1,33.9,24.1,0.51,1,18,4,8.39587812239313,0.2737436071083511,0.9545872687018271,Yes,No,Normal,Safe,Stable
45309.20833333334,January,275.82,95.27,2,27.47,6.34,7.98,3.3,1,1,0,0,29.1,33.9,24.1,0.51,1,18,5,8.293340128753435,0.4119790898335745,-0.02147664535291436,No,No,Normal,Safe,Stable
45309.25,January,275.82,95.27,2,27.47,6.34,7.98,3.3,1,1,0,0,29.1,33.9,24.1,0.51,1,18.05263157894737,4.736842105263158,8.290184032119255,0.4110631181489484,-0.01994512135051374,Yes,No,Normal,Safe,Stable
45309.29166666666,January,275.82,95.27,2,27.47,6.34,7.98,3.3,1,1,0,0,29.1,33.9,24.1,0.51,1,18.10526315789474,4.473684210526316,8.287027935485076,0.4101471464643223,-0.01841359734811311,No,No,Normal,Safe,Stable
45309.33333333334,January,275.82,95.27,2,27.47,6.34,7.98,3.3,1,1,0,0,29.1,33.9,24.1,0.51,1,18.15789473684211,4.210526315789473,8.283871838850896,0.4092311747796962,-0.01688207334571248,Yes,No,Normal,Safe,Stable
45309.375,January,275.82,95.27,2,27.47,6.34,7.98,3.3,1,1,0,0,29.1,33.9,24.1,0.51,1,18.21052631578947,3.947368421052632,8.280715742216715,0.4083152030950701,-0.01535054934331186,No,No,Normal,Safe,Stable
45309.41666666666,January,275.82,95.27,2,27.47,6.34,7.98,3.3,1,1,0,0,29.1,33.9,24.1,0.51,1,18.26315789473684,3.684210526315789,8.277559645582537,0.407399231410444,-0.01381902534091123,Yes,No,Normal,Safe,Stable
45309.45833333334,January,275.82,95.27,2,27.47,6.34,7.98,3.3,1,1,0,0,29.1,33.9,24.1,0.51,1,18.31578947368421,3.421052631578947,8.274403548948357,0.4064832597258179,-0.01228750133851061,No,No,Normal,Safe,Stable
45309.5,January,275.82,95.27,2,27.47,6.34,7.98,3.3,1,1,0,0,29.1,33.9,24.1,0.51,1,18.36842105263158,3.157894736842105,8.271247452314176,0.4055672880411919,-0.01075597733610998,Yes,No,Normal,Safe,Stable
45309.54166666666,January,275.82,95.27,2,27.47,6.34,7.98,3.3,1,1,0,0,29.1,33.9,24.1,0.51,1,18.42105263157895,2.894736842105263,8.268091355679998,0.4046513163565658,-0.009224453333709354,No,No,Normal,Safe,Stable
45309.58333333334,January,275.82,95.27,2,27.47,6.34,7.98,3.3,1,1,0,0,29.1,33.9,24.1,0.51,1,18.47368421052632,2.631578947368421,8.264935259045817,0.4037353446719397,-0.007692929331308728,Yes,No,Normal,Safe,Stable
45309.625,January,275.82,95.27,2,27.47,6.34,7.98,3.3,1,1,0,0,29.1,33.9,24.1,0.51,1,18.52631578947368,2.368421052631579,8.261779162411637,0.4028193729873136,-0.006161405328908102,No,No,Normal,Safe,Stable
45309.66666666666,January,275.82,95.27,2,27.47,6.34,7.98,3.3,1,1,0,0,29.1,33.9,24.1,0.51,1,18.57894736842105,2.105263157894737,8.258623065777456,0.4019034013026875,-0.004629881326507476,Yes,No,Normal,Safe,Stable
45309.70833333334,January,275.82,95.27,2,27.47,6.34,7.98,3.3,1,1,1,0,29.1,33.9,24.1,0.51,1,18.63157894736842,1.842105263157895,8.255466969143278,0.4009874296180614,-0.003098357324106852,No,No,Normal,Safe,Stable
45309.75,January,275.82,95.27,2,27.47,6.34,7.98,3.3,1,1,1,0,29.1,33.9,24.1,0.51,1,18.68421052631579,1.578947368421053,8.252310872509097,0.4000714579334353,-0.001566833321706224,Yes,No,Normal,Safe,Stable
45309.79166666666,January,275.82,95.27,2,27.47,6.34,7.98,3.3,1,1,0,1,29.1,33.9,24.1,0.51,1,18.73684210526316,1.315789473684211,8.249154775874917,0.3991554862488093,-3.530931930560005E-05,No,No,Normal,Safe,Stable
45309.83333333334,January,275.82,95.27,2,27.47,6.34,7.98,3.3,1,1,0,0,29.1,33.9,24.1,0.51,1,18.78947368421053,1.052631578947369,8.245998679240738,0.3982395145641832,0.001496214683095028,Yes,No,Normal,Safe,Stable
45309.875,January,275.82,95.27,2,27.47,6.34,7.98,3.3,1,1,1,0,29.1,33.9,24.1,0.51,1,18.84210526315789,0.7894736842105265,8.242842582606558,0.3973235428795571,0.003027738685495652,No,No,Normal,Safe,Stable
45309.91666666666,January,275.82,95.27,2,27.47,6.34,7.98,3.3,1,1,0,0,29.1,33.9,24.1,0.51,1,18.89473684210526,0.5263157894736841,8.239686485972378,0.396407571194931,0.004559262687896276,Yes,No,Normal,Safe,Stable
45309.95833333334,January,275.82,95.27,2,27.47,6.34,7.98,3.3,1,1,0,0,29.1,33.9,24.1,0.51,1,18.94736842105263,0.2631578947368425,8.236530389338199,0.3954915995103049,0.006090786690296904,No,No,Normal,Safe,Stable
45310,January,275.82,95.27,2,27.47,6.34,7.98,3.3,1,1,0,0,29.1,33.9,24.1,0.51,1,19,0,8.233374292704019,0.3945756278256788,0.007622310692697527,Yes,No,Normal,Safe,Stable
45310.04166666666,January,275.82,95.27,2,27.47,6.34,7.98,3.3,1,1,0,0,29.1,33.9,24.1,0.51,1,19,1,8.004594864478976,0.3158049391590826,0.1507881625675745,No,No,Normal,Safe,Stable
45310.08333333334,January,275.82,95.27,2,27.47,6.34,7.98,3.3,1,1,1,0,29.1,33.9,24.1,0.51,1,19,2,7.7809444251477,1.004332446963719,0.008821380177781828,Yes,No,Normal,Safe,Stable
45310.125,January,275.82,95.27,2,27.47,6.34,7.98,3.3,1,1,0,1,29.1,33.9,24.1,0.51,1,19,3,8.003400449269577,0.3487836126806798,0.8213299324321767,No,No,Normal,Safe,Stable
45310.16666666666,January,275.82,95.27,2,27.47,6.34,7.98,3.3,1,1,0,0,29.1,33.9,24.1,0.51,1,19,4,7.871014450190311,0.9613428429209747,-0.01366194001116656,Yes,No,Normal,Safe,Stable
45310.20833333334,January,275.82,95.27,2,27.47,6.34,7.98,3.3,1,1,0,0,29.1,33.9,24.1,0.51,1,19,5,8.306481865058601,0.3786343538339613,-0.01196379267637922,No,No,Normal,Safe,Stable
45310.25,January,275.82,95.27,2,27.47,6.34,7.98,3.3,1,1,0,0,29.1,33.9,24.1,0.51,1,19.05263157894737,4.736842105263158,8.27561912691813,0.4081108459397428,-0.01224971168676395,Yes,No,Normal,Safe,Stable
45310.29166666666,January,275.82,95.27,2,27.47,6.34,7.98,3.3,1,1,0,1,29.1,33.9,24.1,0.51,1,19.10526315789474,4.473684210526316,8.244756388777661,0.4375873380455244,-0.01253563069714869,No,No,Normal,Safe,Stable
45310.33333333334,January,275.82,95.27,2,27.47,6.34,7.98,3.3,1,1,0,0,29.1,33.9,24.1,0.51,1,19.15789473684211,4.210526315789473,8.213893650637191,0.4670638301513059,-0.01282154970753342,Yes,No,Normal,Safe,Stable
45310.375,January,275.82,95.27,2,27.47,6.34,7.98,3.3,1,1,0,0,29.1,33.9,24.1,0.51,1,19.21052631578947,3.947368421052632,8.18303091249672,0.4965403222570875,-0.01310746871791816,No,No,Normal,Safe,Stable
45310.41666666666,January,275.82,95.27,2,27.47,6.34,7.98,3.3,1,1,0,0,29.1,33.9,24.1,0.51,1,19.26315789473684,3.684210526315789,8.152168174356252,0.526016814362869,-0.01339338772830289,Yes,No,Normal,Safe,Stable
45310.45833333334,January,275.82,95.27,2,27.47,6.34,7.98,3.3,1,1,0,0,29.1,33.9,24.1,0.51,1,19.31578947368421,3.421052631578947,8.121305436215781,0.5554933064686506,-0.01367930673868763,No,No,Normal,Safe,Stable
45310.5,January,275.82,95.27,2,27.47,6.34,7.98,3.3,1,1,1,0,29.1,33.9,24.1,0.51,1,19.36842105263158,3.157894736842105,8.090442698075311,0.5849697985744321,-0.01396522574907236,Yes,No,Normal,Safe,Stable
45310.54166666666,January,275.82,95.27,2,27.47,6.34,7.98,3.3,1,1,0,0,29.1,33.9,24.1,0.51,1,19.42105263157895,2.894736842105263,8.059579959934842,0.6144462906802136,-0.01425114475945709,No,No,Normal,Safe,Stable
45310.58333333334,January,275.82,95.27,2,27.47,6.34,7.98,3.3,1,1,1,0,29.1,33.9,24.1,0.51,1,19.47368421052632,2.631578947368421,8.028717221794372,0.6439227827859952,-0.01453706376984183,Yes,No,Normal,Safe,Stable
45310.625,January,275.82,95.27,2,27.47,6.34,7.98,3.3,1,1,0,0,29.1,33.9,24.1,0.51,1,19.52631578947368,2.368421052631579,7.997854483653902,0.6733992748917768,-0.01482298278022656,No,No,Normal,Safe,Stable
45310.66666666666,January,275.82,95.27,2,27.47,6.34,7.98,3.3,1,1,0,0,29.1,33.9,24.1,0.51,1,19.57894736842105,2.105263157894737,7.966991745513432,0.7028757669975583,-0.0151089017906113,Yes,No,Normal,Safe,Stable
45310.70833333334,January,275.82,95.27,2,27.47,6.34,7.98,3.3,1,1,0,0,29.1,33.9,24.1,0.51,1,19.63157894736842,1.842105263157895,7.936129007372962,0.7323522591033398,-0.01539482080099603,No,No,Normal,Safe,Stable
45310.75,January,275.82,95.27,2,27.47,6.34,7.98,3.3,1,1,1,0,29.1,33.9,24.1,0.51,1,19.68421052631579,1.578947368421053,7.905266269232492,0.7618287512091213,-0.01568073981138076,Yes,No,Normal,Safe,Stable
45310.79166666666,January,275.82,95.27,2,27.47,6.34,7.98,3.3,1,1,0,1,29.1,33.9,24.1,0.51,1,19.73684210526316,1.315789473684211,7.874403531092023,0.7913052433149028,-0.0159666588217655,No,No,Normal,Safe,Stable
45310.83333333334,January,275.82,95.27,2,27.47,6.34,7.98,3.3,1,1,0,0,29.1,33.9,24.1,0.51,1,19.78947368421053,1.052631578947369,7.843540792951552,0.8207817354206844,-0.01625257783215023,Yes,No,Normal,Safe,Stable
45310.875,January,275.82,95.27,2,27.47,6.34,7.98,3.3,1,1,1,0,29.1,33.9,24.1,0.51,1,19.84210526315789,0.7894736842105265,7.812678054811083,0.850258227526466,-0.01653849684253497,No,No,Normal,Safe,Stable
45310.91666666666,January,275.82,95.27,2,27.47,6.34,7.98,3.3,1,1,0,0,29.1,33.9,24.1,0.51,1,19.89473684210526,0.5263157894736841,7.781815316670613,0.8797347196322476,-0.0168244158529197,Yes,No,Normal,Safe,Stable
45310.95833333334,January,275.82,95.27,2,27.47,6.34,7.98,3.3,1,1,0,0,29.1,33.9,24.1,0.51,1,19.94736842105263,0.2631578947368425,7.750952578530143,0.9092112117380291,-0.01711033486330444,No,No,Normal,Safe,Stable
45311,January,275.82,95.27,2,27.47,6.34,7.98,3.3,1,1,1,0,29.1,33.9,24.1,0.51,1,20,0,7.720089840389673,0.9386877038438105,-0.01739625387368917,Yes,No,Normal,Safe,Stable
45311.04166666666,January,275.82,95.27,2,27.47,6.34,7.98,3.3,1,1,1,1,29.1,33.9,24.1,0.51,1,20,1,7.89216221872412,0.3499728129793568,0.1062953671135757,No,No,Normal,Safe,Stable
45311.08333333334,January,275.82,95.27,2,27.47,6.34,7.98,3.3,1,1,0,0,29.1,33.9,24.1,0.51,1,20,2,8.075647507863891,0.9570093404153397,0.02631008335916121,Yes,No,Normal,Safe,Stable
45311.125,January,275.82,95.27,2,27.47,6.34,7.98,3.3,1,1,0,0,29.1,33.9,24.1,0.51,1,20,3,8.334646300845742,0.2884314879226493,0.8361704410746214,No,No,Normal,Safe,Stable
45311.16666666666,January,275.82,95.27,2,27.47,6.34,7.98,3.3,1,1,0,0,29.1,33.9,24.1,0.51,1,20,4,7.797826348344735,0.9854243290879399,0.01157630462293505,Yes,No,Normal,Safe,Stable
45311.20833333334,January,275.82,95.27,2,27.47,6.34,7.98,3.3,1,1,0,0,29.1,33.9,24.1,0.51,1,20,5,7.351138957651082,0.9821310334827958,-0.006182722179874106,No,No,Normal,Safe,Stable
45311.25,January,275.82,95.27,2,27.47,6.34,7.98,3.3,1,1,0,0,29.1,33.9,24.1,0.51,1,20.05263157894737,4.736842105263158,7.404330513541264,0.9462610383825271,0.002536009711595874,Yes,No,Normal,Safe,Stable
45311.29166666666,January,275.82,95.27,2,27.47,6.34,7.98,3.3,1,1,0,0,29.1,33.9,24.1,0.51,1,20.10526315789474,4.473684210526316,7.457522069431445,0.9103910432822583,0.01125474160306585,No,No,Normal,Safe,Stable
45311.33333333334,January,275.82,95.27,2,27.47,6.34,7.98,3.3,1,1,0,0,29.1,33.9,24.1,0.51,1,20.15789473684211,4.210526315789473,7.510713625321626,0.8745210481819895,0.01997347349453583,Yes,No,Normal,Safe,Stable
45311.375,January,275.82,95.27,2,27.47,6.34,7.98,3.3,1,1,0,0,29.1,33.9,24.1,0.51,1,20.21052631578947,3.947368421052632,7.563905181211808,0.8386510530817207,0.02869220538600581,No,No,Normal,Safe,Stable
45311.41666666666,January,275.82,95.27,2,27.47,6.34,7.98,3.3,1,1,0,0,29.1,33.9,24.1,0.51,1,20.26315789473684,3.684210526315789,7.61709673710199,0.8027810579814519,0.0374109372774758,Yes,No,Normal,Safe,Stable
45311.45833333334,January,275.82,95.27,2,27.47,6.34,7.98,3.3,1,1,0,0,29.1,33.9,24.1,0.51,1,20.31578947368421,3.421052631578947,7.670288292992171,0.7669110628811833,0.04612966916894577,No,No,Normal,Safe,Stable
45311.5,January,275.82,95.27,2,27.47,6.34,7.98,3.3,1,1,0,0,29.1,33.9,24.1,0.51,1,20.36842105263158,3.157894736842105,7.723479848882353,0.7310410677809145,0.05484840106041575,Yes,No,Normal,Safe,Stable
45311.54166666666,January,275.82,95.27,2,27.47,6.34,7.98,3.3,1,1,0,0,29.1,33.9,24.1,0.51,1,20.42105263157895,2.894736842105263,7.776671404772535,0.6951710726806457,0.06356713295188574,No,No,Normal,Safe,Stable
45311.58333333334,January,275.82,95.27,2,27.47,6.34,7.98,3.3,1,1,0,1,29.1,33.9,24.1,0.51,1,20.47368421052632,2.631578947368421,7.829862960662717,0.6593010775803769,0.07228586484335571,Yes,No,Normal,Safe,Stable
45311.625,January,275.82,95.27,2,27.47,6.34,7.98,3.3,1,1,0,0,29.1,33.9,24.1,0.51,1,20.52631578947368,2.368421052631579,7.883054516552898,0.6234310824801081,0.0810045967348257,No,No,Normal,Safe,Stable
45311.66666666666,January,275.82,95.27,2,27.47,6.34,7.98,3.3,1,1,0,0,29.1,33.9,24.1,0.51,1,20.57894736842105,2.105263157894737,7.93624607244308,0.5875610873798394,0.08972332862629567,Yes,No,Normal,Safe,Stable
45311.70833333334,January,275.82,95.27,2,27.47,6.34,7.98,3.3,1,1,0,0,29.1,33.9,24.1,0.51,1,20.63157894736842,1.842105263157895,7.989437628333262,0.5516910922795706,0.09844206051776565,No,No,Normal,Safe,Stable
45311.75,January,275.82,95.27,2,27.47,6.34,7.98,3.3,1,1,0,0,29.1,33.9,24.1,0.51,1,20.68421052631579,1.578947368421053,8.042629184223443,0.5158210971793018,0.1071607924092356,Yes,No,Normal,Safe,Stable
45311.79166666666,January,275.82,95.27,2,27.47,6.34,7.98,3.3,1,1,0,0,29.1,33.9,24.1,0.51,1,20.73684210526316,1.315789473684211,8.095820740113625,0.479951102079033,0.1158795243007056,No,No,Normal,Safe,Stable
45311.83333333334,January,275.82,95.27,2,27.47,6.34,7.98,3.3,1,1,0,0,29.1,33.9,24.1,0.51,1,20.78947368421053,1.052631578947369,8.149012296003807,0.4440811069787642,0.1245982561921756,Yes,No,Normal,Safe,Stable
45311.875,January,275.82,95.27,2,27.47,6.34,7.98,3.3,1,1,0,0,29.1,33.9,24.1,0.51,1,20.84210526315789,0.7894736842105265,8.202203851893987,0.4082111118784955,0.1333169880836456,No,No,Normal,Safe,Stable
45311.91666666666,January,275.82,95.27,2,27.47,6.34,7.98,3.3,1,1,0,0,29.1,33.9,24.1,0.51,1,20.89473684210526,0.5263157894736841,8.255395407784169,0.3723411167782267,0.1420357199751155,Yes,No,Normal,Safe,Stable
45311.95833333334,January,275.82,95.27,2,27.47,6.34,7.98,3.3,1,1,0,0,29.1,33.9,24.1,0.51,1,20.94736842105263,0.2631578947368425,8.308586963674351,0.3364711216779579,0.1507544518665855,No,No,Normal,Safe,Stable
45312,January,275.82,95.27,2,27.47,6.34,7.98,3.3,1,1,0,0,29.1,33.9,24.1,0.51,1,21,0,8.361778519564533,0.3006011265776891,0.1594731837580555,Yes,No,Normal,Safe,Stable
45312.04166666666,January,275.82,95.27,2,27.47,6.34,7.98,3.3,1,1,0,0,29.1,33.9,24.1,0.51,1,21,1,8.286647884947598,0.3238327342501075,0.1256388994732674,No,No,Normal,Safe,Stable
45312.08333333334,January,275.82,95.27,2,27.47,6.34,7.98,3.3,1,1,0,0,29.1,33.9,24.1,0.51,1,21,2,7.640703369641312,0.9796785693229274,-0.0389315061158863,Yes,No,Normal,Safe,Stable
45312.125,January,275.82,95.27,2,27.47,6.34,7.98,3.3,1,1,0,0,29.1,33.9,24.1,0.51,1,21,3,7.932025865594478,0.5254427386396495,0.05559364815042345,No,No,Normal,Safe,Stable
45312.16666666666,January,275.82,95.27,2,27.47,6.34,7.98,3.3,1,1,0,0,29.1,33.9,24.1,0.51,1,21,4,8.324376115119314,0.3115702500322606,0.949535179289857,Yes,No,Normal,Safe,Stable
45312.20833333334,January,275.82,95.27,2,27.47,6.34,7.98,3.3,1,1,0,0,29.1,33.9,24.1,0.51,1,21,5,8.309830783531359,0.3754170504802132,0.01211285526122731,No,No,Normal,Safe,Stable
45312.25,January,275.82,95.27,2,27.47,6.34,7.98,3.3,1,1,0,1,29.1,33.9,24.1,0.51,1,21.05263157894737,4.736842105263158,8.299151099740312,0.3794202713083785,0.01149177271530393,Yes,No,Normal,Safe,Stable
45312.29166666666,January,275.82,95.27,2,27.47,6.34,7.98,3.3,1,1,0,0,29.1,33.9,24.1,0.51,1,21.10526315789474,4.473684210526316,8.288471415949266,0.3834234921365438,0.01087069016938055,No,No,Normal,Safe,Stable
45312.33333333334,January,275.82,95.27,2,27.47,6.34,7.98,3.3,1,1,0,0,29.1,33.9,24.1,0.51,1,21.15789473684211,4.210526315789473,8.277791732158219,0.3874267129647091,0.01024960762345717,Yes,No,Normal,Safe,Stable
45312.375,January,275.82,95.27,2,27.47,6.34,7.98,3.3,1,1,0,0,29.1,33.9,24.1,0.51,1,21.21052631578947,3.947368421052632,8.267112048367173,0.3914299337928744,0.009628525077533796,No,No,Normal,Safe,Stable
45312.41666666666,January,275.82,95.27,2,27.47,6.34,7.98,3.3,1,1,0,0,29.1,33.9,24.1,0.51,1,21.26315789473684,3.684210526315789,8.256432364576126,0.3954331546210397,0.009007442531610418,Yes,No,Normal,Safe,Stable
45312.45833333334,January,275.82,95.27,2,27.47,6.34,7.98,3.3,1,1,0,0,29.1,33.9,24.1,0.51,1,21.31578947368421,3.421052631578947,8.245752680785079,0.399436375449205,0.008386359985687038,No,No,Normal,Safe,Stable
45312.5,January,275.82,95.27,2,27.47,6.34,7.98,3.3,1,1,0,0,29.1,33.9,24.1,0.51,1,21.36842105263158,3.157894736842105,8.235072996994033,0.4034395962773702,0.00776527743976366,Yes,No,Normal,Safe,Stable
45312.54166666666,January,275.82,95.27,2,27.47,6.34,7.98,3.3,1,1,0,0,29.1,33.9,24.1,0.51,1,21.42105263157895,2.894736842105263,8.224393313202986,0.4074428171055356,0.007144194893840283,No,No,Normal,Safe,Stable
45312.58333333334,January,275.82,95.27,2,27.47,6.34,7.98,3.3,1,1,0,0,29.1,33.9,24.1,0.51,1,21.47368421052632,2.631578947368421,8.21371362941194,0.4114460379337009,0.006523112347916905,Yes,No,Normal,Safe,Stable
45312.625,January,275.82,95.27,2,27.47,6.34,7.98,3.3,1,1,1,1,29.1,33.9,24.1,0.51,1,21.52631578947368,2.368421052631579,8.203033945620891,0.4154492587618662,0.005902029801993526,No,No,Normal,Safe,Stable
45312.66666666666,January,275.82,95.27,2,27.47,6.34,7.98,3.3,1,1,0,0,29.1,33.9,24.1,0.51,1,21.57894736842105,2.105263157894737,8.192354261829845,0.4194524795900315,0.005280947256070147,Yes,No,Normal,Safe,Stable
45312.70833333334,January,275.82,95.27,2,27.47,6.34,7.98,3.3,1,1,0,1,29.1,33.9,24.1,0.51,1,21.63157894736842,1.842105263157895,8.181674578038798,0.4234557004181968,0.004659864710146769,No,No,Normal,Safe,Stable
45312.75,January,275.82,95.27,2,27.47,6.34,7.98,3.3,1,1,0,0,29.1,33.9,24.1,0.51,1,21.68421052631579,1.578947368421053,8.170994894247752,0.4274589212463621,0.004038782164223391,Yes,No,Normal,Safe,Stable
45312.79166666666,January,275.82,95.27,2,27.47,6.34,7.98,3.3,1,1,1,0,29.1,33.9,24.1,0.51,1,21.73684210526316,1.315789473684211,8.160315210456705,0.4314621420745274,0.003417699618300012,No,No,Normal,Safe,Stable
45312.83333333334,January,275.82,95.27,2,27.47,6.34,7.98,3.3,1,1,0,0,29.1,33.9,24.1,0.51,1,21.78947368421053,1.052631578947369,8.149635526665659,0.4354653629026927,0.002796617072376634,Yes,No,Normal,Safe,Stable
45312.875,January,275.82,95.27,2,27.47,6.34,7.98,3.3,1,1,0,0,29.1,33.9,24.1,0.51,1,21.84210526315789,0.7894736842105265,8.138955842874612,0.439468583730858,0.002175534526453256,No,No,Normal,Safe,Stable
45312.91666666666,January,275.82,95.27,2,27.47,6.34,7.98,3.3,1,1,0,0,29.1,33.9,24.1,0.51,1,21.89473684210526,0.5263157894736841,8.128276159083565,0.4434718045590232,0.001554451980529878,Yes,No,Normal,Safe,Stable
45312.95833333334,January,275.82,95.27,2,27.47,6.34,7.98,3.3,1,1,0,1,29.1,33.9,24.1,0.51,1,21.94736842105263,0.2631578947368425,8.117596475292519,0.4474750253871886,0.0009333694346065,No,No,Normal,Safe,Stable
45313,January,275.82,95.27,2,27.47,6.34,7.98,3.3,1,1,0,0,29.1,33.9,24.1,0.51,1,22,0,8.106916791501472,0.4514782462153539,0.0003122868886831203,Yes,No,Normal,Safe,Stable
45313.04166666666,January,275.82,95.27,2,27.47,6.34,7.98,3.3,1,1,0,0,29.1,33.9,24.1,0.51,1,22,1,8.119792274464757,0.3458836774181274,0.1639752655096351,No,No,Normal,Safe,Stable
45313.08333333334,January,275.82,95.27,2,27.47,6.34,7.98,3.3,1,1,0,0,29.1,33.9,24.1,0.51,1,22,2,8.149390299010676,0.358450886841237,0.4852043719905056,Yes,No,Normal,Safe,Stable
45313.125,January,275.82,95.27,2,27.47,6.34,7.98,3.3,1,1,0,0,29.1,33.9,24.1,0.51,1,22,3,7.908874883319455,0.1809198784351278,0.8812131811310574,No,No,Normal,Safe,Stable
45313.16666666666,January,275.82,95.27,2,27.47,6.34,7.98,3.3,1,1,0,0,29.1,33.9,24.1,0.51,1,22,4,8.543738119799041,0.3100488614055499,0.8639899909580593,Yes,No,Normal,Safe,Stable
45313.20833333334,January,275.82,95.27,2,27.47,6.34,7.98,3.3,1,1,0,0,29.1,33.9,24.1,0.51,1,22,5,8.481551352625264,0.379913766926785,-0.02311525633994301,No,No,Normal,Safe,Stable
45313.25,January,275.82,95.27,2,27.47,6.34,7.98,3.3,1,1,1,0,29.1,33.9,24.1,0.51,1,22.05263157894737,4.736842105263158,8.46640600033626,0.3803958348889741,-0.02138957841557031,Yes,No,Normal,Safe,Stable
45313.29166666666,January,275.82,95.27,2,27.47,6.34,7.98,3.3,1,1,1,0,29.1,33.9,24.1,0.51,1,22.10526315789474,4.473684210526316,8.451260648047256,0.3808779028511631,-0.01966390049119761,No,No,Normal,Safe,Stable
45313.33333333334,January,275.82,95.27,2,27.47,6.34,7.98,3.3,1,1,0,0,29.1,33.9,24.1,0.51,1,22.15789473684211,4.210526315789473,8.436115295758253,0.3813599708133522,-0.01793822256682491,Yes,No,Normal,Safe,Stable
45313.375,January,275.82,95.27,2,27.47,6.34,7.98,3.3,1,1,1,0,29.1,33.9,24.1,0.51,1,22.21052631578947,3.947368421052632,8.420969943469249,0.3818420387755412,-0.01621254464245221,No,No,Normal,Safe,Stable
45313.41666666666,January,275.82,95.27,2,27.47,6.34,7.98,3.3,1,1,0,0,29.1,33.9,24.1,0.51,1,22.26315789473684,3.684210526315789,8.405824591180245,0.3823241067377303,-0.01448686671807951,Yes,No,Normal,Safe,Stable
45313.45833333334,January,275.82,95.27,2,27.47,6.34,7.98,3.3,1,1,0,0,29.1,33.9,24.1,0.51,1,22.31578947368421,3.421052631578947,8.390679238891241,0.3828061746999193,-0.01276118879370682,No,No,Normal,Safe,Stable
45313.5,January,275.82,95.27,2,27.47,6.34,7.98,3.3,1,1,0,0,29.1,33.9,24.1,0.51,1,22.36842105263158,3.157894736842105,8.375533886602238,0.3832882426621084,-0.01103551086933412,Yes,No,Normal,Safe,Stable
45313.54166666666,January,275.82,95.27,2,27.47,6.34,7.98,3.3,1,1,0,0,29.1,33.9,24.1,0.51,1,22.42105263157895,2.894736842105263,8.360388534313234,0.3837703106242975,-0.009309832944961417,No,No,Normal,Safe,Stable
45313.58333333334,January,275.82,95.27,2,27.47,6.34,7.98,3.3,1,1,1,0,29.1,33.9,24.1,0.51,1,22.47368421052632,2.631578947368421,8.34524318202423,0.3842523785864865,-0.007584155020588719,Yes,No,Normal,Safe,Stable
45313.625,January,275.82,95.27,2,27.47,6.34,7.98,3.3,1,1,0,0,29.1,33.9,24.1,0.51,1,22.52631578947368,2.368421052631579,8.330097829735227,0.3847344465486756,-0.005858477096216019,No,No,Normal,Safe,Stable
45313.66666666666,January,275.82,95.27,2,27.47,6.34,7.98,3.3,1,1,0,0,29.1,33.9,24.1,0.51,1,22.57894736842105,2.105263157894737,8.314952477446223,0.3852165145108646,-0.00413279917184332,Yes,No,Normal,Safe,Stable
45313.70833333334,January,275.82,95.27,2,27.47,6.34,7.98,3.3,1,1,0,1,29.1,33.9,24.1,0.51,1,22.63157894736842,1.842105263157895,8.299807125157219,0.3856985824730537,-0.002407121247470622,No,No,Normal,Safe,Stable
45313.75,January,275.82,95.27,2,27.47,6.34,7.98,3.3,1,1,0,0,29.1,33.9,24.1,0.51,1,22.68421052631579,1.578947368421053,8.284661772868215,0.3861806504352428,-0.0006814433230979237,Yes,No,Normal,Safe,Stable
45313.79166666666,January,275.82,95.27,2,27.47,6.34,7.98,3.3,1,1,0,0,29.1,33.9,24.1,0.51,1,22.73684210526316,1.315789473684211,8.269516420579212,0.3866627183974318,0.001044234601274778,No,No,Normal,Safe,Stable
45313.83333333334,January,275.82,95.27,2,27.47,6.34,7.98,3.3,1,1,1,0,29.1,33.9,24.1,0.51,1,22.78947368421053,1.052631578947369,8.254371068290208,0.3871447863596209,0.002769912525647476,Yes,No,Normal,Safe,Stable
45313.875,January,275.82,95.27,2,27.47,6.34,7.98,3.3,1,1,1,0,29.1,33.9,24.1,0.51,1,22.84210526315789,0.7894736842105265,8.239225716001204,0.3876268543218099,0.004495590450020175,No,No,Normal,Safe,Stable
45313.91666666666,January,275.82,95.27,2,27.47,6.34,7.98,3.3,1,1,1,0,29.1,33.9,24.1,0.51,1,22.89473684210526,0.5263157894736841,8.224080363712201,0.388108922283999,0.006221268374392873,Yes,No,Normal,Safe,Stable
45313.95833333334,January,275.82,95.27,2,27.47,6.34,7.98,3.3,1,1,0,0,29.1,33.9,24.1,0.51,1,22.94736842105263,0.2631578947368425,8.208935011423197,0.388590990246188,0.007946946298765571,No,No,Normal,Safe,Stable
45314,January,275.82,95.27,2,27.47,6.34,7.98,3.3,1,1,0,0,29.1,33.9,24.1,0.51,1,23,0,8.193789659134193,0.3890730582083771,0.009672624223138271,Yes,No,Normal,Safe,Stable
45314.04166666666,January,275.82,95.27,2,27.47,6.34,7.98,3.3,1,1,0,0,29.1,33.9,24.1,0.51,1,23,1,8.235776860015934,0.3304324715031436,0.1566156052927761,No,No,Normal,Safe,Stable
45314.08333333334,January,275.82,95.27,2,27.47,6.34,7.98,3.3,1,1,0,0,29.1,33.9,24.1,0.51,1,23,2,8.018731884490803,0.9877763978783081,-0.02630217462114857,Yes,No,Normal,Safe,Stable
45314.125,January,275.82,95.27,2,27.47,6.34,7.98,3.3,1,1,1,0,29.1,33.9,24.1,0.51,1,23,3,8.326095207767139,0.2671096927842416,0.967892002330957,No,No,Normal,Safe,Stable
45314.16666666666,January,275.82,95.27,2,27.47,6.34,7.98,3.3,1,1,1,0,29.1,33.9,24.1,0.51,1,23,4,8.315693484114613,0.3066722294023776,0.8792442212093305,Yes,No,Normal,Safe,Stable
45314.20833333334,January,275.82,95.27,2,27.47,6.34,7.98,3.3,1,1,1,0,29.1,33.9,24.1,0.51,1,23,5,7.923573888150678,0.9414173724675631,0.02269489865192951,No,No,Normal,Safe,Stable
45314.25,January,275.82,95.27,2,27.47,6.34,7.98,3.3,1,1,0,0,29.1,33.9,24.1,0.51,1,23.05263157894737,4.736842105263158,7.934484485011612,0.943723662217582,0.02080337630840386,Yes,No,Normal,Safe,Stable
45314.29166666666,January,275.82,95.27,2,27.47,6.34,7.98,3.3,1,1,0,0,29.1,33.9,24.1,0.51,1,23.10526315789474,4.473684210526316,7.945395081872545,0.946029951967601,0.01891185396487822,No,No,Normal,Safe,Stable
45314.33333333334,January,275.82,95.27,2,27.47,6.34,7.98,3.3,1,1,1,0,29.1,33.9,24.1,0.51,1,23.15789473684211,4.210526315789473,7.956305678733479,0.9483362417176199,0.01702033162135257,Yes,No,Normal,Safe,Stable
45314.375,January,275.82,95.27,2,27.47,6.34,7.98,3.3,1,1,0,0,29.1,33.9,24.1,0.51,1,23.21052631578947,3.947368421052632,7.967216275594412,0.9506425314676388,0.01512880927782693,No,No,Normal,Safe,Stable
45314.41666666666,January,275.82,95.27,2,27.47,6.34,7.98,3.3,1,1,1,0,29.1,33.9,24.1,0.51,1,23.26315789473684,3.684210526315789,7.978126872455346,0.9529488212176578,0.01323728693430129,Yes,No,Normal,Safe,Stable
45314.45833333334,January,275.82,95.27,2,27.47,6.34,7.98,3.3,1,1,0,0,29.1,33.9,24.1,0.51,1,23.31578947368421,3.421052631578947,7.989037469316279,0.9552551109676767,0.01134576459077564,No,No,Normal,Safe,Stable
45314.5,January,275.82,95.27,2,27.47,6.34,7.98,3.3,1,1,0,0,29.1,33.9,24.1,0.51,1,23.36842105263158,3.157894736842105,7.999948066177213,0.9575614007176956,0.009454242247249998,Yes,No,Normal,Safe,Stable
45314.54166666666,January,275.82,95.27,2,27.47,6.34,7.98,3.3,1,1,0,1,29.1,33.9,24.1,0.51,1,23.42105263157895,2.894736842105263,8.010858663038146,0.9598676904677146,0.007562719903724353,No,No,Normal,Safe,Stable
45314.58333333334,January,275.82,95.27,2,27.47,6.34,7.98,3.3,1,1,0,1,29.1,33.9,24.1,0.51,1,23.47368421052632,2.631578947368421,8.021769259899079,0.9621739802177335,0.00567119756019871,Yes,No,Normal,Safe,Stable
45314.625,January,275.82,95.27,2,27.47,6.34,7.98,3.3,1,1,0,0,29.1,33.9,24.1,0.51,1,23.52631578947368,2.368421052631579,8.032679856760014,0.9644802699677524,0.003779675216673065,No,No,Normal,Safe,Stable
45314.66666666666,January,275.82,95.27,2,27.47,6.34,7.98,3.3,1,1,0,0,29.1,33.9,24.1,0.51,1,23.57894736842105,2.105263157894737,8.043590453620947,0.9667865597177713,0.00188815287314742,Yes,No,Normal,Safe,Stable
45314.70833333334,January,275.82,95.27,2,27.47,6.34,7.98,3.3,1,1,0,0,29.1,33.9,24.1,0.51,1,23.63157894736842,1.842105263157895,8.05450105048188,0.9690928494677903,-3.369470378225548E-06,No,No,Normal,Safe,Stable
45314.75,January,275.82,95.27,2,27.47,6.34,7.98,3.3,1,1,0,1,29.1,33.9,24.1,0.51,1,23.68421052631579,1.578947368421053,8.065411647342813,0.9713991392178092,-0.001894891813903871,Yes,No,Normal,Safe,Stable
45314.79166666666,January,275.82,95.27,2,27.47,6.34,7.98,3.3,1,1,0,0,29.1,33.9,24.1,0.51,1,23.73684210526316,1.315789473684211,8.076322244203748,0.9737054289678281,-0.003786414157429512,No,No,Normal,Safe,Stable
45314.83333333334,January,275.82,95.27,2,27.47,6.34,7.98,3.3,1,1,0,0,29.1,33.9,24.1,0.51,1,23.78947368421053,1.052631578947369,8.087232841064681,0.9760117187178471,-0.005677936500955157,Yes,No,Normal,Safe,Stable
45314.875,January,275.82,95.27,2,27.47,6.34,7.98,3.3,1,1,0,0,29.1,33.9,24.1,0.51,1,23.84210526315789,0.7894736842105265,8.098143437925614,0.978318008467866,-0.007569458844480802,No,No,Normal,Safe,Stable
45314.91666666666,January,275.82,95.27,2,27.47,6.34,7.98,3.3,1,1,0,0,29.1,33.9,24.1,0.51,1,23.89473684210526,0.5263157894736841,8.109054034786547,0.9806242982178849,-0.009460981188006444,Yes,No,Normal,Safe,Stable
45314.95833333334,January,275.82,95.27,2,27.47,6.34,7.98,3.3,1,1,0,0,29.1,33.9,24.1,0.51,1,23.94736842105263,0.2631578947368425,8.119964631647482,0.9829305879679039,-0.01135250353153209,No,No,Normal,Safe,Stable
45315,January,275.82,95.27,2,27.47,6.34,7.98,3.3,1,1,0,0,29.1,33.9,24.1,0.51,1,24,0,8.130875228508415,0.9852368777179228,-0.01324402587505773,Yes,No,Normal,Safe,Stable
45315.04166666666,January,275.82,95.27,2,27.47,6.34,7.98,3.3,1,1,0,0,29.1,33.9,24.1,0.51,1,24,1,8.190253194375634,0.9363188990844402,-0.04316408610862754,No,No,Normal,Safe,Stable
45315.08333333334,January,275.82,95.27,2,27.47,6.34,7.98,3.3,1,1,0,0,29.1,33.9,24.1,0.51,1,24,2,8.549281904063813,0.3374177449287263,0.4337258168832232,Yes,No,Normal,Safe,Stable
45315.125,January,275.82,95.27,2,27.47,6.34,7.98,3.3,1,1,0,0,29.1,33.9,24.1,0.51,1,24,3,8.198160032299503,0.9526681712604489,-0.01912496967518745,No,No,Normal,Safe,Stable
45315.16666666666,January,275.82,95.27,2,27.47,6.34,7.98,3.3,1,1,0,0,29.1,33.9,24.1,0.51,1,24,4,8.313271080457568,0.3154506222495378,0.8750934141745664,Yes,No,Normal,Safe,Stable
45315.20833333334,January,275.82,95.27,2,27.47,6.34,7.98,3.3,1,1,0,0,29.1,33.9,24.1,0.51,1,24,5,8.084395067253647,0.3900460734778668,-0.02151597521577891,No,No,Normal,Safe,Stable
45315.25,January,275.82,95.27,2,27.47,6.34,7.98,3.3,1,1,0,1,29.1,33.9,24.1,0.51,1,24.05263157894737,4.736842105263158,8.077891594421393,0.4198723941689385,-0.02055981226034317,Yes,No,Normal,Safe,Stable
45315.29166666666,January,275.82,95.27,2,27.47,6.34,7.98,3.3,1,1,0,0,29.1,33.9,24.1,0.51,1,24.10526315789474,4.473684210526316,8.071388121589138,0.4496987148600101,-0.01960364930490744,No,No,Normal,Safe,Stable
45315.33333333334,January,275.82,95.27,2,27.47,6.34,7.98,3.3,1,1,0,0,29.1,33.9,24.1,0.51,1,24.15789473684211,4.210526315789473,8.064884648756884,0.4795250355510817,-0.01864748634947171,Yes,No,Normal,Safe,Stable
45315.375,January,275.82,95.27,2,27.47,6.34,7.98,3.3,1,1,0,0,29.1,33.9,24.1,0.51,1,24.21052631578947,3.947368421052632,8.058381175924628,0.5093513562421533,-0.01769132339403598,No,No,Normal,Safe,Stable
45315.41666666666,January,275.82,95.27,2,27.47,6.34,7.98,3.3,1,1,0,0,29.1,33.9,24.1,0.51,1,24.26315789473684,3.684210526315789,8.051877703092375,0.539177676933225,-0.01673516043860024,Yes,No,Normal,Safe,Stable
45315.45833333334,January,275.82,95.27,2,27.47,6.34,7.98,3.3,1,1,0,0,29.1,33.9,24.1,0.51,1,24.31578947368421,3.421052631578947,8.045374230260119,0.5690039976242967,-0.01577899748316451,No,No,Normal,Safe,Stable
45315.5,January,275.82,95.27,2,27.47,6.34,7.98,3.3,1,1,0,0,29.1,33.9,24.1,0.51,1,24.36842105263158,3.157894736842105,8.038870757427865,0.5988303183153683,-0.01482283452772878,Yes,No,Normal,Safe,Stable
45315.54166666666,January,275.82,95.27,2,27.47,6.34,7.98,3.3,1,1,0,0,29.1,33.9,24.1,0.51,1,24.42105263157895,2.894736842105263,8.03236728459561,0.6286566390064399,-0.01386667157229304,No,No,Normal,Safe,Stable
45315.58333333334,January,275.82,95.27,2,27.47,6.34,7.98,3.3,1,1,1,0,29.1,33.9,24.1,0.51,1,24.47368421052632,2.631578947368421,8.025863811763356,0.6584829596975116,-0.01291050861685731,Yes,No,Normal,Safe,Stable
45315.625,January,275.82,95.27,2,27.47,6.34,7.98,3.3,1,1,0,0,29.1,33.9,24.1,0.51,1,24.52631578947368,2.368421052631579,8.019360338931101,0.6883092803885832,-0.01195434566142158,No,No,Normal,Safe,Stable
45315.66666666666,January,275.82,95.27,2,27.47,6.34,7.98,3.3,1,1,0,0,29.1,33.9,24.1,0.51,1,24.57894736842105,2.105263157894737,8.012856866098847,0.7181356010796549,-0.01099818270598584,Yes,No,Normal,Safe,Stable
45315.70833333334,January,275.82,95.27,2,27.47,6.34,7.98,3.3,1,1,0,1,29.1,33.9,24.1,0.51,1,24.63157894736842,1.842105263157895,8.006353393266592,0.7479619217707265,-0.01004201975055011,No,No,Normal,Safe,Stable
45315.75,January,275.82,95.27,2,27.47,6.34,7.98,3.3,1,1,1,0,29.1,33.9,24.1,0.51,1,24.68421052631579,1.578947368421053,7.999849920434338,0.7777882424617981,-0.009085856795114377,Yes,No,Normal,Safe,Stable
45315.79166666666,January,275.82,95.27,2,27.47,6.34,7.98,3.3,1,1,0,0,29.1,33.9,24.1,0.51,1,24.73684210526316,1.315789473684211,7.993346447602083,0.8076145631528697,-0.008129693839678643,No,No,Normal,Safe,Stable
45315.83333333334,January,275.82,95.27,2,27.47,6.34,7.98,3.3,1,1,1,0,29.1,33.9,24.1,0.51,1,24.78947368421053,1.052631578947369,7.986842974769829,0.8374408838439413,-0.007173530884242911,Yes,No,Normal,Safe,Stable
45315.875,January,275.82,95.27,2,27.47,6.34,7.98,3.3,1,1,0,0,29.1,33.9,24.1,0.51,1,24.84210526315789,0.7894736842105265,7.980339501937574,0.867267204535013,-0.006217367928807177,No,No,Normal,Safe,Stable
45315.91666666666,January,275.82,95.27,2,27.47,6.34,7.98,3.3,1,1,0,0,29.1,33.9,24.1,0.51,1,24.89473684210526,0.5263157894736841,7.973836029105319,0.8970935252260847,-0.005261204973371444,Yes,No,Normal,Safe,Stable
45315.95833333334,January,275.82,95.27,2,27.47,6.34,7.98,3.3,1,1,0,1,29.1,33.9,24.1,0.51,1,24.94736842105263,0.2631578947368425,7.967332556273065,0.9269198459171564,-0.00430504201793571,No,No,Normal,Safe,Stable
45316,January,275.82,95.27,2,27.47,6.34,7.98,3.3,1,1,0,0,29.1,33.9,24.1,0.51,1,25,0,7.96082908344081,0.956746166608228,-0.003348879062499978,Yes,No,Normal,Safe,Stable
45316.04166666666,January,275.82,95.27,2,27.47,6.34,7.98,3.3,1,1,1,0,29.1,33.9,24.1,0.51,1,25,1,7.727760881602723,0.9872081311517483,0.003874284939336039,No,No,Normal,Safe,Stable
45316.08333333334,January,275.82,95.27,2,27.47,6.34,7.98,3.3,1,1,1,0,29.1,33.9,24.1,0.51,1,25,2,8.028801557358518,0.9971341573899539,0.02783348125648634,Yes,No,Normal,Safe,Stable
45316.125,January,275.82,95.27,2,27.47,6.34,7.98,3.3,1,1,1,1,29.1,33.9,24.1,0.51,1,25,3,8.110606322087731,0.9511100480740224,0.02479033019482717,No,No,Normal,Safe,Stable
45316.16666666666,January,275.82,95.27,2,27.47,6.34,7.98,3.3,1,1,0,0,29.1,33.9,24.1,0.51,1,25,4,7.816761413567852,0.2669005064675671,0.9712414085207054,Yes,No,Normal,Safe,Stable
45316.20833333334,January,275.82,95.27,2,27.47,6.34,7.98,3.3,1,1,0,0,29.1,33.9,24.1,0.51,1,25,5,7.859957870808979,0.378854225092508,0.009398029610991395,No,No,Normal,Safe,Stable
45316.25,January,275.82,95.27,2,27.47,6.34,7.98,3.3,1,1,0,1,29.1,33.9,24.1,0.51,1,25.05263157894737,4.736842105263158,7.871121321662137,0.4107275129017599,0.006615700475648695,Yes,No,Normal,Safe,Stable
45316.29166666666,January,275.82,95.27,2,27.47,6.34,7.98,3.3,1,1,1,0,29.1,33.9,24.1,0.51,1,25.10526315789474,4.473684210526316,7.882284772515294,0.4426008007110117,0.003833371340305996,No,No,Normal,Safe,Stable
45316.33333333334,January,275.82,95.27,2,27.47,6.34,7.98,3.3,1,1,0,0,29.1,33.9,24.1,0.51,1,25.15789473684211,4.210526315789473,7.893448223368451,0.4744740885202636,0.001051042204963295,Yes,No,Normal,Safe,Stable
45316.375,January,275.82,95.27,2,27.47,6.34,7.98,3.3,1,1,0,0,29.1,33.9,24.1,0.51,1,25.21052631578947,3.947368421052632,7.904611674221608,0.5063473763295154,-0.001731286930379404,No,No,Normal,Safe,Stable
45316.41666666666,January,275.82,95.27,2,27.47,6.34,7.98,3.3,1,1,0,0,29.1,33.9,24.1,0.51,1,25.26315789473684,3.684210526315789,7.915775125074766,0.5382206641387672,-0.004513616065722103,Yes,No,Normal,Safe,Stable
45316.45833333334,January,275.82,95.27,2,27.47,6.34,7.98,3.3,1,1,0,0,29.1,33.9,24.1,0.51,1,25.31578947368421,3.421052631578947,7.926938575927923,0.5700939519480192,-0.007295945201064805,No,No,Normal,Safe,Stable
45316.5,January,275.82,95.27,2,27.47,6.34,7.98,3.3,1,1,1,0,29.1,33.9,24.1,0.51,1,25.36842105263158,3.157894736842105,7.93810202678108,0.6019672397572711,-0.0100782743364075,Yes,No,Normal,Safe,Stable
45316.54166666666,January,275.82,95.27,2,27.47,6.34,7.98,3.3,1,1,1,0,29.1,33.9,24.1,0.51,1,25.42105263157895,2.894736842105263,7.949265477634238,0.6338405275665229,-0.0128606034717502,No,No,Normal,Safe,Stable
45316.58333333334,January,275.82,95.27,2,27.47,6.34,7.98,3.3,1,1,0,0,29.1,33.9,24.1,0.51,1,25.47368421052632,2.631578947368421,7.960428928487395,0.6657138153757747,-0.0156429326070929,Yes,No,Normal,Safe,Stable
45316.625,January,275.82,95.27,2,27.47,6.34,7.98,3.3,1,1,0,0,29.1,33.9,24.1,0.51,1,25.52631578947368,2.368421052631579,7.971592379340553,0.6975871031850266,-0.0184252617424356,No,No,Normal,Safe,Stable
45316.66666666666,January,275.82,95.27,2,27.47,6.34,7.98,3.3,1,1,0,0,29.1,33.9,24.1,0.51,1,25.57894736842105,2.105263157894737,7.98275583019371,0.7294603909942785,-0.0212075908777783,Yes,No,Normal,Safe,Stable
45316.70833333334,January,275.82,95.27,2,27.47,6.34,7.98,3.3,1,1,1,0,29.1,33.9,24.1,0.51,1,25.63157894736842,1.842105263157895,7.993919281046868,0.7613336788035303,-0.02398992001312101,No,No,Normal,Safe,Stable
45316.75,January,275.82,95.27,2,27.47,6.34,7.98,3.3,1,1,0,0,29.1,33.9,24.1,0.51,1,25.68421052631579,1.578947368421053,8.005082731900025,0.7932069666127821,-0.0267722491484637,Yes,No,Normal,Safe,Stable
45316.79166666666,January,275.82,95.27,2,27.47,6.34,7.98,3.3,1,1,0,0,29.1,33.9,24.1,0.51,1,25.73684210526316,1.315789473684211,8.016246182753182,0.825080254422034,-0.0295545782838064,No,No,Normal,Safe,Stable
45316.83333333334,January,275.82,95.27,2,27.47,6.34,7.98,3.3,1,1,0,0,29.1,33.9,24.1,0.51,1,25.78947368421053,1.052631578947369,8.027409633606339,0.8569535422312859,-0.0323369074191491,Yes,No,Normal,Safe,Stable
45316.875,January,275.82,95.27,2,27.47,6.34,7.98,3.3,1,1,0,1,29.1,33.9,24.1,0.51,1,25.84210526315789,0.7894736842105265,8.038573084459497,0.8888268300405378,-0.0351192365544918,No,No,Normal,Safe,Stable
45316.91666666666,January,275.82,95.27,2,27.47,6.34,7.98,3.3,1,1,1,0,29.1,33.9,24.1,0.51,1,25.89473684210526,0.5263157894736841,8.049736535312654,0.9207001178497896,-0.03790156568983451,Yes,No,Normal,Safe,Stable
45316.95833333334,January,275.82,95.27,2,27.47,6.34,7.98,3.3,1,1,1,1,29.1,33.9,24.1,0.51,1,25.94736842105263,0.2631578947368425,8.060899986165811,0.9525734056590415,-0.0406838948251772,No,No,Normal,Safe,Stable
45317,January,275.82,95.27,2,27.47,6.34,7.98,3.3,1,1,1,0,29.1,33.9,24.1,0.51,1,26,0,8.072063437018969,0.9844466934682933,-0.0434662239605199,Yes,No,Normal,Safe,Stable
45317.04166666666,January,275.82,95.27,2,27.47,6.34,7.98,3.3,1,1,0,0,29.1,33.9,24.1,0.51,1,26,1,8.440858629333228,0.3028824616854111,0.1043842042264344,No,No,Normal,Safe,Stable
45317.08333333334,January,275.82,95.27,2,27.47,6.34,7.98,3.3,1,1,0,0,29.1,33.9,24.1,0.51,1,26,2,8.140157617779899,0.9395720752524783,0.002152832781407091,Yes,No,Normal,Safe,Stable
45317.125,January,275.82,95.27,2,27.47,6.34,7.98,3.3,1,1,0,1,29.1,33.9,24.1,0.51,1,26,3,8.066685485461253,0.2243490313420657,0.8584297223446135,No,No,Normal,Safe,Stable
45317.16666666666,January,275.82,95.27,2,27.47,6.34,7.98,3.3,1,1,1,0,29.1,33.9,24.1,0.51,1,26,4,7.836928817504792,0.968953885764558,0.05188739750125001,Yes,No,Normal,Safe,Stable
45317.20833333334,January,275.82,95.27,2,27.47,6.34,7.98,3.3,1,1,0,0,29.1,33.9,24.1,0.51,1,26,5,8.230896313682859,0.4113927323762437,0.01957023534199226,No,No,Normal,Safe,Stable
45317.25,January,275.82,95.27,2,27.47,6.34,7.98,3.3,1,1,0,1,29.1,33.9,24.1,0.51,1,26.05263157894737,4.736842105263158,8.236012040449038,0.410032136020516,0.02075240061763604,Yes,No,Normal,Safe,Stable
45317.29166666666,January,275.82,95.27,2,27.47,6.34,7.98,3.3,1,1,0,1,29.1,33.9,24.1,0.51,1,26.10526315789474,4.473684210526316,8.24112776721522,0.4086715396647883,0.02193456589327982,No,No,Normal,Safe,Stable
45317.33333333334,January,275.82,95.27,2,27.47,6.34,7.98,3.3,1,1,0,0,29.1,33.9,24.1,0.51,1,26.15789473684211,4.210526315789473,8.2462434939814,0.4073109433090606,0.02311673116892361,Yes,No,Normal,Safe,Stable
45317.375,January,275.82,95.27,2,27.47,6.34,7.98,3.3,1,1,0,1,29.1,33.9,24.1,0.51,1,26.21052631578947,3.947368421052632,8.251359220747579,0.4059503469533329,0.02429889644456739,No,No,Normal,Safe,Stable
45317.41666666666,January,275.82,95.27,2,27.47,6.34,7.98,3.3,1,1,1,0,29.1,33.9,24.1,0.51,1,26.26315789473684,3.684210526315789,8.256474947513761,0.4045897505976053,0.02548106172021117,Yes,No,Normal,Safe,Stable
45317.45833333334,January,275.82,95.27,2,27.47,6.34,7.98,3.3,1,1,0,0,29.1,33.9,24.1,0.51,1,26.31578947368421,3.421052631578947,8.26159067427994,0.4032291542418776,0.02666322699585495,No,No,Normal,Safe,Stable
45317.5,January,275.82,95.27,2,27.47,6.34,7.98,3.3,1,1,0,0,29.1,33.9,24.1,0.51,1,26.36842105263158,3.157894736842105,8.266706401046122,0.4018685578861499,0.02784539227149873,Yes,No,Normal,Safe,Stable
45317.54166666666,January,275.82,95.27,2,27.47,6.34,7.98,3.3,1,1,0,0,29.1,33.9,24.1,0.51,1,26.42105263157895,2.894736842105263,8.271822127812301,0.4005079615304222,0.02902755754714251,No,No,Normal,Safe,Stable
45317.58333333334,January,275.82,95.27,2,27.47,6.34,7.98,3.3,1,1,0,0,29.1,33.9,24.1,0.51,1,26.47368421052632,2.631578947368421,8.276937854578481,0.3991473651746945,0.03020972282278629,Yes,No,Normal,Safe,Stable
45317.625,January,275.82,95.27,2,27.47,6.34,7.98,3.3,1,1,0,0,29.1,33.9,24.1,0.51,1,26.52631578947368,2.368421052631579,8.282053581344663,0.3977867688189668,0.03139188809843008,No,No,Normal,Safe,Stable
45317.66666666666,January,275.82,95.27,2,27.47,6.34,7.98,3.3,1,1,0,0,29.1,33.9,24.1,0.51,1,26.57894736842105,2.105263157894737,8.287169308110842,0.3964261724632391,0.03257405337407386,Yes,No,Normal,Safe,Stable
45317.70833333334,January,275.82,95.27,2,27.47,6.34,7.98,3.3,1,1,0,0,29.1,33.9,24.1,0.51,1,26.63157894736842,1.842105263157895,8.292285034877022,0.3950655761075114,0.03375621864971764,No,No,Normal,Safe,Stable
45317.75,January,275.82,95.27,2,27.47,6.34,7.98,3.3,1,1,0,0,29.1,33.9,24.1,0.51,1,26.68421052631579,1.578947368421053,8.297400761643203,0.3937049797517838,0.03493838392536142,Yes,No,Normal,Safe,Stable
45317.79166666666,January,275.82,95.27,2,27.47,6.34,7.98,3.3,1,1,0,0,29.1,33.9,24.1,0.51,1,26.73684210526316,1.315789473684211,8.302516488409383,0.392344383396056,0.0361205492010052,No,No,Normal,Safe,Stable
45317.83333333334,January,275.82,95.27,2,27.47,6.34,7.98,3.3,1,1,0,1,29.1,33.9,24.1,0.51,1,26.78947368421053,1.052631578947369,8.307632215175564,0.3909837870403284,0.03730271447664898,Yes,No,Normal,Safe,Stable
45317.875,January,275.82,95.27,2,27.47,6.34,7.98,3.3,1,1,0,0,29.1,33.9,24.1,0.51,1,26.84210526315789,0.7894736842105265,8.312747941941744,0.3896231906846007,0.03848487975229277,No,No,Normal,Safe,Stable
45317.91666666666,January,275.82,95.27,2,27.47,6.34,7.98,3.3,1,1,0,0,29.1,33.9,24.1,0.51,1,26.89473684210526,0.5263157894736841,8.317863668707924,0.388262594328873,0.03966704502793655,Yes,No,Normal,Safe,Stable
45317.95833333334,January,275.82,95.27,2,27.47,6.34,7.98,3.3,1,1,0,0,29.1,33.9,24.1,0.51,1,26.94736842105263,0.2631578947368425,8.322979395474105,0.3869019979731453,0.04084921030358032,No,No,Normal,Safe,Stable
45318,January,275.82,95.27,2,27.47,6.34,7.98,3.3,1,1,0,0,29.1,33.9,24.1,0.51,1,27,0,8.328095122240285,0.3855414016174176,0.04203137557922411,Yes,No,Normal,Safe,Stable
45318.04166666666,January,275.82,95.27,2,27.47,6.34,7.98,3.3,1,1,0,0,29.1,33.9,24.1,0.51,1,27,1,8.100446449999998,0.9313276038566229,0.04430494375593524,No,No,Normal,Safe,Stable
45318.08333333334,January,275.82,95.27,2,27.47,6.34,7.98,3.3,1,1,0,0,29.1,33.9,24.1,0.51,1,27,2,7.632638643096164,0.9464728773782165,0.01779107724761138,Yes,No,Normal,Safe,Stable
45318.125,January,275.82,95.27,2,27.47,6.34,7.98,3.3,1,1,0,0,29.1,33.9,24.1,0.51,1,27,3,8.411680392494558,0.2134932959090809,1.001963533607653,No,No,Normal,Safe,Stable
45318.16666666666,January,275.82,95.27,2,27.47,6.34,7.98,3.3,1,1,1,0,29.1,33.9,24.1,0.51,1,27,4,7.589045993884198,0.3056376949921255,0.8825768692010171,Yes,No,Normal,Safe,Stable
45318.20833333334,January,275.82,95.27,2,27.47,6.34,7.98,3.3,1,1,0,0,29.1,33.9,24.1,0.51,1,27,5,8.420637126131076,0.36913184307754,0.02493094111164135,No,No,Normal,Safe,Stable
45318.25,January,275.82,95.27,2,27.47,6.34,7.98,3.3,1,1,0,0,29.1,33.9,24.1,0.51,1,27.05263157894737,4.736842105263158,8.381752073873377,0.3725004546224502,0.0230794661032329,Yes,No,Normal,Safe,Stable
45318.29166666666,January,275.82,95.27,2,27.47,6.34,7.98,3.3,1,1,0,0,29.1,33.9,24.1,0.51,1,27.10526315789474,4.473684210526316,8.342867021615678,0.3758690661673605,0.02122799109482446,No,No,Normal,Safe,Stable
45318.33333333334,January,275.82,95.27,2,27.47,6.34,7.98,3.3,1,1,0,0,29.1,33.9,24.1,0.51,1,27.15789473684211,4.210526315789473,8.303981969357979,0.3792376777122707,0.01937651608641601,Yes,No,Normal,Safe,Stable
45318.375,January,275.82,95.27,2,27.47,6.34,7.98,3.3,1,1,0,0,29.1,33.9,24.1,0.51,1,27.21052631578947,3.947368421052632,8.265096917100278,0.382606289257181,0.01752504107800756,No,No,Normal,Safe,Stable
45318.41666666666,January,275.82,95.27,2,27.47,6.34,7.98,3.3,1,1,0,0,29.1,33.9,24.1,0.51,1,27.26315789473684,3.684210526315789,8.226211864842579,0.3859749008020913,0.01567356606959911,Yes,No,Normal,Safe,Stable
45318.45833333334,January,275.82,95.27,2,27.47,6.34,7.98,3.3,1,1,0,0,29.1,33.9,24.1,0.51,1,27.31578947368421,3.421052631578947,8.18732681258488,0.3893435123470015,0.01382209106119066,No,No,Normal,Safe,Stable
45318.5,January,275.82,95.27,2,27.47,6.34,7.98,3.3,1,1,0,0,29.1,33.9,24.1,0.51,1,27.36842105263158,3.157894736842105,8.148441760327181,0.3927121238919118,0.01197061605278221,Yes,No,Normal,Safe,Stable
45318.54166666666,January,275.82,95.27,2,27.47,6.34,7.98,3.3,1,1,0,0,29.1,33.9,24.1,0.51,1,27.42105263157895,2.894736842105263,8.109556708069482,0.396080735436822,0.01011914104437376,No,No,Normal,Safe,Stable
45318.58333333334,January,275.82,95.27,2,27.47,6.34,7.98,3.3,1,1,1,0,29.1,33.9,24.1,0.51,1,27.47368421052632,2.631578947368421,8.070671655811783,0.3994493469817323,0.008267666035965314,Yes,No,Normal,Safe,Stable
45318.625,January,275.82,95.27,2,27.47,6.34,7.98,3.3,1,1,0,1,29.1,33.9,24.1,0.51,1,27.52631578947368,2.368421052631579,8.031786603554082,0.4028179585266426,0.006416191027556865,No,No,Normal,Safe,Stable
45318.66666666666,January,275.82,95.27,2,27.47,6.34,7.98,3.3,1,1,1,1,29.1,33.9,24.1,0.51,1,27.57894736842105,2.105263157894737,7.992901551296383,0.4061865700715528,0.004564716019148419,Yes,No,Normal,Safe,Stable
45318.70833333334,January,275.82,95.27,2,27.47,6.34,7.98,3.3,1,1,0,0,29.1,33.9,24.1,0.51,1,27.63157894736842,1.842105263157895,7.954016499038683,0.4095551816164631,0.00271324101073997,No,No,Normal,Safe,Stable
45318.75,January,275.82,95.27,2,27.47,6.34,7.98,3.3,1,1,1,0,29.1,33.9,24.1,0.51,1,27.68421052631579,1.578947368421053,7.915131446780984,0.4129237931613733,0.0008617660023315203,Yes,No,Normal,Safe,Stable
45318.79166666666,January,275.82,95.27,2,27.47,6.34,7.98,3.3,1,1,0,0,29.1,33.9,24.1,0.51,1,27.73684210526316,1.315789473684211,7.876246394523285,0.4162924047062836,-0.0009897090060769255,No,No,Normal,Safe,Stable
45318.83333333334,January,275.82,95.27,2,27.47,6.34,7.98,3.3,1,1,0,0,29.1,33.9,24.1,0.51,1,27.78947368421053,1.052631578947369,7.837361342265585,0.4196610162511938,-0.002841184014485375,Yes,No,Normal,Safe,Stable
45318.875,January,275.82,95.27,2,27.47,6.34,7.98,3.3,1,1,0,0,29.1,33.9,24.1,0.51,1,27.84210526315789,0.7894736842105265,7.798476290007886,0.4230296277961041,-0.004692659022893824,No,No,Normal,Safe,Stable
45318.91666666666,January,275.82,95.27,2,27.47,6.34,7.98,3.3,1,1,0,0,29.1,33.9,24.1,0.51,1,27.89473684210526,0.5263157894736841,7.759591237750187,0.4263982393410144,-0.00654413403130227,Yes,No,Normal,Safe,Stable
45318.95833333334,January,275.82,95.27,2,27.47,6.34,7.98,3.3,1,1,0,0,29.1,33.9,24.1,0.51,1,27.94736842105263,0.2631578947368425,7.720706185492487,0.4297668508859246,-0.008395609039710723,No,No,Normal,Safe,Stable
45319,January,275.82,95.27,2,27.47,6.34,7.98,3.3,1,1,0,1,29.1,33.9,24.1,0.51,1,28,0,7.681821133234788,0.4331354624308349,-0.01024708404811917,Yes,No,Normal,Safe,Stable
45319.04166666666,January,275.82,95.27,2,27.47,6.34,7.98,3.3,1,1,0,0,29.1,33.9,24.1,0.51,1,28,1,7.913342903515261,0.9913116620717569,0.02184747186397089,No,No,Normal,Safe,Stable
45319.08333333334,January,275.82,95.27,2,27.47,6.34,7.98,3.3,1,1,0,0,29.1,33.9,24.1,0.51,1,28,2,7.994654791392759,0.9908647835663705,0.01165890993902587,Yes,No,Normal,Safe,Stable
45319.125,January,275.82,95.27,2,27.47,6.34,7.98,3.3,1,1,0,0,29.1,33.9,24.1,0.51,1,28,3,7.771856980991554,0.975852854069718,0.008267954034347137,No,No,Normal,Safe,Stable
45319.16666666666,January,275.82,95.27,2,27.47,6.34,7.98,3.3,1,1,0,0,29.1,33.9,24.1,0.51,1,28,4,7.903824465126258,0.2550713558010916,0.848877370064994,Yes,No,Normal,Safe,Stable
45319.20833333334,January,275.82,95.27,2,27.47,6.34,7.98,3.3,1,1,1,0,29.1,33.9,24.1,0.51,1,28,5,8.408069969958149,0.3892575159838897,0.006679489542716807,No,No,Normal,Safe,Stable
45319.25,January,275.8450549450549,95.24560439560439,1.989010989010989,27.45934065934066,6.341428571428572,7.972967032967033,3.294395604395604,1.010989010989011,1.010989010989011,0,0,29.1,33.9,24.1,0.5065934065934066,1.010989010989011,27.7032967032967,4.945054945054945,8.402501523999344,0.3892667249483078,0.006990586115597653,Yes,No,Normal,Safe,Stable
45319.29166666666,January,275.8701098901099,95.22120879120878,1.978021978021978,27.44868131868132,6.342857142857143,7.965934065934066,3.288791208791209,1.021978021978022,1.021978021978022,0,0,29.1,33.9,24.1,0.5031868131868132,1.021978021978022,27.40659340659341,4.890109890109891,8.396933078040538,0.3892759339127259,0.007301682688478499,No,No,Normal,Safe,Stable
45319.33333333334,January,275.8951648351648,95.19681318681319,1.967032967032967,27.43802197802198,6.344285714285714,7.958901098901099,3.283186813186813,1.032967032967033,1.032967032967033,1,0,29.1,33.9,24.1,0.4997802197802198,1.032967032967033,27.10989010989011,4.835164835164835,8.391364632081734,0.389285142877144,0.007612779261359346,Yes,No,Normal,Safe,Stable
45319.375,January,275.9202197802198,95.17241758241758,1.956043956043956,27.42736263736264,6.345714285714285,7.951868131868133,3.277582417582417,1.043956043956044,1.043956043956044,1,0,29.1,33.9,24.1,0.4963736263736264,1.043956043956044,26.81318681318681,4.78021978021978,8.385796186122928,0.3892943518415621,0.007923875834240193,No,No,Normal,Safe,Stable
45319.41666666666,January,275.9452747252747,95.14802197802197,1.945054945054945,27.4167032967033,6.347142857142857,7.944835164835165,3.271978021978022,1.054945054945055,1.054945054945055,0,0,29.1,33.9,24.1,0.492967032967033,1.054945054945055,26.51648351648352,4.725274725274725,8.380227740164123,0.3893035608059802,0.008234972407121038,Yes,No,Normal,Safe,Stable
45319.45833333334,January,275.9703296703296,95.12362637362637,1.934065934065934,27.40604395604396,6.348571428571429,7.937802197802198,3.266373626373626,1.065934065934066,1.065934065934066,0,0,29.1,33.9,24.1,0.4895604395604396,1.065934065934066,26.21978021978022,4.670329670329671,8.374659294205317,0.3893127697703982,0.008546068980001886,No,No,Normal,Safe,Stable
45319.5,January,275.9953846153846,95.09923076923077,1.923076923076923,27.39538461538461,6.35,7.930769230769231,3.260769230769231,1.076923076923077,1.076923076923077,0,0,29.1,33.9,24.1,0.4861538461538462,1.076923076923077,25.92307692307692,4.615384615384615,8.369090848246513,0.3893219787348164,0.008857165552882733,Yes,No,Normal,Safe,Stable
45319.54166666666,January,276.0204395604396,95.07483516483516,1.912087912087912,27.38472527472527,6.351428571428571,7.923736263736264,3.255164835164835,1.087912087912088,1.087912087912088,0,0,29.1,33.9,24.1,0.4827472527472528,1.087912087912088,25.62637362637363,4.56043956043956,8.363522402287707,0.3893311876992345,0.009168262125763578,No,No,Normal,Safe,Stable
45319.58333333334,January,276.0454945054945,95.05043956043956,1.901098901098901,27.37406593406593,6.352857142857142,7.916703296703297,3.249560439560439,1.098901098901099,1.098901098901099,0,0,29.1,33.9,24.1,0.4793406593406593,1.098901098901099,25.32967032967033,4.505494505494505,8.357953956328902,0.3893403966636526,0.009479358698644426,Yes,No,Normal,Safe,Stable
45319.625,January,276.0705494505494,95.02604395604395,1.89010989010989,27.36340659340659,6.354285714285714,7.90967032967033,3.243956043956044,1.10989010989011,1.10989010989011,0,0,29.1,33.9,24.1,0.475934065934066,1.10989010989011,25.03296703296703,4.450549450549451,8.352385510370096,0.3893496056280706,0.009790455271525271,No,No,Normal,Safe,Stable
45319.66666666666,January,276.0956043956044,95.00164835164834,1.879120879120879,27.35274725274725,6.355714285714286,7.902637362637363,3.238351648351648,1.120879120879121,1.120879120879121,1,0,29.1,33.9,24.1,0.4725274725274725,1.120879120879121,24.73626373626374,4.395604395604396,8.346817064411292,0.3893588145924887,0.01010155184440612,Yes,No,Normal,Safe,Stable
45319.70833333334,January,276.1206593406594,94.97725274725275,1.868131868131868,27.34208791208791,6.357142857142857,7.895604395604396,3.232747252747253,1.131868131868132,1.131868131868132,1,1,29.1,33.9,24.1,0.4691208791208791,1.131868131868132,24.43956043956044,4.34065934065934,8.341248618452486,0.3893680235569069,0.01041264841728697,No,No,Normal,Safe,Stable
45319.75,January,276.1457142857143,94.95285714285714,1.857142857142857,27.33142857142857,6.358571428571429,7.888571428571429,3.227142857142857,1.142857142857143,1.142857142857143,1,0,29.1,33.9,24.1,0.4657142857142857,1.142857142857143,24.14285714285714,4.285714285714286,8.335680172493682,0.3893772325213249,0.01072374499016781,Yes,No,Normal,Safe,Stable
45319.79166666666,January,276.1707692307692,94.92846153846153,1.846153846153846,27.32076923076923,6.359999999999999,7.881538461538462,3.221538461538461,1.153846153846154,1.153846153846154,0,0,29.1,33.9,24.1,0.4623076923076923,1.153846153846154,23.84615384615385,4.230769230769231,8.330111726534875,0.389386441485743,0.01103484156304866,No,No,Normal,Safe,Stable
45319.83333333334,January,276.1958241758242,94.90406593406593,1.835164835164835,27.31010989010989,6.361428571428571,7.874505494505494,3.215934065934066,1.164835164835165,1.164835164835165,0,0,29.1,33.9,24.1,0.4589010989010989,1.164835164835165,23.54945054945055,4.175824175824176,8.324543280576071,0.3893956504501611,0.0113459381359295,Yes,No,Normal,Safe,Stable
45319.875,January,276.2208791208791,94.87967032967033,1.824175824175824,27.29945054945055,6.362857142857143,7.867472527472528,3.21032967032967,1.175824175824176,1.175824175824176,0,0,29.1,33.9,24.1,0.4554945054945055,1.175824175824176,23.25274725274725,4.12087912087912,8.318974834617265,0.3894048594145793,0.01165703470881035,No,No,Normal,Safe,Stable
45319.91666666666,January,276.2459340659341,94.85527472527473,1.813186813186813,27.28879120879121,6.364285714285714,7.860439560439561,3.204725274725275,1.186813186813187,1.186813186813187,0,0,29.1,33.9,24.1,0.4520879120879121,1.186813186813187,22.95604395604396,4.065934065934066,8.313406388658461,0.3894140683789973,0.0119681312816912,Yes,No,Normal,Safe,Stable
45319.95833333334,January,276.270989010989,94.83087912087912,1.802197802197802,27.27813186813187,6.365714285714286,7.853406593406594,3.199120879120879,1.197802197802198,1.197802197802198,0,0,29.1,33.9,24.1,0.4486813186813187,1.197802197802198,22.65934065934066,4.010989010989011,8.307837942699654,0.3894232773434154,0.01227922785457204,No,No,Normal,Safe,Stable
45320,January,276.2960439560439,94.80648351648351,1.791208791208791,27.26747252747253,6.367142857142857,7.846373626373627,3.193516483516484,1.208791208791209,1.208791208791209,0,0,29.1,33.9,24.1,0.4452747252747253,1.208791208791209,22.36263736263736,3.956043956043956,8.30226949674085,0.3894324863078335,0.01259032442745289,Yes,No,Normal,Safe,Stable
45320.04166666666,January,276.3210989010989,94.7820879120879,1.78021978021978,27.25681318681319,6.368571428571428,7.839340659340659,3.187912087912088,1.21978021978022,1.21978021978022,0,0,29.1,33.9,24.1,0.4418681318681319,1.21978021978022,22.06593406593407,3.901098901098901,8.296701050782046,0.3894416952722516,0.01290142100033374,No,No,Normal,Safe,Stable
45320.08333333334,January,276.3461538461539,94.75769230769231,1.769230769230769,27.24615384615385,6.37,7.832307692307692,3.182307692307692,1.230769230769231,1.230769230769231,0,0,29.1,33.9,24.1,0.4384615384615385,1.230769230769231,21.76923076923077,3.846153846153846,8.29113260482324,0.3894509042366697,0.01321251757321458,Yes,No,Normal,Safe,Stable
45320.125,January,276.3712087912088,94.7332967032967,1.758241758241758,27.2354945054945,6.371428571428571,7.825274725274726,3.176703296703296,1.241758241758242,1.241758241758242,0,0,29.1,33.9,24.1,0.4350549450549451,1.241758241758242,21.47252747252747,3.791208791208791,8.285564158864435,0.3894601132010878,0.01352361414609543,No,No,Normal,Safe,Stable
45320.16666666666,January,276.3962637362637,94.70890109890109,1.747252747252747,27.22483516483516,6.372857142857143,7.818241758241759,3.171098901098901,1.252747252747253,1.252747252747253,0,0,29.1,33.9,24.1,0.4316483516483517,1.252747252747253,21.17582417582418,3.736263736263736,8.279995712905629,0.3894693221655059,0.01383471071897628,Yes,No,Normal,Safe,Stable
45320.20833333334,January,276.4213186813187,94.68450549450549,1.736263736263736,27.21417582417582,6.374285714285715,7.811208791208792,3.165494505494505,1.263736263736264,1.263736263736264,0,0,29.1,33.9,24.1,0.4282417582417583,1.263736263736264,20.87912087912088,3.681318681318682,8.274427266946825,0.389478531129924,0.01414580729185712,No,No,Normal,Safe,Stable
45320.25,January,276.4463736263736,94.66010989010988,1.725274725274725,27.20351648351648,6.375714285714285,7.804175824175824,3.15989010989011,1.274725274725275,1.274725274725275,1,0,29.1,33.9,24.1,0.4248351648351649,1.274725274725275,20.58241758241758,3.626373626373626,8.268858820988019,0.3894877400943421,0.01445690386473797,Yes,No,Normal,Safe,Stable
45320.29166666666,January,276.4714285714286,94.63571428571429,1.714285714285714,27.19285714285714,6.377142857142857,7.797142857142857,3.154285714285714,1.285714285714286,1.285714285714286,1,0,29.1,33.9,24.1,0.4214285714285714,1.285714285714286,20.28571428571428,3.571428571428571,8.263290375029214,0.3894969490587602,0.01476800043761882,No,No,Normal,Safe,Stable
45320.33333333334,January,276.4964835164835,94.61131868131868,1.703296703296703,27.1821978021978,6.378571428571428,7.79010989010989,3.148681318681319,1.296703296703297,1.296703296703297,1,0,29.1,33.9,24.1,0.418021978021978,1.296703296703297,19.98901098901099,3.516483516483516,8.257721929070408,0.3895061580231783,0.01507909701049966,Yes,No,Normal,Safe,Stable
45320.375,January,276.5215384615385,94.58692307692307,1.692307692307692,27.17153846153846,6.38,7.783076923076924,3.143076923076923,1.307692307692308,1.307692307692308,0,0,29.1,33.9,24.1,0.4146153846153846,1.307692307692308,19.69230769230769,3.461538461538462,8.252153483111604,0.3895153669875964,0.01539019358338051,No,No,Normal,Safe,Stable
45320.41666666666,January,276.5465934065934,94.56252747252746,1.681318681318681,27.16087912087912,6.381428571428572,7.776043956043956,3.137472527472527,1.318681318681319,1.318681318681319,0,0,29.1,33.9,24.1,0.4112087912087912,1.318681318681319,19.39560439560439,3.406593406593407,8.246585037152798,0.3895245759520145,0.01570129015626135,Yes,No,Normal,Safe,Stable
45320.45833333334,January,276.5716483516484,94.53813186813187,1.67032967032967,27.15021978021978,6.382857142857143,7.769010989010989,3.131868131868132,1.32967032967033,1.32967032967033,0,0,29.1,33.9,24.1,0.4078021978021978,1.32967032967033,19.0989010989011,3.351648351648352,8.241016591193993,0.3895337849164326,0.0160123867291422,No,No,Normal,Safe,Stable
45320.5,January,276.5967032967033,94.51373626373626,1.659340659340659,27.13956043956044,6.384285714285714,7.761978021978022,3.126263736263736,1.340659340659341,1.340659340659341,0,1,29.1,33.9,24.1,0.4043956043956044,1.340659340659341,18.8021978021978,3.296703296703297,8.235448145235187,0.3895429938808507,0.01632348330202305,Yes,No,Normal,Safe,Stable
45320.54166666666,January,276.6217582417582,94.48934065934066,1.648351648351648,27.1289010989011,6.385714285714285,7.754945054945055,3.120659340659341,1.351648351648352,1.351648351648352,0,0,29.1,33.9,24.1,0.400989010989011,1.351648351648352,18.5054945054945,3.241758241758242,8.229879699276383,0.3895522028452688,0.0166345798749039,No,No,Normal,Safe,Stable
45320.58333333334,January,276.6468131868132,94.46494505494505,1.637362637362637,27.11824175824176,6.387142857142857,7.747912087912088,3.115054945054945,1.362637362637363,1.362637362637363,0,0,29.1,33.9,24.1,0.3975824175824176,1.362637362637363,18.20879120879121,3.186813186813187,8.224311253317577,0.3895614118096868,0.01694567644778474,Yes,No,Normal,Safe,Stable
45320.625,January,276.6718681318681,94.44054945054944,1.626373626373626,27.10758241758242,6.388571428571429,7.740879120879121,3.109450549450549,1.373626373626374,1.373626373626374,0,0,29.1,33.9,24.1,0.3941758241758242,1.373626373626374,17.91208791208791,3.131868131868132,8.218742807358772,0.3895706207741049,0.01725677302066559,No,No,Normal,Safe,Stable
45320.66666666666,January,276.6969230769231,94.41615384615385,1.615384615384615,27.09692307692308,6.39,7.733846153846154,3.103846153846154,1.384615384615385,1.384615384615385,0,0,29.1,33.9,24.1,0.3907692307692308,1.384615384615385,17.61538461538461,3.076923076923077,8.213174361399966,0.3895798297385231,0.01756786959354643,Yes,No,Normal,Safe,Stable
45320.70833333334,January,276.721978021978,94.39175824175824,1.604395604395604,27.08626373626374,6.391428571428571,7.726813186813187,3.098241758241758,1.395604395604396,1.395604395604396,0,0,29.1,33.9,24.1,0.3873626373626374,1.395604395604396,17.31868131868132,3.021978021978022,8.207605915441162,0.3895890387029411,0.01787896616642728,No,No,Normal,Safe,Stable
45320.75,January,276.747032967033,94.36736263736263,1.593406593406593,27.07560439560439,6.392857142857142,7.71978021978022,3.092637362637363,1.406593406593407,1.406593406593407,0,0,29.1,33.9,24.1,0.383956043956044,1.406593406593407,17.02197802197802,2.967032967032967,8.202037469482358,0.3895982476673592,0.01819006273930813,Yes,No,Normal,Safe,Stable
45320.79166666666,January,276.7720879120879,94.34296703296702,1.582417582417582,27.06494505494505,6.394285714285714,7.712747252747253,3.087032967032967,1.417582417582418,1.417582417582418,0,0,29.1,33.9,24.1,0.3805494505494506,1.417582417582418,16.72527472527472,2.912087912087912,8.196469023523552,0.3896074566317773,0.01850115931218898,No,No,Normal,Safe,Stable
45320.83333333334,January,276.7971428571429,94.31857142857143,1.571428571428571,27.05428571428572,6.395714285714286,7.705714285714286,3.081428571428571,1.428571428571429,1.428571428571429,0,0,29.1,33.9,24.1,0.3771428571428572,1.428571428571429,16.42857142857143,2.857142857142857,8.190900577564747,0.3896166655961955,0.01881225588506982,Yes,No,Normal,Safe,Stable
45320.875,January,276.8221978021978,94.29417582417582,1.56043956043956,27.04362637362637,6.397142857142857,7.698681318681319,3.075824175824176,1.43956043956044,1.43956043956044,0,1,29.1,33.9,24.1,0.3737362637362638,1.43956043956044,16.13186813186813,2.802197802197802,8.185332131605941,0.3896258745606135,0.01912335245795067,No,No,Normal,Safe,Stable
45320.91666666666,January,276.8472527472528,94.26978021978022,1.549450549450549,27.03296703296703,6.398571428571429,7.691648351648352,3.07021978021978,1.450549450549451,1.450549450549451,0,0,29.1,33.9,24.1,0.3703296703296703,1.450549450549451,15.83516483516484,2.747252747252747,8.179763685647137,0.3896350835250316,0.01943444903083151,Yes,No,Normal,Safe,Stable
45320.95833333334,January,276.8723076923077,94.24538461538461,1.538461538461538,27.02230769230769,6.399999999999999,7.684615384615385,3.064615384615385,1.461538461538462,1.461538461538462,0,0,29.1,33.9,24.1,0.3669230769230769,1.461538461538462,15.53846153846154,2.692307692307693,8.174195239688331,0.3896442924894497,0.01974554560371236,No,No,Normal,Safe,Stable
45321,January,276.8973626373626,94.220989010989,1.527472527472527,27.01164835164835,6.401428571428571,7.677582417582418,3.059010989010989,1.472527472527473,1.472527472527473,1,0,29.1,33.9,24.1,0.3635164835164835,1.472527472527473,15.24175824175824,2.637362637362637,8.168626793729526,0.3896535014538678,0.02005664217659321,Yes,No,Normal,Safe,Stable
45321.04166666666,January,276.9224175824176,94.19659340659341,1.516483516483516,27.00098901098901,6.402857142857143,7.67054945054945,3.053406593406593,1.483516483516484,1.483516483516484,0,0,29.1,33.9,24.1,0.3601098901098901,1.483516483516484,14.94505494505495,2.582417582417583,8.16305834777072,0.3896627104182859,0.02036773874947405,No,No,Normal,Safe,Stable
45321.08333333334,January,276.9474725274725,94.1721978021978,1.505494505494505,26.99032967032967,6.404285714285714,7.663516483516483,3.047802197802198,1.494505494505495,1.494505494505495,0,0,29.1,33.9,24.1,0.3567032967032967,1.494505494505495,14.64835164835165,2.527472527472527,8.157489901811916,0.389671919382704,0.0206788353223549,Yes,No,Normal,Safe,Stable
45321.125,January,276.9725274725275,94.14780219780219,1.494505494505495,26.97967032967033,6.405714285714286,7.656483516483517,3.042197802197802,1.505494505494505,1.505494505494505,0,0,29.1,33.9,24.1,0.3532967032967033,1.505494505494505,14.35164835164835,2.472527472527473,8.15192145585311,0.3896811283471221,0.02098993189523575,No,No,Normal,Safe,Stable
45321.16666666666,January,276.9975824175824,94.12340659340659,1.483516483516484,26.96901098901099,6.407142857142857,7.64945054945055,3.036593406593406,1.516483516483516,1.516483516483516,0,0,29.1,33.9,24.1,0.3498901098901099,1.516483516483516,14.05494505494505,2.417582417582417,8.146353009894305,0.3896903373115402,0.02130102846811659,Yes,No,Normal,Safe,Stable
45321.20833333334,January,277.0226373626374,94.09901098901099,1.472527472527473,26.95835164835165,6.408571428571428,7.642417582417583,3.030989010989011,1.527472527472527,1.527472527472527,0,1,29.1,33.9,24.1,0.3464835164835165,1.527472527472527,13.75824175824176,2.362637362637363,8.140784563935499,0.3896995462759583,0.02161212504099744,No,No,Normal,Safe,Stable
45321.25,January,277.0476923076923,94.07461538461538,1.461538461538461,26.94769230769231,6.41,7.635384615384615,3.025384615384615,1.538461538461539,1.538461538461539,0,0,29.1,33.9,24.1,0.3430769230769231,1.538461538461539,13.46153846153846,2.307692307692308,8.135216117976695,0.3897087552403764,0.02192322161387828,Yes,No,Normal,Safe,Stable
45321.29166666666,January,277.0727472527473,94.05021978021978,1.450549450549451,26.93703296703297,6.411428571428571,7.628351648351648,3.01978021978022,1.549450549450549,1.549450549450549,0,0,29.1,33.9,24.1,0.3396703296703297,1.549450549450549,13.16483516483516,2.252747252747253,8.129647672017889,0.3897179642047945,0.02223431818675913,No,No,Normal,Safe,Stable
45321.33333333334,January,277.0978021978022,94.02582417582417,1.43956043956044,26.92637362637362,6.412857142857143,7.621318681318681,3.014175824175824,1.56043956043956,1.56043956043956,0,0,29.1,33.9,24.1,0.3362637362637363,1.56043956043956,12.86813186813187,2.197802197802198,8.124079226059084,0.3897271731692126,0.02254541475963998,Yes,No,Normal,Safe,Stable
45321.375,January,277.1228571428571,94.00142857142856,1.428571428571428,26.91571428571428,6.414285714285714,7.614285714285715,3.008571428571428,1.571428571428572,1.571428571428572,0,0,29.1,33.9,24.1,0.3328571428571429,1.571428571428572,12.57142857142857,2.142857142857143,8.118510780100278,0.3897363821336307,0.02285651133252082,No,No,Normal,Safe,Stable
45321.41666666666,January,277.1479120879121,93.97703296703297,1.417582417582417,26.90505494505495,6.415714285714285,7.607252747252748,3.002967032967033,1.582417582417583,1.582417582417583,1,0,29.1,33.9,24.1,0.3294505494505495,1.582417582417583,12.27472527472528,2.087912087912088,8.112942334141474,0.3897455910980488,0.02316760790540167,Yes,No,Normal,Safe,Stable
45321.45833333334,January,277.1729670329671,93.95263736263736,1.406593406593406,26.8943956043956,6.417142857142857,7.60021978021978,2.997362637362637,1.593406593406594,1.593406593406594,0,0,29.1,33.9,24.1,0.3260439560439561,1.593406593406594,11.97802197802198,2.032967032967033,8.107373888182668,0.3897548000624669,0.02347870447828252,No,No,Normal,Safe,Stable
45321.5,January,277.198021978022,93.92824175824175,1.395604395604396,26.88373626373626,6.418571428571428,7.593186813186813,2.991758241758242,1.604395604395604,1.604395604395604,0,0,29.1,33.9,24.1,0.3226373626373626,1.604395604395604,11.68131868131868,1.978021978021978,8.101805442223863,0.389764009026885,0.02378980105116336,Yes,No,Normal,Safe,Stable
45321.54166666666,January,277.2230769230769,93.90384615384615,1.384615384615385,26.87307692307692,6.42,7.586153846153846,2.986153846153846,1.615384615384615,1.615384615384615,0,1,29.1,33.9,24.1,0.3192307692307693,1.615384615384615,11.38461538461538,1.923076923076923,8.096236996265059,0.389773217991303,0.02410089762404421,No,No,Normal,Safe,Stable
45321.58333333334,January,277.2481318681319,93.87945054945055,1.373626373626374,26.86241758241758,6.421428571428571,7.579120879120879,2.980549450549451,1.626373626373626,1.626373626373626,0,0,29.1,33.9,24.1,0.3158241758241759,1.626373626373626,11.08791208791209,1.868131868131868,8.090668550306253,0.3897824269557212,0.02441199419692506,Yes,No,Normal,Safe,Stable
45321.625,January,277.2731868131868,93.85505494505495,1.362637362637363,26.85175824175824,6.422857142857143,7.572087912087913,2.974945054945055,1.637362637362637,1.637362637362637,0,0,29.1,33.9,24.1,0.3124175824175824,1.637362637362637,10.79120879120879,1.813186813186813,8.085100104347449,0.3897916359201393,0.0247230907698059,No,No,Normal,Safe,Stable
45321.66666666666,January,277.2982417582418,93.83065934065934,1.351648351648352,26.8410989010989,6.424285714285714,7.565054945054945,2.969340659340659,1.648351648351648,1.648351648351648,0,0,29.1,33.9,24.1,0.309010989010989,1.648351648351648,10.49450549450549,1.758241758241758,8.079531658388643,0.3898008448845574,0.02503418734268675,Yes,No,Normal,Safe,Stable
45321.70833333334,January,277.3232967032967,93.80626373626373,1.340659340659341,26.83043956043956,6.425714285714285,7.558021978021978,2.963736263736264,1.659340659340659,1.659340659340659,0,0,29.1,33.9,24.1,0.3056043956043956,1.659340659340659,10.1978021978022,1.703296703296703,8.073963212429838,0.3898100538489754,0.0253452839155676,No,No,Normal,Safe,Stable
45321.75,January,277.3483516483516,93.78186813186812,1.32967032967033,26.81978021978022,6.427142857142857,7.550989010989011,2.958131868131868,1.67032967032967,1.67032967032967,0,0,29.1,33.9,24.1,0.3021978021978022,1.67032967032967,9.901098901098901,1.648351648351648,8.068394766471032,0.3898192628133935,0.02565638048844844,Yes,No,Normal,Safe,Stable
45321.79166666666,January,277.3734065934066,93.75747252747253,1.318681318681319,26.80912087912088,6.428571428571428,7.543956043956044,2.952527472527473,1.681318681318681,1.681318681318681,0,0,29.1,33.9,24.1,0.2987912087912088,1.681318681318681,9.604395604395606,1.593406593406594,8.062826320512228,0.3898284717778117,0.02596747706132929,No,No,Normal,Safe,Stable
45321.83333333334,January,277.3984615384616,93.73307692307692,1.307692307692307,26.79846153846154,6.43,7.536923076923077,2.946923076923077,1.692307692307693,1.692307692307693,0,0,29.1,33.9,24.1,0.2953846153846154,1.692307692307693,9.307692307692307,1.538461538461538,8.057257874553422,0.3898376807422297,0.02627857363421014,Yes,No,Normal,Safe,Stable
45321.875,January,277.4235164835165,93.70868131868131,1.296703296703297,26.7878021978022,6.431428571428571,7.52989010989011,2.941318681318681,1.703296703296703,1.703296703296703,0,0,29.1,33.9,24.1,0.291978021978022,1.703296703296703,9.010989010989011,1.483516483516484,8.051689428594617,0.3898468897066478,0.02658967020709098,No,No,Normal,Safe,Stable
45321.91666666666,January,277.4485714285714,93.68428571428571,1.285714285714286,26.77714285714286,6.432857142857142,7.522857142857143,2.935714285714285,1.714285714285714,1.714285714285714,0,0,29.1,33.9,24.1,0.2885714285714286,1.714285714285714,8.714285714285715,1.428571428571429,8.046120982635811,0.3898560986710659,0.02690076677997183,Yes,No,Normal,Safe,Stable
45321.95833333334,January,277.4736263736264,93.65989010989011,1.274725274725275,26.76648351648351,6.434285714285714,7.515824175824176,2.93010989010989,1.725274725274725,1.725274725274725,0,0,29.1,33.9,24.1,0.2851648351648352,1.725274725274725,8.417582417582416,1.373626373626374,8.040552536677007,0.389865307635484,0.02721186335285268,No,No,Normal,Safe,Stable
45322,January,277.4986813186813,93.63549450549451,1.263736263736264,26.75582417582418,6.435714285714285,7.508791208791209,2.924505494505494,1.736263736263736,1.736263736263736,1,0,29.1,33.9,24.1,0.2817582417582418,1.736263736263736,8.12087912087912,1.318681318681319,8.034984090718201,0.3898745165999021,0.02752295992573352,Yes,No,Normal,Safe,Stable
45322.04166666666,January,277.5237362637363,93.6110989010989,1.252747252747253,26.74516483516484,6.437142857142857,7.501758241758242,2.918901098901099,1.747252747252747,1.747252747252747,0,0,29.1,33.9,24.1,0.2783516483516484,1.747252747252747,7.824175824175825,1.263736263736264,8.029415644759396,0.3898837255643202,0.02783405649861437,No,No,Normal,Safe,Stable
45322.08333333334,January,277.5487912087912,93.58670329670329,1.241758241758242,26.73450549450549,6.438571428571429,7.494725274725274,2.913296703296703,1.758241758241758,1.758241758241758,0,1,29.1,33.9,24.1,0.2749450549450549,1.758241758241758,7.527472527472529,1.208791208791209,8.02384719880059,0.3898929345287383,0.02814515307149522,Yes,No,Normal,Safe,Stable
45322.125,January,277.5738461538461,93.56230769230768,1.230769230769231,26.72384615384615,6.44,7.487692307692308,2.907692307692308,1.769230769230769,1.769230769230769,0,0,29.1,33.9,24.1,0.2715384615384616,1.769230769230769,7.23076923076923,1.153846153846154,8.018278752841786,0.3899021434931564,0.02845624964437606,No,No,Normal,Safe,Stable
45322.16666666666,January,277.5989010989011,93.53791208791209,1.21978021978022,26.71318681318681,6.441428571428571,7.480659340659341,2.902087912087912,1.78021978021978,1.78021978021978,0,0,29.1,33.9,24.1,0.2681318681318682,1.78021978021978,6.934065934065934,1.098901098901099,8.01271030688298,0.3899113524575745,0.02876734621725691,Yes,No,Normal,Safe,Stable
45322.20833333334,January,277.6239560439561,93.51351648351648,1.208791208791209,26.70252747252747,6.442857142857143,7.473626373626374,2.896483516483516,1.791208791208791,1.791208791208791,0,0,29.1,33.9,24.1,0.2647252747252747,1.791208791208791,6.637362637362639,1.043956043956044,8.007141860924175,0.3899205614219926,0.02907844279013775,No,No,Normal,Safe,Stable
45322.25,January,277.649010989011,93.48912087912088,1.197802197802198,26.69186813186813,6.444285714285714,7.466593406593407,2.890879120879121,1.802197802197802,1.802197802197802,1,0,29.1,33.9,24.1,0.2613186813186814,1.802197802197802,6.340659340659339,0.9890109890109891,8.001573414965371,0.3899297703864107,0.0293895393630186,Yes,No,Normal,Safe,Stable
45322.29166666666,January,277.6740659340659,93.46472527472527,1.186813186813187,26.68120879120879,6.445714285714286,7.459560439560439,2.885274725274726,1.813186813186813,1.813186813186813,0,1,29.1,33.9,24.1,0.2579120879120879,1.813186813186813,6.043956043956044,0.9340659340659343,7.996004969006565,0.3899389793508288,0.02970063593589945,No,No,Normal,Safe,Stable
45322.33333333334,January,277.6991208791209,93.44032967032966,1.175824175824176,26.67054945054945,6.447142857142857,7.452527472527472,2.87967032967033,1.824175824175824,1.824175824175824,0,0,29.1,33.9,24.1,0.2545054945054945,1.824175824175824,5.747252747252748,0.8791208791208796,7.99043652304776,0.3899481883152469,0.03001173250878029,Yes,No,Normal,Safe,Stable
45322.375,January,277.7241758241759,93.41593406593407,1.164835164835165,26.65989010989011,6.448571428571428,7.445494505494505,2.874065934065934,1.835164835164835,1.835164835164835,0,0,29.1,33.9,24.1,0.2510989010989012,1.835164835164835,5.450549450549449,0.8241758241758239,7.984868077088954,0.389957397279665,0.03032282908166114,No,No,Normal,Safe,Stable
45322.41666666666,January,277.7492307692308,93.39153846153846,1.153846153846154,26.64923076923077,6.45,7.438461538461539,2.868461538461538,1.846153846153846,1.846153846153846,0,0,29.1,33.9,24.1,0.2476923076923077,1.846153846153846,5.153846153846153,0.7692307692307692,7.979299631130149,0.3899666062440831,0.03063392565454199,Yes,No,Normal,Safe,Stable
45322.45833333334,January,277.7742857142857,93.36714285714285,1.142857142857143,26.63857142857143,6.451428571428571,7.431428571428571,2.862857142857143,1.857142857142857,1.857142857142857,0,0,29.1,33.9,24.1,0.2442857142857143,1.857142857142857,4.857142857142858,0.7142857142857144,7.973731185171344,0.3899758152085012,0.03094502222742283,No,No,Normal,Safe,Stable
45322.5,January,277.7993406593407,93.34274725274724,1.131868131868132,26.62791208791209,6.452857142857143,7.424395604395604,2.857252747252747,1.868131868131868,1.868131868131868,0,1,29.1,33.9,24.1,0.2408791208791209,1.868131868131868,4.560439560439562,0.6593406593406597,7.968162739212539,0.3899850241729192,0.03125611880030368,Yes,No,Normal,Safe,Stable
45322.54166666666,January,277.8243956043956,93.31835164835165,1.120879120879121,26.61725274725275,6.454285714285714,7.417362637362637,2.851648351648352,1.879120879120879,1.879120879120879,0,1,29.1,33.9,24.1,0.2374725274725275,1.879120879120879,4.263736263736263,0.604395604395604,7.962594293253733,0.3899942331373374,0.03156721537318453,No,No,Normal,Safe,Stable
45322.58333333334,January,277.8494505494506,93.29395604395604,1.10989010989011,26.60659340659341,6.455714285714286,7.41032967032967,2.846043956043956,1.89010989010989,1.89010989010989,0,0,29.1,33.9,24.1,0.2340659340659341,1.89010989010989,3.967032967032967,0.5494505494505493,7.957025847294928,0.3900034421017555,0.03187831194606538,Yes,No,Normal,Safe,Stable
45322.625,January,277.8745054945055,93.26956043956044,1.098901098901099,26.59593406593407,6.457142857142857,7.403296703296704,2.84043956043956,1.901098901098901,1.901098901098901,0,0,29.1,33.9,24.1,0.2306593406593407,1.901098901098901,3.670329670329672,0.4945054945054945,7.951457401336123,0.3900126510661736,0.03218940851894622,No,No,Normal,Safe,Stable
45322.66666666666,January,277.8995604395604,93.24516483516483,1.087912087912088,26.58527472527473,6.458571428571428,7.396263736263736,2.834835164835165,1.912087912087912,1.912087912087912,1,0,29.1,33.9,24.1,0.2272527472527473,1.912087912087912,3.373626373626372,0.4395604395604398,7.945888955377319,0.3900218600305916,0.03250050509182707,Yes,No,Normal,Safe,Stable
45322.70833333334,January,277.9246153846154,93.22076923076922,1.076923076923077,26.57461538461538,6.46,7.389230769230769,2.829230769230769,1.923076923076923,1.923076923076923,0,0,29.1,33.9,24.1,0.2238461538461539,1.923076923076923,3.076923076923077,0.384615384615385,7.940320509418513,0.3900310689950097,0.03281160166470792,No,No,Normal,Safe,Stable
45322.75,January,277.9496703296704,93.19637362637363,1.065934065934066,26.56395604395604,6.461428571428571,7.382197802197802,2.823626373626374,1.934065934065934,1.934065934065934,0,0,29.1,33.9,24.1,0.2204395604395605,1.934065934065934,2.780219780219781,0.3296703296703294,7.934752063459708,0.3900402779594279,0.03312269823758876,Yes,No,Normal,Safe,Stable
45322.79166666666,January,277.9747252747253,93.17197802197802,1.054945054945055,26.5532967032967,6.462857142857143,7.375164835164835,2.818021978021978,1.945054945054945,1.945054945054945,0,0,29.1,33.9,24.1,0.217032967032967,1.945054945054945,2.483516483516482,0.2747252747252746,7.929183617500903,0.3900494869238459,0.03343379481046961,No,No,Normal,Safe,Stable
45322.83333333334,January,277.9997802197802,93.14758241758241,1.043956043956044,26.54263736263736,6.464285714285714,7.368131868131868,2.812417582417583,1.956043956043956,1.956043956043956,1,1,29.1,33.9,24.1,0.2136263736263737,1.956043956043956,2.186813186813186,0.2197802197802199,7.923615171542098,0.390058695888264,0.03374489138335045,Yes,No,Normal,Safe,Stable
45322.875,January,278.0248351648352,93.12318681318681,1.032967032967033,26.53197802197802,6.465714285714285,7.361098901098901,2.806813186813187,1.967032967032967,1.967032967032967,0,0,29.1,33.9,24.1,0.2102197802197803,1.967032967032967,1.890109890109891,0.1648351648351651,7.918046725583292,0.3900679048526821,0.0340559879562313,No,No,Normal,Safe,Stable
45322.91666666666,January,278.0498901098902,93.09879120879121,1.021978021978022,26.52131868131868,6.467142857142857,7.354065934065934,2.801208791208791,1.978021978021978,1.978021978021978,0,0,29.1,33.9,24.1,0.2068131868131868,1.978021978021978,1.593406593406595,0.1098901098901104,7.912478279624487,0.3900771138171003,0.03436708452911215,Yes,No,Normal,Safe,Stable
45322.95833333334,January,278.0749450549451,93.0743956043956,1.010989010989011,26.51065934065934,6.468571428571428,7.347032967032967,2.795604395604395,1.989010989010989,1.989010989010989,0,0,29.1,33.9,24.1,0.2034065934065935,1.989010989010989,1.296703296703296,0.05494505494505475,7.906909833665682,0.3900863227815183,0.03467818110199299,No,No,Normal,Safe,Stable
45323,February,278.1,93.05,1,26.5,6.47,7.34,2.79,2,2,1,0,29.1,33.9,24.1,0.2,2,1,0,7.901341387706877,0.3900955317459364,0.03498927767487384,Yes,No,Normal,Safe,Stable
45323.04166666666,February,278.1,93.05,1,26.5,6.47,7.34,2.79,2,2,1,0,29.1,33.9,24.1,0.2,2,1,1,8.416189349451189,0.3758333290886435,0.1450769092903872,No,No,Normal,Safe,Stable
45323.08333333334,February,278.1,93.05,1,26.5,6.47,7.34,2.79,2,2,1,0,29.1,33.9,24.1,0.2,2,1,2,7.841009256207969,0.3144182031486825,0.432533187735654,Yes,No,Normal,Safe,Stable
45323.125,February,278.1,93.05,1,26.5,6.47,7.34,2.79,2,2,0,0,29.1,33.9,24.1,0.2,2,1,3,8.253273261754209,0.9677335844180344,0.03178380717327807,No,No,Normal,Safe,Stable
45323.16666666666,February,278.1,93.05,1,26.5,6.47,7.34,2.79,2,2,0,0,29.1,33.9,24.1,0.2,2,1,4,7.923285980423189,1.001951157631107,-0.002237847883294597,Yes,No,Normal,Safe,Stable
45323.20833333334,February,278.1,93.05,1,26.5,6.47,7.34,2.79,2,2,0,0,29.1,33.9,24.1,0.2,2,1,5,7.795303251774645,0.37009758084794,-0.01615641751546476,No,No,Normal,Safe,Stable
45323.25,February,278.1,93.05,1,26.5,6.47,7.34,2.79,2,2,0,0,29.1,33.9,24.1,0.2,2,1.052631578947368,4.736842105263158,7.820385116435209,0.3701894842235546,-0.01682249117389584,Yes,No,Normal,Safe,Stable
45323.29166666666,February,278.1,93.05,1,26.5,6.47,7.34,2.79,2,2,0,0,29.1,33.9,24.1,0.2,2,1.105263157894737,4.473684210526316,7.845466981095773,0.3702813875991693,-0.01748856483232693,No,No,Normal,Safe,Stable
45323.33333333334,February,278.1,93.05,1,26.5,6.47,7.34,2.79,2,2,0,0,29.1,33.9,24.1,0.2,2,1.157894736842105,4.210526315789473,7.870548845756336,0.370373290974784,-0.01815463849075801,Yes,No,Normal,Safe,Stable
45323.375,February,278.1,93.05,1,26.5,6.47,7.34,2.79,2,2,0,0,29.1,33.9,24.1,0.2,2,1.210526315789474,3.947368421052632,7.8956307104169,0.3704651943503987,-0.01882071214918909,No,No,Normal,Safe,Stable
45323.41666666666,February,278.1,93.05,1,26.5,6.47,7.34,2.79,2,2,0,0,29.1,33.9,24.1,0.2,2,1.263157894736842,3.684210526315789,7.920712575077464,0.3705570977260134,-0.01948678580762018,Yes,No,Normal,Safe,Stable
45323.45833333334,February,278.1,93.05,1,26.5,6.47,7.34,2.79,2,2,0,0,29.1,33.9,24.1,0.2,2,1.315789473684211,3.421052631578947,7.945794439738028,0.370649001101628,-0.02015285946605126,No,No,Normal,Safe,Stable
45323.5,February,278.1,93.05,1,26.5,6.47,7.34,2.79,2,2,1,0,29.1,33.9,24.1,0.2,2,1.368421052631579,3.157894736842105,7.970876304398591,0.3707409044772427,-0.02081893312448235,Yes,No,Normal,Safe,Stable
45323.54166666666,February,278.1,93.05,1,26.5,6.47,7.34,2.79,2,2,0,0,29.1,33.9,24.1,0.2,2,1.421052631578947,2.894736842105263,7.995958169059155,0.3708328078528574,-0.02148500678291343,No,No,Normal,Safe,Stable
45323.58333333334,February,278.1,93.05,1,26.5,6.47,7.34,2.79,2,2,0,1,29.1,33.9,24.1,0.2,2,1.473684210526316,2.631578947368421,8.021040033719718,0.370924711228472,-0.02215108044134451,Yes,No,Normal,Safe,Stable
45323.625,February,278.1,93.05,1,26.5,6.47,7.34,2.79,2,2,0,0,29.1,33.9,24.1,0.2,2,1.526315789473684,2.368421052631579,8.046121898380282,0.3710166146040867,-0.0228171540997756,No,No,Normal,Safe,Stable
45323.66666666666,February,278.1,93.05,1,26.5,6.47,7.34,2.79,2,2,0,0,29.1,33.9,24.1,0.2,2,1.578947368421053,2.105263157894737,8.071203763040845,0.3711085179797014,-0.02348322775820668,Yes,No,Normal,Safe,Stable
45323.70833333334,February,278.1,93.05,1,26.5,6.47,7.34,2.79,2,2,0,1,29.1,33.9,24.1,0.2,2,1.631578947368421,1.842105263157895,8.096285627701409,0.3712004213553161,-0.02414930141663776,No,No,Normal,Safe,Stable
45323.75,February,278.1,93.05,1,26.5,6.47,7.34,2.79,2,2,0,0,29.1,33.9,24.1,0.2,2,1.684210526315789,1.578947368421053,8.121367492361973,0.3712923247309308,-0.02481537507506885,Yes,No,Normal,Safe,Stable
45323.79166666666,February,278.1,93.05,1,26.5,6.47,7.34,2.79,2,2,0,0,29.1,33.9,24.1,0.2,2,1.736842105263158,1.315789473684211,8.146449357022536,0.3713842281065454,-0.02548144873349993,No,No,Normal,Safe,Stable
45323.83333333334,February,278.1,93.05,1,26.5,6.47,7.34,2.79,2,2,1,0,29.1,33.9,24.1,0.2,2,1.789473684210526,1.052631578947369,8.1715312216831,0.3714761314821601,-0.02614752239193101,Yes,No,Normal,Safe,Stable
45323.875,February,278.1,93.05,1,26.5,6.47,7.34,2.79,2,2,0,0,29.1,33.9,24.1,0.2,2,1.842105263157895,0.7894736842105265,8.196613086343664,0.3715680348577748,-0.0268135960503621,No,No,Normal,Safe,Stable
45323.91666666666,February,278.1,93.05,1,26.5,6.47,7.34,2.79,2,2,0,0,29.1,33.9,24.1,0.2,2,1.894736842105263,0.5263157894736841,8.221694951004228,0.3716599382333894,-0.02747966970879318,Yes,No,Normal,Safe,Stable
45323.95833333334,February,278.1,93.05,1,26.5,6.47,7.34,2.79,2,2,1,1,29.1,33.9,24.1,0.2,2,1.947368421052631,0.2631578947368425,8.246776815664791,0.3717518416090042,-0.02814574336722427,No,No,Normal,Safe,Stable
45324,February,278.1,93.05,1,26.5,6.47,7.34,2.79,2,2,0,1,29.1,33.9,24.1,0.2,2,2,0,8.271858680325355,0.3718437449846188,-0.02881181702565535,Yes,No,Normal,Safe,Stable
45324.04166666666,February,278.1,93.05,1,26.5,6.47,7.34,2.79,2,2,0,0,29.1,33.9,24.1,0.2,2,2,1,8.376187538574371,0.3382950133348288,0.1665996428033639,No,No,Normal,Safe,Stable
45324.08333333334,February,278.1,93.05,1,26.5,6.47,7.34,2.79,2,2,1,0,29.1,33.9,24.1,0.2,2,2,2,8.095653444228466,0.9428565307159834,0.00392361121665665,Yes,No,Normal,Safe,Stable
45324.125,February,278.1,93.05,1,26.5,6.47,7.34,2.79,2,2,0,0,29.1,33.9,24.1,0.2,2,2,3,8.212555668631753,0.4555492824797302,0.03864103836240728,No,No,Normal,Safe,Stable
45324.16666666666,February,278.1,93.05,1,26.5,6.47,7.34,2.79,2,2,1,0,29.1,33.9,24.1,0.2,2,2,4,8.350835282267122,0.9818070705159925,0.0311064334422896,Yes,No,Normal,Safe,Stable
45324.20833333334,February,278.1,93.05,1,26.5,6.47,7.34,2.79,2,2,0,0,29.1,33.9,24.1,0.2,2,2,5,7.871840199043284,0.9424255794421221,0.02468477090741456,No,No,Normal,Safe,Stable
45324.25,February,278.1,93.05,1,26.5,6.47,7.34,2.79,2,2,0,0,29.1,33.9,24.1,0.2,2,2.052631578947369,4.736842105263158,7.874895360070464,0.9134291699881356,0.02342439121643656,Yes,No,Normal,Safe,Stable
45324.29166666666,February,278.1,93.05,1,26.5,6.47,7.34,2.79,2,2,0,0,29.1,33.9,24.1,0.2,2,2.105263157894737,4.473684210526316,7.877950521097644,0.8844327605341491,0.02216401152545856,No,No,Normal,Safe,Stable
45324.33333333334,February,278.1,93.05,1,26.5,6.47,7.34,2.79,2,2,1,0,29.1,33.9,24.1,0.2,2,2.157894736842105,4.210526315789473,7.881005682124824,0.8554363510801626,0.02090363183448056,Yes,No,Normal,Safe,Stable
45324.375,February,278.1,93.05,1,26.5,6.47,7.34,2.79,2,2,0,0,29.1,33.9,24.1,0.2,2,2.210526315789473,3.947368421052632,7.884060843152004,0.826439941626176,0.01964325214350256,No,No,Normal,Safe,Stable
45324.41666666666,February,278.1,93.05,1,26.5,6.47,7.34,2.79,2,2,0,1,29.1,33.9,24.1,0.2,2,2.263157894736842,3.684210526315789,7.887116004179184,0.7974435321721894,0.01838287245252456,Yes,No,Normal,Safe,Stable
45324.45833333334,February,278.1,93.05,1,26.5,6.47,7.34,2.79,2,2,0,0,29.1,33.9,24.1,0.2,2,2.315789473684211,3.421052631578947,7.890171165206365,0.7684471227182029,0.01712249276154656,No,No,Normal,Safe,Stable
45324.5,February,278.1,93.05,1,26.5,6.47,7.34,2.79,2,2,0,0,29.1,33.9,24.1,0.2,2,2.368421052631579,3.157894736842105,7.893226326233544,0.7394507132642164,0.01586211307056856,Yes,No,Normal,Safe,Stable
45324.54166666666,February,278.1,93.05,1,26.5,6.47,7.34,2.79,2,2,1,0,29.1,33.9,24.1,0.2,2,2.421052631578947,2.894736842105263,7.896281487260724,0.7104543038102299,0.01460173337959056,No,No,Normal,Safe,Stable
45324.58333333334,February,278.1,93.05,1,26.5,6.47,7.34,2.79,2,2,0,0,29.1,33.9,24.1,0.2,2,2.473684210526316,2.631578947368421,7.899336648287904,0.6814578943562433,0.01334135368861256,Yes,No,Normal,Safe,Stable
45324.625,February,278.1,93.05,1,26.5,6.47,7.34,2.79,2,2,0,0,29.1,33.9,24.1,0.2,2,2.526315789473684,2.368421052631579,7.902391809315085,0.6524614849022567,0.01208097399763457,No,No,Normal,Safe,Stable
45324.66666666666,February,278.1,93.05,1,26.5,6.47,7.34,2.79,2,2,0,0,29.1,33.9,24.1,0.2,2,2.578947368421053,2.105263157894737,7.905446970342265,0.6234650754482702,0.01082059430665657,Yes,No,Normal,Safe,Stable
45324.70833333334,February,278.1,93.05,1,26.5,6.47,7.34,2.79,2,2,0,0,29.1,33.9,24.1,0.2,2,2.631578947368421,1.842105263157895,7.908502131369445,0.5944686659942837,0.009560214615678568,No,No,Normal,Safe,Stable
45324.75,February,278.1,93.05,1,26.5,6.47,7.34,2.79,2,2,0,0,29.1,33.9,24.1,0.2,2,2.684210526315789,1.578947368421053,7.911557292396624,0.5654722565402972,0.008299834924700569,Yes,No,Normal,Safe,Stable
45324.79166666666,February,278.1,93.05,1,26.5,6.47,7.34,2.79,2,2,0,0,29.1,33.9,24.1,0.2,2,2.736842105263158,1.315789473684211,7.914612453423805,0.5364758470863107,0.007039455233722569,No,No,Normal,Safe,Stable
45324.83333333334,February,278.1,93.05,1,26.5,6.47,7.34,2.79,2,2,0,0,29.1,33.9,24.1,0.2,2,2.789473684210527,1.052631578947369,7.917667614450985,0.5074794376323242,0.00577907554274457,Yes,No,Normal,Safe,Stable
45324.875,February,278.1,93.05,1,26.5,6.47,7.34,2.79,2,2,0,0,29.1,33.9,24.1,0.2,2,2.842105263157895,0.7894736842105265,7.920722775478165,0.4784830281783376,0.00451869585176657,No,No,Normal,Safe,Stable
45324.91666666666,February,278.1,93.05,1,26.5,6.47,7.34,2.79,2,2,0,0,29.1,33.9,24.1,0.2,2,2.894736842105263,0.5263157894736841,7.923777936505345,0.4494866187243511,0.003258316160788571,Yes,No,Normal,Safe,Stable
45324.95833333334,February,278.1,93.05,1,26.5,6.47,7.34,2.79,2,2,0,0,29.1,33.9,24.1,0.2,2,2.947368421052631,0.2631578947368425,7.926833097532525,0.4204902092703645,0.001997936469810571,No,No,Normal,Safe,Stable
45325,February,278.1,93.05,1,26.5,6.47,7.34,2.79,2,2,0,0,29.1,33.9,24.1,0.2,2,3,0,7.929888258559705,0.391493799816378,0.0007375567788325734,Yes,No,Normal,Safe,Stable
45325.04166666666,February,278.1,93.05,1,26.5,6.47,7.34,2.79,2,2,1,0,29.1,33.9,24.1,0.2,2,3,1,7.934713295270534,0.3410410966983086,0.1153361977025664,No,No,Normal,Safe,Stable
45325.08333333334,February,278.1,93.05,1,26.5,6.47,7.34,2.79,2,2,0,0,29.1,33.9,24.1,0.2,2,3,2,8.281649690194978,0.3309823818505555,0.4615662096678603,Yes,No,Normal,Safe,Stable
45325.125,February,278.1,93.05,1,26.5,6.47,7.34,2.79,2,2,1,0,29.1,33.9,24.1,0.2,2,3,3,8.632268284123732,0.1914660240191384,0.886537768966539,No,No,Normal,Safe,Stable
45325.16666666666,February,278.1,93.05,1,26.5,6.47,7.34,2.79,2,2,1,1,29.1,33.9,24.1,0.2,2,3,4,7.802453976130669,0.9897048334255709,0.003096736692794437,Yes,No,Normal,Safe,Stable
45325.20833333334,February,278.1,93.05,1,26.5,6.47,7.34,2.79,2,2,0,0,29.1,33.9,24.1,0.2,2,3,5,8.042244263335851,0.9092742080233854,0.02087350074537962,No,No,Normal,Safe,Stable
45325.25,February,278.1,93.05,1,26.5,6.47,7.34,2.79,2,2,0,0,29.1,33.9,24.1,0.2,2,3.052631578947369,4.736842105263158,8.026314557246003,0.8821087094159131,0.0203399073406256,Yes,No,Normal,Safe,Stable
45325.29166666666,February,278.1,93.05,1,26.5,6.47,7.34,2.79,2,2,0,0,29.1,33.9,24.1,0.2,2,3.105263157894737,4.473684210526316,8.010384851156156,0.8549432108084407,0.01980631393587158,No,No,Normal,Safe,Stable
45325.33333333334,February,278.1,93.05,1,26.5,6.47,7.34,2.79,2,2,0,0,29.1,33.9,24.1,0.2,2,3.157894736842105,4.210526315789473,7.994455145066307,0.8277777122009684,0.01927272053111756,Yes,No,Normal,Safe,Stable
45325.375,February,278.1,93.05,1,26.5,6.47,7.34,2.79,2,2,1,0,29.1,33.9,24.1,0.2,2,3.210526315789473,3.947368421052632,7.978525438976459,0.8006122135934961,0.01873912712636354,No,No,Normal,Safe,Stable
45325.41666666666,February,278.1,93.05,1,26.5,6.47,7.34,2.79,2,2,0,0,29.1,33.9,24.1,0.2,2,3.263157894736842,3.684210526315789,7.96259573288661,0.7734467149860238,0.01820553372160951,Yes,No,Normal,Safe,Stable
45325.45833333334,February,278.1,93.05,1,26.5,6.47,7.34,2.79,2,2,0,1,29.1,33.9,24.1,0.2,2,3.315789473684211,3.421052631578947,7.946666026796763,0.7462812163785514,0.01767194031685549,No,No,Normal,Safe,Stable
45325.5,February,278.1,93.05,1,26.5,6.47,7.34,2.79,2,2,0,0,29.1,33.9,24.1,0.2,2,3.368421052631579,3.157894736842105,7.930736320706914,0.7191157177710791,0.01713834691210147,Yes,No,Normal,Safe,Stable
45325.54166666666,February,278.1,93.05,1,26.5,6.47,7.34,2.79,2,2,0,0,29.1,33.9,24.1,0.2,2,3.421052631578947,2.894736842105263,7.914806614617066,0.6919502191636067,0.01660475350734745,No,No,Normal,Safe,Stable
45325.58333333334,February,278.1,93.05,1,26.5,6.47,7.34,2.79,2,2,1,1,29.1,33.9,24.1,0.2,2,3.473684210526316,2.631578947368421,7.898876908527218,0.6647847205561344,0.01607116010259343,Yes,No,Normal,Safe,Stable
45325.625,February,278.1,93.05,1,26.5,6.47,7.34,2.79,2,2,0,0,29.1,33.9,24.1,0.2,2,3.526315789473684,2.368421052631579,7.88294720243737,0.6376192219486621,0.01553756669783941,No,No,Normal,Safe,Stable
45325.66666666666,February,278.1,93.05,1,26.5,6.47,7.34,2.79,2,2,0,0,29.1,33.9,24.1,0.2,2,3.578947368421053,2.105263157894737,7.867017496347522,0.6104537233411897,0.01500397329308539,Yes,No,Normal,Safe,Stable
45325.70833333334,February,278.1,93.05,1,26.5,6.47,7.34,2.79,2,2,0,0,29.1,33.9,24.1,0.2,2,3.631578947368421,1.842105263157895,7.851087790257674,0.5832882247337173,0.01447037988833137,No,No,Normal,Safe,Stable
45325.75,February,278.1,93.05,1,26.5,6.47,7.34,2.79,2,2,1,0,29.1,33.9,24.1,0.2,2,3.684210526315789,1.578947368421053,7.835158084167825,0.556122726126245,0.01393678648357734,Yes,No,Normal,Safe,Stable
45325.79166666666,February,278.1,93.05,1,26.5,6.47,7.34,2.79,2,2,0,1,29.1,33.9,24.1,0.2,2,3.736842105263158,1.315789473684211,7.819228378077978,0.5289572275187726,0.01340319307882332,No,No,Normal,Safe,Stable
45325.83333333334,February,278.1,93.05,1,26.5,6.47,7.34,2.79,2,2,0,0,29.1,33.9,24.1,0.2,2,3.789473684210527,1.052631578947369,7.803298671988129,0.5017917289113003,0.0128695996740693,Yes,No,Normal,Safe,Stable
45325.875,February,278.1,93.05,1,26.5,6.47,7.34,2.79,2,2,1,0,29.1,33.9,24.1,0.2,2,3.842105263157895,0.7894736842105265,7.787368965898281,0.474626230303828,0.01233600626931528,No,No,Normal,Safe,Stable
45325.91666666666,February,278.1,93.05,1,26.5,6.47,7.34,2.79,2,2,0,0,29.1,33.9,24.1,0.2,2,3.894736842105263,0.5263157894736841,7.771439259808433,0.4474607316963556,0.01180241286456126,Yes,No,Normal,Safe,Stable
45325.95833333334,February,278.1,93.05,1,26.5,6.47,7.34,2.79,2,2,1,0,29.1,33.9,24.1,0.2,2,3.947368421052631,0.2631578947368425,7.755509553718585,0.4202952330888833,0.01126881945980724,No,No,Normal,Safe,Stable
45326,February,278.1,93.05,1,26.5,6.47,7.34,2.79,2,2,1,0,29.1,33.9,24.1,0.2,2,4,0,7.739579847628737,0.393129734481411,0.01073522605505322,Yes,No,Normal,Safe,Stable
45326.04166666666,February,278.1,93.05,1,26.5,6.47,7.34,2.79,2,2,0,0,29.1,33.9,24.1,0.2,2,4,1,8.017274775106529,0.368179929371719,0.09956799682142284,No,No,Normal,Safe,Stable
45326.08333333334,February,278.1,93.05,1,26.5,6.47,7.34,2.79,2,2,1,0,29.1,33.9,24.1,0.2,2,4,2,8.072275744040525,0.3231209695945071,0.4662528564450268,Yes,No,Normal,Safe,Stable
45326.125,February,278.1,93.05,1,26.5,6.47,7.34,2.79,2,2,0,0,29.1,33.9,24.1,0.2,2,4,3,7.753592648614706,0.2899060349484722,0.9928429910499821,No,No,Normal,Safe,Stable
45326.16666666666,February,278.1,93.05,1,26.5,6.47,7.34,2.79,2,2,0,0,29.1,33.9,24.1,0.2,2,4,4,7.744193064670203,0.9419098847671223,-0.0002199429498525688,Yes,No,Normal,Safe,Stable
45326.20833333334,February,278.1,93.05,1,26.5,6.47,7.34,2.79,2,2,0,0,29.1,33.9,24.1,0.2,2,4,5,7.8311053647868,0.3805143755587643,-0.007383834313078654,No,No,Normal,Safe,Stable
45326.25,February,278.1,93.05,1,26.5,6.47,7.34,2.79,2,2,0,0,29.1,33.9,24.1,0.2,2,4.052631578947368,4.736842105263158,7.861228854754583,0.3832390271302427,-0.006580181691501052,Yes,No,Normal,Safe,Stable
45326.29166666666,February,278.1,93.05,1,26.5,6.47,7.34,2.79,2,2,0,0,29.1,33.9,24.1,0.2,2,4.105263157894737,4.473684210526316,7.891352344722367,0.3859636787017212,-0.00577652906992345,No,No,Normal,Safe,Stable
45326.33333333334,February,278.1,93.05,1,26.5,6.47,7.34,2.79,2,2,0,0,29.1,33.9,24.1,0.2,2,4.157894736842105,4.210526315789473,7.92147583469015,0.3886883302731996,-0.004972876448345849,Yes,No,Normal,Safe,Stable
45326.375,February,278.1,93.05,1,26.5,6.47,7.34,2.79,2,2,0,0,29.1,33.9,24.1,0.2,2,4.210526315789473,3.947368421052632,7.951599324657933,0.391412981844678,-0.004169223826768246,No,No,Normal,Safe,Stable
45326.41666666666,February,278.1,93.05,1,26.5,6.47,7.34,2.79,2,2,1,0,29.1,33.9,24.1,0.2,2,4.263157894736842,3.684210526315789,7.981722814625717,0.3941376334161565,-0.003365571205190644,Yes,No,Normal,Safe,Stable
45326.45833333334,February,278.1,93.05,1,26.5,6.47,7.34,2.79,2,2,0,0,29.1,33.9,24.1,0.2,2,4.315789473684211,3.421052631578947,8.011846304593499,0.3968622849876349,-0.002561918583613043,No,No,Normal,Safe,Stable
45326.5,February,278.1,93.05,1,26.5,6.47,7.34,2.79,2,2,0,0,29.1,33.9,24.1,0.2,2,4.368421052631579,3.157894736842105,8.041969794561282,0.3995869365591134,-0.001758265962035441,Yes,No,Normal,Safe,Stable
45326.54166666666,February,278.1,93.05,1,26.5,6.47,7.34,2.79,2,2,1,0,29.1,33.9,24.1,0.2,2,4.421052631578947,2.894736842105263,8.072093284529066,0.4023115881305918,-0.000954613340457839,No,No,Normal,Safe,Stable
45326.58333333334,February,278.1,93.05,1,26.5,6.47,7.34,2.79,2,2,0,0,29.1,33.9,24.1,0.2,2,4.473684210526316,2.631578947368421,8.102216774496849,0.4050362397020703,-0.0001509607188802369,Yes,No,Normal,Safe,Stable
45326.625,February,278.1,93.05,1,26.5,6.47,7.34,2.79,2,2,0,0,29.1,33.9,24.1,0.2,2,4.526315789473684,2.368421052631579,8.132340264464633,0.4077608912735486,0.0006526919026973652,No,No,Normal,Safe,Stable
45326.66666666666,February,278.1,93.05,1,26.5,6.47,7.34,2.79,2,2,0,0,29.1,33.9,24.1,0.2,2,4.578947368421053,2.105263157894737,8.162463754432416,0.4104855428450271,0.001456344524274967,Yes,No,Normal,Safe,Stable
45326.70833333334,February,278.1,93.05,1,26.5,6.47,7.34,2.79,2,2,0,0,29.1,33.9,24.1,0.2,2,4.631578947368421,1.842105263157895,8.192587244400199,0.4132101944165055,0.002259997145852568,No,No,Normal,Safe,Stable
45326.75,February,278.1,93.05,1,26.5,6.47,7.34,2.79,2,2,0,0,29.1,33.9,24.1,0.2,2,4.684210526315789,1.578947368421053,8.222710734367983,0.415934845987984,0.00306364976743017,Yes,No,Normal,Safe,Stable
45326.79166666666,February,278.1,93.05,1,26.5,6.47,7.34,2.79,2,2,0,0,29.1,33.9,24.1,0.2,2,4.736842105263158,1.315789473684211,8.252834224335766,0.4186594975594624,0.003867302389007772,No,No,Normal,Safe,Stable
45326.83333333334,February,278.1,93.05,1,26.5,6.47,7.34,2.79,2,2,0,0,29.1,33.9,24.1,0.2,2,4.789473684210527,1.052631578947369,8.282957714303549,0.4213841491309409,0.004670955010585374,Yes,No,Normal,Safe,Stable
45326.875,February,278.1,93.05,1,26.5,6.47,7.34,2.79,2,2,0,0,29.1,33.9,24.1,0.2,2,4.842105263157895,0.7894736842105265,8.313081204271333,0.4241088007024193,0.005474607632162976,No,No,Normal,Safe,Stable
45326.91666666666,February,278.1,93.05,1,26.5,6.47,7.34,2.79,2,2,0,0,29.1,33.9,24.1,0.2,2,4.894736842105263,0.5263157894736841,8.343204694239116,0.4268334522738977,0.006278260253740578,Yes,No,Normal,Safe,Stable
45326.95833333334,February,278.1,93.05,1,26.5,6.47,7.34,2.79,2,2,1,0,29.1,33.9,24.1,0.2,2,4.947368421052632,0.2631578947368425,8.373328184206899,0.4295581038453762,0.00708191287531818,No,No,Normal,Safe,Stable
45327,February,278.1,93.05,1,26.5,6.47,7.34,2.79,2,2,1,0,29.1,33.9,24.1,0.2,2,5,0,8.403451674174683,0.4322827554168546,0.007885565496895782,Yes,No,Normal,Safe,Stable
45327.04166666666,February,278.1,93.05,1,26.5,6.47,7.34,2.79,2,2,0,1,29.1,33.9,24.1,0.2,2,5,1,8.510316872868543,0.3582775264389336,0.4343108113763951,No,No,Normal,Safe,Stable
45327.08333333334,February,278.1,93.05,1,26.5,6.47,7.34,2.79,2,2,0,0,29.1,33.9,24.1,0.2,2,5,2,7.911710100397009,0.9571913729570019,-0.04687226762520588,Yes,No,Normal,Safe,Stable
45327.125,February,278.1,93.05,1,26.5,6.47,7.34,2.79,2,2,1,0,29.1,33.9,24.1,0.2,2,5,3,8.01016918360013,0.5337599681126093,0.01452659863219806,No,No,Normal,Safe,Stable
45327.16666666666,February,278.1,93.05,1,26.5,6.47,7.34,2.79,2,2,1,0,29.1,33.9,24.1,0.2,2,5,4,8.566961224429589,0.9558974729470665,-0.03281553736359454,Yes,No,Normal,Safe,Stable
45327.20833333334,February,278.1,93.05,1,26.5,6.47,7.34,2.79,2,2,1,0,29.1,33.9,24.1,0.2,2,5,5,8.200716760310961,0.3514867580216232,0.04758070627081514,No,No,Normal,Safe,Stable
45327.25,February,278.1,93.05,1,26.5,6.47,7.34,2.79,2,2,0,0,29.1,33.9,24.1,0.2,2,5.052631578947368,4.736842105263158,8.198721657302817,0.352693749803995,0.04592429465022893,Yes,No,Normal,Safe,Stable
45327.29166666666,February,278.1,93.05,1,26.5,6.47,7.34,2.79,2,2,1,0,29.1,33.9,24.1,0.2,2,5.105263157894737,4.473684210526316,8.196726554294674,0.3539007415863669,0.04426788302964273,No,No,Normal,Safe,Stable
45327.33333333334,February,278.1,93.05,1,26.5,6.47,7.34,2.79,2,2,0,1,29.1,33.9,24.1,0.2,2,5.157894736842105,4.210526315789473,8.194731451286531,0.3551077333687387,0.04261147140905652,Yes,No,Normal,Safe,Stable
45327.375,February,278.1,93.05,1,26.5,6.47,7.34,2.79,2,2,0,0,29.1,33.9,24.1,0.2,2,5.210526315789473,3.947368421052632,8.192736348278389,0.3563147251511105,0.0409550597884703,No,No,Normal,Safe,Stable
45327.41666666666,February,278.1,93.05,1,26.5,6.47,7.34,2.79,2,2,1,1,29.1,33.9,24.1,0.2,2,5.263157894736842,3.684210526315789,8.190741245270246,0.3575217169334824,0.03929864816788409,Yes,No,Normal,Safe,Stable
45327.45833333334,February,278.1,93.05,1,26.5,6.47,7.34,2.79,2,2,0,0,29.1,33.9,24.1,0.2,2,5.315789473684211,3.421052631578947,8.188746142262103,0.3587287087158542,0.03764223654729788,No,No,Normal,Safe,Stable
45327.5,February,278.1,93.05,1,26.5,6.47,7.34,2.79,2,2,0,1,29.1,33.9,24.1,0.2,2,5.368421052631579,3.157894736842105,8.186751039253959,0.359935700498226,0.03598582492671168,Yes,No,Normal,Safe,Stable
45327.54166666666,February,278.1,93.05,1,26.5,6.47,7.34,2.79,2,2,0,0,29.1,33.9,24.1,0.2,2,5.421052631578947,2.894736842105263,8.184755936245816,0.3611426922805979,0.03432941330612547,No,No,Normal,Safe,Stable
45327.58333333334,February,278.1,93.05,1,26.5,6.47,7.34,2.79,2,2,0,0,29.1,33.9,24.1,0.2,2,5.473684210526316,2.631578947368421,8.182760833237673,0.3623496840629697,0.03267300168553926,Yes,No,Normal,Safe,Stable
45327.625,February,278.1,93.05,1,26.5,6.47,7.34,2.79,2,2,0,0,29.1,33.9,24.1,0.2,2,5.526315789473684,2.368421052631579,8.180765730229531,0.3635566758453415,0.03101659006495305,No,No,Normal,Safe,Stable
45327.66666666666,February,278.1,93.05,1,26.5,6.47,7.34,2.79,2,2,0,0,29.1,33.9,24.1,0.2,2,5.578947368421053,2.105263157894737,8.178770627221388,0.3647636676277133,0.02936017844436684,Yes,No,Normal,Safe,Stable
45327.70833333334,February,278.1,93.05,1,26.5,6.47,7.34,2.79,2,2,0,0,29.1,33.9,24.1,0.2,2,5.631578947368421,1.842105263157895,8.176775524213244,0.3659706594100852,0.02770376682378063,No,No,Normal,Safe,Stable
45327.75,February,278.1,93.05,1,26.5,6.47,7.34,2.79,2,2,0,0,29.1,33.9,24.1,0.2,2,5.684210526315789,1.578947368421053,8.174780421205101,0.367177651192457,0.02604735520319442,Yes,No,Normal,Safe,Stable
45327.79166666666,February,278.1,93.05,1,26.5,6.47,7.34,2.79,2,2,0,0,29.1,33.9,24.1,0.2,2,5.736842105263158,1.315789473684211,8.172785318196958,0.3683846429748289,0.02439094358260821,No,No,Normal,Safe,Stable
45327.83333333334,February,278.1,93.05,1,26.5,6.47,7.34,2.79,2,2,0,0,29.1,33.9,24.1,0.2,2,5.789473684210527,1.052631578947369,8.170790215188815,0.3695916347572007,0.02273453196202201,Yes,No,Normal,Safe,Stable
45327.875,February,278.1,93.05,1,26.5,6.47,7.34,2.79,2,2,0,0,29.1,33.9,24.1,0.2,2,5.842105263157895,0.7894736842105265,8.168795112180673,0.3707986265395725,0.0210781203414358,No,No,Normal,Safe,Stable
45327.91666666666,February,278.1,93.05,1,26.5,6.47,7.34,2.79,2,2,0,0,29.1,33.9,24.1,0.2,2,5.894736842105263,0.5263157894736841,8.16680000917253,0.3720056183219443,0.01942170872084958,Yes,No,Normal,Safe,Stable
45327.95833333334,February,278.1,93.05,1,26.5,6.47,7.34,2.79,2,2,0,0,29.1,33.9,24.1,0.2,2,5.947368421052632,0.2631578947368425,8.164804906164386,0.3732126101043162,0.01776529710026338,No,No,Normal,Safe,Stable
45328,February,278.1,93.05,1,26.5,6.47,7.34,2.79,2,2,0,0,29.1,33.9,24.1,0.2,2,6,0,8.162809803156243,0.374419601886688,0.01610888547967717,Yes,No,Normal,Safe,Stable
45328.04166666666,February,278.1,93.05,1,26.5,6.47,7.34,2.79,2,2,1,0,29.1,33.9,24.1,0.2,2,6,1,8.00348276634737,0.3601170196443187,0.1367955062531075,No,No,Normal,Safe,Stable
45328.08333333334,February,278.1,93.05,1,26.5,6.47,7.34,2.79,2,2,0,0,29.1,33.9,24.1,0.2,2,6,2,7.929987393012786,0.9642577413908634,-0.01087279616892032,Yes,No,Normal,Safe,Stable
45328.125,February,278.1,93.05,1,26.5,6.47,7.34,2.79,2,2,0,0,29.1,33.9,24.1,0.2,2,6,3,8.098025205300583,0.500103048870544,-0.009407594626942708,No,No,Normal,Safe,Stable
45328.16666666666,February,278.1,93.05,1,26.5,6.47,7.34,2.79,2,2,0,0,29.1,33.9,24.1,0.2,2,6,4,8.181188082428454,0.2940466916365054,0.9437216323984726,Yes,No,Normal,Safe,Stable
45328.20833333334,February,278.1,93.05,1,26.5,6.47,7.34,2.79,2,2,0,0,29.1,33.9,24.1,0.2,2,6,5,8.353116289773467,0.372759185113775,0.01135845654310015,No,No,Normal,Safe,Stable
45328.25,February,278.1,93.05,1,26.5,6.47,7.34,2.79,2,2,0,0,29.1,33.9,24.1,0.2,2,6.052631578947368,4.736842105263158,8.325418859650908,0.4054362433144265,0.01157519102199591,Yes,No,Normal,Safe,Stable
45328.29166666666,February,278.1,93.05,1,26.5,6.47,7.34,2.79,2,2,0,0,29.1,33.9,24.1,0.2,2,6.105263157894737,4.473684210526316,8.29772142952835,0.4381133015150781,0.01179192550089167,No,No,Normal,Safe,Stable
45328.33333333334,February,278.1,93.05,1,26.5,6.47,7.34,2.79,2,2,1,0,29.1,33.9,24.1,0.2,2,6.157894736842105,4.210526315789473,8.27002399940579,0.4707903597157297,0.01200865997978743,Yes,No,Normal,Safe,Stable
45328.375,February,278.1,93.05,1,26.5,6.47,7.34,2.79,2,2,0,1,29.1,33.9,24.1,0.2,2,6.210526315789473,3.947368421052632,8.242326569283231,0.5034674179163812,0.01222539445868319,No,No,Normal,Safe,Stable
45328.41666666666,February,278.1,93.05,1,26.5,6.47,7.34,2.79,2,2,1,0,29.1,33.9,24.1,0.2,2,6.263157894736842,3.684210526315789,8.214629139160673,0.5361444761170328,0.01244212893757895,Yes,No,Normal,Safe,Stable
45328.45833333334,February,278.1,93.05,1,26.5,6.47,7.34,2.79,2,2,0,1,29.1,33.9,24.1,0.2,2,6.315789473684211,3.421052631578947,8.186931709038113,0.5688215343176843,0.0126588634164747,No,No,Normal,Safe,Stable
45328.5,February,278.1,93.05,1,26.5,6.47,7.34,2.79,2,2,0,0,29.1,33.9,24.1,0.2,2,6.368421052631579,3.157894736842105,8.159234278915553,0.6014985925183359,0.01287559789537046,Yes,No,Normal,Safe,Stable
45328.54166666666,February,278.1,93.05,1,26.5,6.47,7.34,2.79,2,2,0,0,29.1,33.9,24.1,0.2,2,6.421052631578947,2.894736842105263,8.131536848792996,0.6341756507189875,0.01309233237426622,No,No,Normal,Safe,Stable
45328.58333333334,February,278.1,93.05,1,26.5,6.47,7.34,2.79,2,2,0,0,29.1,33.9,24.1,0.2,2,6.473684210526316,2.631578947368421,8.103839418670436,0.666852708919639,0.01330906685316198,Yes,No,Normal,Safe,Stable
45328.625,February,278.1,93.05,1,26.5,6.47,7.34,2.79,2,2,1,0,29.1,33.9,24.1,0.2,2,6.526315789473684,2.368421052631579,8.076141988547876,0.6995297671202906,0.01352580133205774,No,No,Normal,Safe,Stable
45328.66666666666,February,278.1,93.05,1,26.5,6.47,7.34,2.79,2,2,0,0,29.1,33.9,24.1,0.2,2,6.578947368421053,2.105263157894737,8.048444558425317,0.7322068253209422,0.0137425358109535,Yes,No,Normal,Safe,Stable
45328.70833333334,February,278.1,93.05,1,26.5,6.47,7.34,2.79,2,2,0,0,29.1,33.9,24.1,0.2,2,6.631578947368421,1.842105263157895,8.020747128302759,0.7648838835215936,0.01395927028984926,No,No,Normal,Safe,Stable
45328.75,February,278.1,93.05,1,26.5,6.47,7.34,2.79,2,2,0,0,29.1,33.9,24.1,0.2,2,6.684210526315789,1.578947368421053,7.993049698180199,0.7975609417222453,0.01417600476874502,Yes,No,Normal,Safe,Stable
45328.79166666666,February,278.1,93.05,1,26.5,6.47,7.34,2.79,2,2,1,1,29.1,33.9,24.1,0.2,2,6.736842105263158,1.315789473684211,7.96535226805764,0.8302379999228968,0.01439273924764077,No,No,Normal,Safe,Stable
45328.83333333334,February,278.1,93.05,1,26.5,6.47,7.34,2.79,2,2,0,0,29.1,33.9,24.1,0.2,2,6.789473684210527,1.052631578947369,7.937654837935082,0.8629150581235483,0.01460947372653653,Yes,No,Normal,Safe,Stable
45328.875,February,278.1,93.05,1,26.5,6.47,7.34,2.79,2,2,0,0,29.1,33.9,24.1,0.2,2,6.842105263157895,0.7894736842105265,7.909957407812522,0.8955921163242,0.01482620820543229,No,No,Normal,Safe,Stable
45328.91666666666,February,278.1,93.05,1,26.5,6.47,7.34,2.79,2,2,0,0,29.1,33.9,24.1,0.2,2,6.894736842105263,0.5263157894736841,7.882259977689963,0.9282691745248515,0.01504294268432805,Yes,No,Normal,Safe,Stable
45328.95833333334,February,278.1,93.05,1,26.5,6.47,7.34,2.79,2,2,0,0,29.1,33.9,24.1,0.2,2,6.947368421052632,0.2631578947368425,7.854562547567403,0.9609462327255032,0.01525967716322381,No,No,Normal,Safe,Stable
45329,February,278.1,93.05,1,26.5,6.47,7.34,2.79,2,2,0,0,29.1,33.9,24.1,0.2,2,7,0,7.826865117444845,0.9936232909261546,0.01547641164211957,Yes,No,Normal,Safe,Stable
45329.04166666666,February,278.1,93.05,1,26.5,6.47,7.34,2.79,2,2,1,0,29.1,33.9,24.1,0.2,2,7,1,8.18892118853255,0.3007737512986828,0.1382357977804881,No,No,Normal,Safe,Stable
45329.08333333334,February,278.1,93.05,1,26.5,6.47,7.34,2.79,2,2,0,0,29.1,33.9,24.1,0.2,2,7,2,7.901137912653672,1.005927286524607,0.006117933036086789,Yes,No,Normal,Safe,Stable
45329.125,February,278.1,93.05,1,26.5,6.47,7.34,2.79,2,2,0,0,29.1,33.9,24.1,0.2,2,7,3,8.659086171684956,0.2713217652440147,0.9634132265822715,No,No,Normal,Safe,Stable
45329.16666666666,February,278.1,93.05,1,26.5,6.47,7.34,2.79,2,2,1,0,29.1,33.9,24.1,0.2,2,7,4,7.889207771991605,0.3001656173381811,0.8317081465834283,Yes,No,Normal,Safe,Stable
45329.20833333334,February,278.1,93.05,1,26.5,6.47,7.34,2.79,2,2,0,0,29.1,33.9,24.1,0.2,2,7,5,8.218216824848762,0.3518468358291044,-0.02330045451401319,No,No,Normal,Safe,Stable
45329.25,February,278.1,93.05,1,26.5,6.47,7.34,2.79,2,2,1,0,29.1,33.9,24.1,0.2,2,7.052631578947368,4.736842105263158,8.224718635167225,0.352534360642807,-0.02101810124664915,Yes,No,Normal,Safe,Stable
45329.29166666666,February,278.1,93.05,1,26.5,6.47,7.34,2.79,2,2,0,0,29.1,33.9,24.1,0.2,2,7.105263157894737,4.473684210526316,8.231220445485688,0.3532218854565097,-0.0187357479792851,No,No,Normal,Safe,Stable
45329.33333333334,February,278.1,93.05,1,26.5,6.47,7.34,2.79,2,2,0,0,29.1,33.9,24.1,0.2,2,7.157894736842105,4.210526315789473,8.237722255804149,0.3539094102702123,-0.01645339471192106,Yes,No,Normal,Safe,Stable
45329.375,February,278.1,93.05,1,26.5,6.47,7.34,2.79,2,2,1,0,29.1,33.9,24.1,0.2,2,7.210526315789473,3.947368421052632,8.244224066122612,0.3545969350839149,-0.01417104144455701,No,No,Normal,Safe,Stable
45329.41666666666,February,278.1,93.05,1,26.5,6.47,7.34,2.79,2,2,0,0,29.1,33.9,24.1,0.2,2,7.263157894736842,3.684210526315789,8.250725876441075,0.3552844598976175,-0.01188868817719297,Yes,No,Normal,Safe,Stable
45329.45833333334,February,278.1,93.05,1,26.5,6.47,7.34,2.79,2,2,0,0,29.1,33.9,24.1,0.2,2,7.315789473684211,3.421052631578947,8.257227686759538,0.3559719847113201,-0.009606334909828922,No,No,Normal,Safe,Stable
45329.5,February,278.1,93.05,1,26.5,6.47,7.34,2.79,2,2,0,0,29.1,33.9,24.1,0.2,2,7.368421052631579,3.157894736842105,8.263729497078002,0.3566595095250228,-0.007323981642464877,Yes,No,Normal,Safe,Stable
45329.54166666666,February,278.1,93.05,1,26.5,6.47,7.34,2.79,2,2,0,0,29.1,33.9,24.1,0.2,2,7.421052631578947,2.894736842105263,8.270231307396463,0.3573470343387254,-0.005041628375100832,No,No,Normal,Safe,Stable
45329.58333333334,February,278.1,93.05,1,26.5,6.47,7.34,2.79,2,2,0,0,29.1,33.9,24.1,0.2,2,7.473684210526316,2.631578947368421,8.276733117714926,0.358034559152428,-0.002759275107736787,Yes,No,Normal,Safe,Stable
45329.625,February,278.1,93.05,1,26.5,6.47,7.34,2.79,2,2,1,0,29.1,33.9,24.1,0.2,2,7.526315789473684,2.368421052631579,8.283234928033389,0.3587220839661306,-0.0004769218403727418,No,No,Normal,Safe,Stable
45329.66666666666,February,278.1,93.05,1,26.5,6.47,7.34,2.79,2,2,0,0,29.1,33.9,24.1,0.2,2,7.578947368421053,2.105263157894737,8.289736738351852,0.3594096087798332,0.001805431426991303,Yes,No,Normal,Safe,Stable
45329.70833333334,February,278.1,93.05,1,26.5,6.47,7.34,2.79,2,2,0,0,29.1,33.9,24.1,0.2,2,7.631578947368421,1.842105263157895,8.296238548670313,0.3600971335935358,0.004087784694355348,No,No,Normal,Safe,Stable
45329.75,February,278.1,93.05,1,26.5,6.47,7.34,2.79,2,2,0,0,29.1,33.9,24.1,0.2,2,7.684210526315789,1.578947368421053,8.302740358988776,0.3607846584072385,0.006370137961719393,Yes,No,Normal,Safe,Stable
45329.79166666666,February,278.1,93.05,1,26.5,6.47,7.34,2.79,2,2,0,0,29.1,33.9,24.1,0.2,2,7.736842105263158,1.315789473684211,8.30924216930724,0.3614721832209411,0.008652491229083438,No,No,Normal,Safe,Stable
45329.83333333334,February,278.1,93.05,1,26.5,6.47,7.34,2.79,2,2,0,0,29.1,33.9,24.1,0.2,2,7.789473684210527,1.052631578947369,8.315743979625703,0.3621597080346438,0.01093484449644748,Yes,No,Normal,Safe,Stable
45329.875,February,278.1,93.05,1,26.5,6.47,7.34,2.79,2,2,0,0,29.1,33.9,24.1,0.2,2,7.842105263157895,0.7894736842105265,8.322245789944166,0.3628472328483464,0.01321719776381153,No,No,Normal,Safe,Stable
45329.91666666666,February,278.1,93.05,1,26.5,6.47,7.34,2.79,2,2,0,0,29.1,33.9,24.1,0.2,2,7.894736842105263,0.5263157894736841,8.328747600262627,0.363534757662049,0.01549955103117558,Yes,No,Normal,Safe,Stable
45329.95833333334,February,278.1,93.05,1,26.5,6.47,7.34,2.79,2,2,0,0,29.1,33.9,24.1,0.2,2,7.947368421052632,0.2631578947368425,8.33524941058109,0.3642222824757516,0.01778190429853962,No,No,Normal,Safe,Stable
45330,February,278.1,93.05,1,26.5,6.47,7.34,2.79,2,2,1,0,29.1,33.9,24.1,0.2,2,8,0,8.341751220899553,0.3649098072894542,0.02006425756590366,Yes,No,Normal,Safe,Stable
45330.04166666666,February,278.1,93.05,1,26.5,6.47,7.34,2.79,2,2,0,0,29.1,33.9,24.1,0.2,2,8,1,7.87719280859791,0.9889895570592748,-0.02442470809406024,No,No,Normal,Safe,Stable
45330.08333333334,February,278.1,93.05,1,26.5,6.47,7.34,2.79,2,2,0,0,29.1,33.9,24.1,0.2,2,8,2,7.959272087423873,0.9919385336531151,-0.03010236427032112,Yes,No,Normal,Safe,Stable
45330.125,February,278.1,93.05,1,26.5,6.47,7.34,2.79,2,2,0,0,29.1,33.9,24.1,0.2,2,8,3,8.092131453671158,1.009762181456958,0.02275216671980488,No,No,Normal,Safe,Stable
45330.16666666666,February,278.1,93.05,1,26.5,6.47,7.34,2.79,2,2,0,1,29.1,33.9,24.1,0.2,2,8,4,8.100461501527477,0.3233827978811413,0.8550746985762335,Yes,No,Normal,Safe,Stable
45330.20833333334,February,278.1,93.05,1,26.5,6.47,7.34,2.79,2,2,0,0,29.1,33.9,24.1,0.2,2,8,5,7.9856677378846,0.390897146344245,-0.00624360752365506,No,No,Normal,Safe,Stable
45330.25,February,278.1,93.05,1,26.5,6.47,7.34,2.79,2,2,1,0,29.1,33.9,24.1,0.2,2,8.052631578947368,4.736842105263158,7.993159563402566,0.3922279044335376,-0.00385495793386554,Yes,No,Normal,Safe,Stable
45330.29166666666,February,278.1,93.05,1,26.5,6.47,7.34,2.79,2,2,0,0,29.1,33.9,24.1,0.2,2,8.105263157894736,4.473684210526316,8.000651388920533,0.3935586625228301,-0.00146630834407602,No,No,Normal,Safe,Stable
45330.33333333334,February,278.1,93.05,1,26.5,6.47,7.34,2.79,2,2,0,0,29.1,33.9,24.1,0.2,2,8.157894736842104,4.210526315789473,8.008143214438498,0.3948894206121227,0.0009223412457135,Yes,No,Normal,Safe,Stable
45330.375,February,278.1,93.05,1,26.5,6.47,7.34,2.79,2,2,1,0,29.1,33.9,24.1,0.2,2,8.210526315789474,3.947368421052632,8.015635039956464,0.3962201787014153,0.003310990835503021,No,No,Normal,Safe,Stable
45330.41666666666,February,278.1,93.05,1,26.5,6.47,7.34,2.79,2,2,1,0,29.1,33.9,24.1,0.2,2,8.263157894736842,3.684210526315789,8.023126865474429,0.3975509367907079,0.005699640425292541,Yes,No,Normal,Safe,Stable
45330.45833333334,February,278.1,93.05,1,26.5,6.47,7.34,2.79,2,2,1,0,29.1,33.9,24.1,0.2,2,8.315789473684211,3.421052631578947,8.030618690992396,0.3988816948800004,0.00808829001508206,No,No,Normal,Safe,Stable
45330.5,February,278.1,93.05,1,26.5,6.47,7.34,2.79,2,2,0,0,29.1,33.9,24.1,0.2,2,8.368421052631579,3.157894736842105,8.038110516510361,0.400212452969293,0.01047693960487158,Yes,No,Normal,Safe,Stable
45330.54166666666,February,278.1,93.05,1,26.5,6.47,7.34,2.79,2,2,0,0,29.1,33.9,24.1,0.2,2,8.421052631578947,2.894736842105263,8.045602342028328,0.4015432110585855,0.0128655891946611,No,No,Normal,Safe,Stable
45330.58333333334,February,278.1,93.05,1,26.5,6.47,7.34,2.79,2,2,1,0,29.1,33.9,24.1,0.2,2,8.473684210526315,2.631578947368421,8.053094167546293,0.4028739691478781,0.01525423878445062,Yes,No,Normal,Safe,Stable
45330.625,February,278.1,93.05,1,26.5,6.47,7.34,2.79,2,2,0,0,29.1,33.9,24.1,0.2,2,8.526315789473685,2.368421052631579,8.06058599306426,0.4042047272371707,0.01764288837424014,No,No,Normal,Safe,Stable
45330.66666666666,February,278.1,93.05,1,26.5,6.47,7.34,2.79,2,2,1,0,29.1,33.9,24.1,0.2,2,8.578947368421053,2.105263157894737,8.068077818582227,0.4055354853264633,0.02003153796402966,Yes,No,Normal,Safe,Stable
45330.70833333334,February,278.1,93.05,1,26.5,6.47,7.34,2.79,2,2,0,0,29.1,33.9,24.1,0.2,2,8.631578947368421,1.842105263157895,8.075569644100192,0.4068662434157558,0.02242018755381918,No,No,Normal,Safe,Stable
45330.75,February,278.1,93.05,1,26.5,6.47,7.34,2.79,2,2,0,0,29.1,33.9,24.1,0.2,2,8.684210526315789,1.578947368421053,8.083061469618158,0.4081970015050484,0.0248088371436087,Yes,No,Normal,Safe,Stable
45330.79166666666,February,278.1,93.05,1,26.5,6.47,7.34,2.79,2,2,1,0,29.1,33.9,24.1,0.2,2,8.736842105263158,1.315789473684211,8.090553295136123,0.409527759594341,0.02719748673339822,No,No,Normal,Safe,Stable
45330.83333333334,February,278.1,93.05,1,26.5,6.47,7.34,2.79,2,2,1,0,29.1,33.9,24.1,0.2,2,8.789473684210526,1.052631578947369,8.09804512065409,0.4108585176836335,0.02958613632318774,Yes,No,Normal,Safe,Stable
45330.875,February,278.1,93.05,1,26.5,6.47,7.34,2.79,2,2,0,0,29.1,33.9,24.1,0.2,2,8.842105263157894,0.7894736842105265,8.105536946172055,0.4121892757729261,0.03197478591297726,No,No,Normal,Safe,Stable
45330.91666666666,February,278.1,93.05,1,26.5,6.47,7.34,2.79,2,2,1,0,29.1,33.9,24.1,0.2,2,8.894736842105264,0.5263157894736841,8.113028771690022,0.4135200338622187,0.03436343550276678,Yes,No,Normal,Safe,Stable
45330.95833333334,February,278.1,93.05,1,26.5,6.47,7.34,2.79,2,2,0,0,29.1,33.9,24.1,0.2,2,8.947368421052632,0.2631578947368425,8.120520597207987,0.4148507919515113,0.0367520850925563,No,No,Normal,Safe,Stable
45331,February,278.1,93.05,1,26.5,6.47,7.34,2.79,2,2,0,0,29.1,33.9,24.1,0.2,2,9,0,8.128012422725954,0.4161815500408038,0.03914073468234582,Yes,No,Normal,Safe,Stable
45331.04166666666,February,278.1,93.05,1,26.5,6.47,7.34,2.79,2,2,0,0,29.1,33.9,24.1,0.2,2,9,1,8.06325630195461,0.3741659161517436,0.1209871169630846,No,No,Normal,Safe,Stable
45331.08333333334,February,278.1,93.05,1,26.5,6.47,7.34,2.79,2,2,0,0,29.1,33.9,24.1,0.2,2,9,2,7.896906213546084,0.9678799169544069,-0.01174933720829136,Yes,No,Normal,Safe,Stable
45331.125,February,278.1,93.05,1,26.5,6.47,7.34,2.79,2,2,0,1,29.1,33.9,24.1,0.2,2,9,3,8.106452688231865,0.3266399642566211,0.8624033005363088,No,No,Normal,Safe,Stable
45331.16666666666,February,278.1,93.05,1,26.5,6.47,7.34,2.79,2,2,0,0,29.1,33.9,24.1,0.2,2,9,4,8.280304095234523,0.9751361829312821,0.003672932349387033,Yes,No,Normal,Safe,Stable
45331.20833333334,February,278.1,93.05,1,26.5,6.47,7.34,2.79,2,2,1,0,29.1,33.9,24.1,0.2,2,9,5,8.301596045638146,0.398304029432332,0.001642689146847403,No,No,Normal,Safe,Stable
45331.25,February,278.1,93.05,1,26.5,6.47,7.34,2.79,2,2,1,0,29.1,33.9,24.1,0.2,2,9.052631578947368,4.736842105263158,8.285128441525154,0.3986306762958414,0.002710531408408086,Yes,No,Normal,Safe,Stable
45331.29166666666,February,278.1,93.05,1,26.5,6.47,7.34,2.79,2,2,0,0,29.1,33.9,24.1,0.2,2,9.105263157894736,4.473684210526316,8.268660837412165,0.3989573231593507,0.003778373669968769,No,No,Normal,Safe,Stable
45331.33333333334,February,278.1,93.05,1,26.5,6.47,7.34,2.79,2,2,0,0,29.1,33.9,24.1,0.2,2,9.157894736842104,4.210526315789473,8.252193233299174,0.3992839700228601,0.004846215931529451,Yes,No,Normal,Safe,Stable
45331.375,February,278.1,93.05,1,26.5,6.47,7.34,2.79,2,2,0,0,29.1,33.9,24.1,0.2,2,9.210526315789474,3.947368421052632,8.235725629186184,0.3996106168863695,0.005914058193090134,No,No,Normal,Safe,Stable
45331.41666666666,February,278.1,93.05,1,26.5,6.47,7.34,2.79,2,2,0,0,29.1,33.9,24.1,0.2,2,9.263157894736842,3.684210526315789,8.219258025073193,0.3999372637498788,0.006981900454650816,Yes,No,Normal,Safe,Stable
45331.45833333334,February,278.1,93.05,1,26.5,6.47,7.34,2.79,2,2,0,0,29.1,33.9,24.1,0.2,2,9.315789473684211,3.421052631578947,8.202790420960204,0.4002639106133882,0.008049742716211498,No,No,Normal,Safe,Stable
45331.5,February,278.1,93.05,1,26.5,6.47,7.34,2.79,2,2,0,0,29.1,33.9,24.1,0.2,2,9.368421052631579,3.157894736842105,8.186322816847213,0.4005905574768975,0.009117584977772182,Yes,No,Normal,Safe,Stable
45331.54166666666,February,278.1,93.05,1,26.5,6.47,7.34,2.79,2,2,0,1,29.1,33.9,24.1,0.2,2,9.421052631578947,2.894736842105263,8.169855212734223,0.4009172043404069,0.01018542723933286,No,No,Normal,Safe,Stable
45331.58333333334,February,278.1,93.05,1,26.5,6.47,7.34,2.79,2,2,0,0,29.1,33.9,24.1,0.2,2,9.473684210526315,2.631578947368421,8.153387608621232,0.4012438512039163,0.01125326950089355,Yes,No,Normal,Safe,Stable
45331.625,February,278.1,93.05,1,26.5,6.47,7.34,2.79,2,2,0,0,29.1,33.9,24.1,0.2,2,9.526315789473685,2.368421052631579,8.136920004508243,0.4015704980674256,0.01232111176245423,No,No,Normal,Safe,Stable
45331.66666666666,February,278.1,93.05,1,26.5,6.47,7.34,2.79,2,2,0,0,29.1,33.9,24.1,0.2,2,9.578947368421053,2.105263157894737,8.120452400395251,0.4018971449309349,0.01338895402401491,Yes,No,Normal,Safe,Stable
45331.70833333334,February,278.1,93.05,1,26.5,6.47,7.34,2.79,2,2,0,0,29.1,33.9,24.1,0.2,2,9.631578947368421,1.842105263157895,8.103984796282262,0.4022237917944443,0.0144567962855756,No,No,Normal,Safe,Stable
45331.75,February,278.1,93.05,1,26.5,6.47,7.34,2.79,2,2,0,0,29.1,33.9,24.1,0.2,2,9.684210526315789,1.578947368421053,8.087517192169271,0.4025504386579536,0.01552463854713628,Yes,No,Normal,Safe,Stable
45331.79166666666,February,278.1,93.05,1,26.5,6.47,7.34,2.79,2,2,0,0,29.1,33.9,24.1,0.2,2,9.736842105263158,1.315789473684211,8.071049588056281,0.402877085521463,0.01659248080869696,No,No,Normal,Safe,Stable
45331.83333333334,February,278.1,93.05,1,26.5,6.47,7.34,2.79,2,2,0,0,29.1,33.9,24.1,0.2,2,9.789473684210526,1.052631578947369,8.05458198394329,0.4032037323849724,0.01766032307025764,Yes,No,Normal,Safe,Stable
45331.875,February,278.1,93.05,1,26.5,6.47,7.34,2.79,2,2,0,0,29.1,33.9,24.1,0.2,2,9.842105263157894,0.7894736842105265,8.038114379830301,0.4035303792484817,0.01872816533181832,No,No,Normal,Safe,Stable
45331.91666666666,February,278.1,93.05,1,26.5,6.47,7.34,2.79,2,2,0,0,29.1,33.9,24.1,0.2,2,9.894736842105264,0.5263157894736841,8.02164677571731,0.4038570261119911,0.01979600759337901,Yes,No,Normal,Safe,Stable
45331.95833333334,February,278.1,93.05,1,26.5,6.47,7.34,2.79,2,2,0,0,29.1,33.9,24.1,0.2,2,9.947368421052632,0.2631578947368425,8.00517917160432,0.4041836729755005,0.02086384985493969,No,No,Normal,Safe,Stable
45332,February,278.1,93.05,1,26.5,6.47,7.34,2.79,2,2,0,0,29.1,33.9,24.1,0.2,2,10,0,7.988711567491329,0.4045103198390098,0.02193169211650037,Yes,No,Normal,Safe,Stable
45332.04166666666,February,278.1,93.05,1,26.5,6.47,7.34,2.79,2,2,0,0,29.1,33.9,24.1,0.2,2,10,1,7.734942596593946,0.9708006667879505,0.04273946849769979,No,No,Normal,Safe,Stable
45332.08333333334,February,278.1,93.05,1,26.5,6.47,7.34,2.79,2,2,0,0,29.1,33.9,24.1,0.2,2,10,2,7.889711094805493,0.362670900716309,0.4518299744655856,Yes,No,Normal,Safe,Stable
45332.125,February,278.1,93.05,1,26.5,6.47,7.34,2.79,2,2,0,0,29.1,33.9,24.1,0.2,2,10,3,8.164355239062887,0.3337196468564614,0.8681593688041127,No,No,Normal,Safe,Stable
45332.16666666666,February,278.1,93.05,1,26.5,6.47,7.34,2.79,2,2,1,0,29.1,33.9,24.1,0.2,2,10,4,8.422315156625128,0.9728483907957465,0.0485248084448365,Yes,No,Normal,Safe,Stable
45332.20833333334,February,278.1,93.05,1,26.5,6.47,7.34,2.79,2,2,0,0,29.1,33.9,24.1,0.2,2,10,5,8.178252794273247,0.3377809898551549,0.003161081891845939,No,No,Normal,Safe,Stable
45332.25,February,278.1,93.05,1,26.5,6.47,7.34,2.79,2,2,0,0,29.1,33.9,24.1,0.2,2,10.05263157894737,4.736842105263158,8.173204160958553,0.3708328008122084,0.003558466392021814,Yes,No,Normal,Safe,Stable
45332.29166666666,February,278.1,93.05,1,26.5,6.47,7.34,2.79,2,2,0,0,29.1,33.9,24.1,0.2,2,10.10526315789474,4.473684210526316,8.16815552764386,0.4038846117692618,0.003955850892197688,No,No,Normal,Safe,Stable
45332.33333333334,February,278.1,93.05,1,26.5,6.47,7.34,2.79,2,2,0,0,29.1,33.9,24.1,0.2,2,10.1578947368421,4.210526315789473,8.163106894329168,0.4369364227263152,0.004353235392373562,Yes,No,Normal,Safe,Stable
45332.375,February,278.1,93.05,1,26.5,6.47,7.34,2.79,2,2,0,1,29.1,33.9,24.1,0.2,2,10.21052631578947,3.947368421052632,8.158058261014475,0.4699882336833686,0.004750619892549436,No,No,Normal,Safe,Stable
45332.41666666666,February,278.1,93.05,1,26.5,6.47,7.34,2.79,2,2,0,0,29.1,33.9,24.1,0.2,2,10.26315789473684,3.684210526315789,8.153009627699781,0.5030400446404221,0.00514800439272531,Yes,No,Normal,Safe,Stable
45332.45833333334,February,278.1,93.05,1,26.5,6.47,7.34,2.79,2,2,0,1,29.1,33.9,24.1,0.2,2,10.31578947368421,3.421052631578947,8.147960994385087,0.5360918555974754,0.005545388892901185,No,No,Normal,Safe,Stable
45332.5,February,278.1,93.05,1,26.5,6.47,7.34,2.79,2,2,0,0,29.1,33.9,24.1,0.2,2,10.36842105263158,3.157894736842105,8.142912361070394,0.5691436665545289,0.005942773393077059,Yes,No,Normal,Safe,Stable
45332.54166666666,February,278.1,93.05,1,26.5,6.47,7.34,2.79,2,2,0,0,29.1,33.9,24.1,0.2,2,10.42105263157895,2.894736842105263,8.137863727755702,0.6021954775115823,0.006340157893252933,No,No,Normal,Safe,Stable
45332.58333333334,February,278.1,93.05,1,26.5,6.47,7.34,2.79,2,2,0,0,29.1,33.9,24.1,0.2,2,10.47368421052632,2.631578947368421,8.132815094441009,0.6352472884686358,0.006737542393428808,Yes,No,Normal,Safe,Stable
45332.625,February,278.1,93.05,1,26.5,6.47,7.34,2.79,2,2,0,1,29.1,33.9,24.1,0.2,2,10.52631578947368,2.368421052631579,8.127766461126315,0.6682990994256892,0.007134926893604681,No,No,Normal,Safe,Stable
45332.66666666666,February,278.1,93.05,1,26.5,6.47,7.34,2.79,2,2,0,0,29.1,33.9,24.1,0.2,2,10.57894736842105,2.105263157894737,8.122717827811622,0.7013509103827426,0.007532311393780557,Yes,No,Normal,Safe,Stable
45332.70833333334,February,278.1,93.05,1,26.5,6.47,7.34,2.79,2,2,0,0,29.1,33.9,24.1,0.2,2,10.63157894736842,1.842105263157895,8.11766919449693,0.734402721339796,0.00792969589395643,No,No,Normal,Safe,Stable
45332.75,February,278.1,93.05,1,26.5,6.47,7.34,2.79,2,2,0,0,29.1,33.9,24.1,0.2,2,10.68421052631579,1.578947368421053,8.112620561182236,0.7674545322968495,0.008327080394132306,Yes,No,Normal,Safe,Stable
45332.79166666666,February,278.1,93.05,1,26.5,6.47,7.34,2.79,2,2,1,1,29.1,33.9,24.1,0.2,2,10.73684210526316,1.315789473684211,8.107571927867543,0.8005063432539028,0.008724464894308179,No,No,Normal,Safe,Stable
45332.83333333334,February,278.1,93.05,1,26.5,6.47,7.34,2.79,2,2,0,0,29.1,33.9,24.1,0.2,2,10.78947368421053,1.052631578947369,8.102523294552849,0.8335581542109562,0.009121849394484053,Yes,No,Normal,Safe,Stable
45332.875,February,278.1,93.05,1,26.5,6.47,7.34,2.79,2,2,0,0,29.1,33.9,24.1,0.2,2,10.84210526315789,0.7894736842105265,8.097474661238156,0.8666099651680097,0.009519233894659928,No,No,Normal,Safe,Stable
45332.91666666666,February,278.1,93.05,1,26.5,6.47,7.34,2.79,2,2,0,0,29.1,33.9,24.1,0.2,2,10.89473684210526,0.5263157894736841,8.092426027923464,0.8996617761250632,0.009916618394835802,Yes,No,Normal,Safe,Stable
45332.95833333334,February,278.1,93.05,1,26.5,6.47,7.34,2.79,2,2,0,0,29.1,33.9,24.1,0.2,2,10.94736842105263,0.2631578947368425,8.087377394608771,0.9327135870821166,0.01031400289501168,No,No,Normal,Safe,Stable
45333,February,278.1,93.05,1,26.5,6.47,7.34,2.79,2,2,0,1,29.1,33.9,24.1,0.2,2,11,0,8.082328761294077,0.9657653980391699,0.01071138739518755,Yes,No,Normal,Safe,Stable
45333.04166666666,February,278.1,93.05,1,26.5,6.47,7.34,2.79,2,2,0,0,29.1,33.9,24.1,0.2,2,11,1,7.989781546229757,0.3326134368389091,0.1061046130106373,No,No,Normal,Safe,Stable
45333.08333333334,February,278.1,93.05,1,26.5,6.47,7.34,2.79,2,2,0,0,29.1,33.9,24.1,0.2,2,11,2,8.293267396364678,0.3487976962366809,0.4380076416481518,Yes,No,Normal,Safe,Stable
45333.125,February,278.1,93.05,1,26.5,6.47,7.34,2.79,2,2,0,0,29.1,33.9,24.1,0.2,2,11,3,7.779344984606906,0.2633061388087662,0.9533169528330124,No,No,Normal,Safe,Stable
45333.16666666666,February,278.1,93.05,1,26.5,6.47,7.34,2.79,2,2,0,0,29.1,33.9,24.1,0.2,2,11,4,8.394208380744743,0.2497600452759804,0.8647076382113799,Yes,No,Normal,Safe,Stable
45333.20833333334,February,278.1,93.05,1,26.5,6.47,7.34,2.79,2,2,0,0,29.1,33.9,24.1,0.2,2,11,5,8.154796055697366,0.3755391161130811,0.03716286989358869,No,No,Normal,Safe,Stable
45333.25,February,278.1,93.05,1,26.5,6.47,7.34,2.79,2,2,0,0,29.1,33.9,24.1,0.2,2,11.05263157894737,4.736842105263158,8.16491150948195,0.3782820662445101,0.03794260674038229,Yes,No,Normal,Safe,Stable
45333.29166666666,February,278.1,93.05,1,26.5,6.47,7.34,2.79,2,2,1,0,29.1,33.9,24.1,0.2,2,11.10526315789474,4.473684210526316,8.175026963266532,0.3810250163759389,0.0387223435871759,No,No,Normal,Safe,Stable
45333.33333333334,February,278.1,93.05,1,26.5,6.47,7.34,2.79,2,2,0,0,29.1,33.9,24.1,0.2,2,11.1578947368421,4.210526315789473,8.185142417051116,0.3837679665073679,0.03950208043396951,Yes,No,Normal,Safe,Stable
45333.375,February,278.1,93.05,1,26.5,6.47,7.34,2.79,2,2,0,0,29.1,33.9,24.1,0.2,2,11.21052631578947,3.947368421052632,8.1952578708357,0.3865109166387968,0.04028181728076311,No,No,Normal,Safe,Stable
45333.41666666666,February,278.1,93.05,1,26.5,6.47,7.34,2.79,2,2,0,0,29.1,33.9,24.1,0.2,2,11.26315789473684,3.684210526315789,8.205373324620282,0.3892538667702257,0.04106155412755672,Yes,No,Normal,Safe,Stable
45333.45833333334,February,278.1,93.05,1,26.5,6.47,7.34,2.79,2,2,0,0,29.1,33.9,24.1,0.2,2,11.31578947368421,3.421052631578947,8.215488778404866,0.3919968169016547,0.04184129097435032,No,No,Normal,Safe,Stable
45333.5,February,278.1,93.05,1,26.5,6.47,7.34,2.79,2,2,0,0,29.1,33.9,24.1,0.2,2,11.36842105263158,3.157894736842105,8.22560423218945,0.3947397670330836,0.04262102782114392,Yes,No,Normal,Safe,Stable
45333.54166666666,February,278.1,93.05,1,26.5,6.47,7.34,2.79,2,2,0,1,29.1,33.9,24.1,0.2,2,11.42105263157895,2.894736842105263,8.235719685974033,0.3974827171645125,0.04340076466793753,No,No,Normal,Safe,Stable
45333.58333333334,February,278.1,93.05,1,26.5,6.47,7.34,2.79,2,2,0,0,29.1,33.9,24.1,0.2,2,11.47368421052632,2.631578947368421,8.245835139758617,0.4002256672959414,0.04418050151473113,Yes,No,Normal,Safe,Stable
45333.625,February,278.1,93.05,1,26.5,6.47,7.34,2.79,2,2,1,0,29.1,33.9,24.1,0.2,2,11.52631578947368,2.368421052631579,8.255950593543201,0.4029686174273703,0.04496023836152474,No,No,Normal,Safe,Stable
45333.66666666666,February,278.1,93.05,1,26.5,6.47,7.34,2.79,2,2,0,0,29.1,33.9,24.1,0.2,2,11.57894736842105,2.105263157894737,8.266066047327785,0.4057115675587992,0.04573997520831834,Yes,No,Normal,Safe,Stable
45333.70833333334,February,278.1,93.05,1,26.5,6.47,7.34,2.79,2,2,1,0,29.1,33.9,24.1,0.2,2,11.63157894736842,1.842105263157895,8.276181501112367,0.4084545176902282,0.04651971205511195,No,No,Normal,Safe,Stable
45333.75,February,278.1,93.05,1,26.5,6.47,7.34,2.79,2,2,0,1,29.1,33.9,24.1,0.2,2,11.68421052631579,1.578947368421053,8.286296954896951,0.4111974678216571,0.04729944890190555,Yes,No,Normal,Safe,Stable
45333.79166666666,February,278.1,93.05,1,26.5,6.47,7.34,2.79,2,2,0,0,29.1,33.9,24.1,0.2,2,11.73684210526316,1.315789473684211,8.296412408681535,0.413940417953086,0.04807918574869915,No,No,Normal,Safe,Stable
45333.83333333334,February,278.1,93.05,1,26.5,6.47,7.34,2.79,2,2,0,0,29.1,33.9,24.1,0.2,2,11.78947368421053,1.052631578947369,8.306527862466117,0.4166833680845149,0.04885892259549276,Yes,No,Normal,Safe,Stable
45333.875,February,278.1,93.05,1,26.5,6.47,7.34,2.79,2,2,0,1,29.1,33.9,24.1,0.2,2,11.84210526315789,0.7894736842105265,8.316643316250701,0.4194263182159438,0.04963865944228636,No,No,Normal,Safe,Stable
45333.91666666666,February,278.1,93.05,1,26.5,6.47,7.34,2.79,2,2,0,0,29.1,33.9,24.1,0.2,2,11.89473684210526,0.5263157894736841,8.326758770035285,0.4221692683473728,0.05041839628907997,Yes,No,Normal,Safe,Stable
45333.95833333334,February,278.1,93.05,1,26.5,6.47,7.34,2.79,2,2,0,0,29.1,33.9,24.1,0.2,2,11.94736842105263,0.2631578947368425,8.336874223819867,0.4249122184788017,0.05119813313587358,No,No,Normal,Safe,Stable
45334,February,278.1,93.05,1,26.5,6.47,7.34,2.79,2,2,0,0,29.1,33.9,24.1,0.2,2,12,0,8.346989677604451,0.4276551686102306,0.05197786998266718,Yes,No,Normal,Safe,Stable
45334.04166666666,February,278.1,93.05,1,26.5,6.47,7.34,2.79,2,2,0,1,29.1,33.9,24.1,0.2,2,12,1,7.461070881680731,0.9953135894079581,0.01894131975238803,No,No,Normal,Safe,Stable
45334.08333333334,February,278.1,93.05,1,26.5,6.47,7.34,2.79,2,2,1,1,29.1,33.9,24.1,0.2,2,12,2,7.924409178383624,0.3661266715122885,0.4835893660956449,Yes,No,Normal,Safe,Stable
45334.125,February,278.1,93.05,1,26.5,6.47,7.34,2.79,2,2,0,0,29.1,33.9,24.1,0.2,2,12,3,8.312459840833897,0.199935892567989,0.8745074589439534,No,No,Normal,Safe,Stable
45334.16666666666,February,278.1,93.05,1,26.5,6.47,7.34,2.79,2,2,1,0,29.1,33.9,24.1,0.2,2,12,4,8.148892487474342,0.2995394596416657,0.8107517355121026,Yes,No,Normal,Safe,Stable
45334.20833333334,February,278.1,93.05,1,26.5,6.47,7.34,2.79,2,2,0,0,29.1,33.9,24.1,0.2,2,12,5,8.155865941073069,0.3756148236017887,0.009438674424600918,No,No,Normal,Safe,Stable
45334.25,February,278.1,93.05,1,26.5,6.47,7.34,2.79,2,2,0,0,29.1,33.9,24.1,0.2,2,12.05263157894737,4.736842105263158,8.146269636197045,0.3768032318762107,0.009495393280198923,Yes,No,Normal,Safe,Stable
45334.29166666666,February,278.1,93.05,1,26.5,6.47,7.34,2.79,2,2,1,0,29.1,33.9,24.1,0.2,2,12.10526315789474,4.473684210526316,8.136673331321024,0.3779916401506326,0.009552112135796927,No,No,Normal,Safe,Stable
45334.33333333334,February,278.1,93.05,1,26.5,6.47,7.34,2.79,2,2,0,0,29.1,33.9,24.1,0.2,2,12.1578947368421,4.210526315789473,8.127077026445001,0.3791800484250545,0.00960883099139493,Yes,No,Normal,Safe,Stable
45334.375,February,278.1,93.05,1,26.5,6.47,7.34,2.79,2,2,0,0,29.1,33.9,24.1,0.2,2,12.21052631578947,3.947368421052632,8.117480721568979,0.3803684566994765,0.009665549846992935,No,No,Normal,Safe,Stable
45334.41666666666,February,278.1,93.05,1,26.5,6.47,7.34,2.79,2,2,0,0,29.1,33.9,24.1,0.2,2,12.26315789473684,3.684210526315789,8.107884416692956,0.3815568649738984,0.009722268702590939,Yes,No,Normal,Safe,Stable
45334.45833333334,February,278.1,93.05,1,26.5,6.47,7.34,2.79,2,2,0,0,29.1,33.9,24.1,0.2,2,12.31578947368421,3.421052631578947,8.098288111816935,0.3827452732483204,0.009778987558188944,No,No,Normal,Safe,Stable
45334.5,February,278.1,93.05,1,26.5,6.47,7.34,2.79,2,2,0,1,29.1,33.9,24.1,0.2,2,12.36842105263158,3.157894736842105,8.088691806940911,0.3839336815227423,0.009835706413786949,Yes,No,Normal,Safe,Stable
45334.54166666666,February,278.1,93.05,1,26.5,6.47,7.34,2.79,2,2,0,0,29.1,33.9,24.1,0.2,2,12.42105263157895,2.894736842105263,8.07909550206489,0.3851220897971642,0.009892425269384952,No,No,Normal,Safe,Stable
45334.58333333334,February,278.1,93.05,1,26.5,6.47,7.34,2.79,2,2,0,0,29.1,33.9,24.1,0.2,2,12.47368421052632,2.631578947368421,8.069499197188867,0.3863104980715862,0.009949144124982956,Yes,No,Normal,Safe,Stable
45334.625,February,278.1,93.05,1,26.5,6.47,7.34,2.79,2,2,0,0,29.1,33.9,24.1,0.2,2,12.52631578947368,2.368421052631579,8.059902892312845,0.3874989063460081,0.01000586298058096,No,No,Normal,Safe,Stable
45334.66666666666,February,278.1,93.05,1,26.5,6.47,7.34,2.79,2,2,0,0,29.1,33.9,24.1,0.2,2,12.57894736842105,2.105263157894737,8.050306587436822,0.3886873146204301,0.01006258183617897,Yes,No,Normal,Safe,Stable
45334.70833333334,February,278.1,93.05,1,26.5,6.47,7.34,2.79,2,2,0,0,29.1,33.9,24.1,0.2,2,12.63157894736842,1.842105263157895,8.0407102825608,0.389875722894852,0.01011930069177697,No,No,Normal,Safe,Stable
45334.75,February,278.1,93.05,1,26.5,6.47,7.34,2.79,2,2,1,0,29.1,33.9,24.1,0.2,2,12.68421052631579,1.578947368421053,8.031113977684777,0.391064131169274,0.01017601954737497,Yes,No,Normal,Safe,Stable
45334.79166666666,February,278.1,93.05,1,26.5,6.47,7.34,2.79,2,2,1,0,29.1,33.9,24.1,0.2,2,12.73684210526316,1.315789473684211,8.021517672808756,0.3922525394436959,0.01023273840297298,No,No,Normal,Safe,Stable
45334.83333333334,February,278.1,93.05,1,26.5,6.47,7.34,2.79,2,2,0,0,29.1,33.9,24.1,0.2,2,12.78947368421053,1.052631578947369,8.011921367932732,0.3934409477181178,0.01028945725857098,Yes,No,Normal,Safe,Stable
45334.875,February,278.1,93.05,1,26.5,6.47,7.34,2.79,2,2,1,0,29.1,33.9,24.1,0.2,2,12.84210526315789,0.7894736842105265,8.002325063056711,0.3946293559925398,0.01034617611416899,No,No,Normal,Safe,Stable
45334.91666666666,February,278.1,93.05,1,26.5,6.47,7.34,2.79,2,2,1,0,29.1,33.9,24.1,0.2,2,12.89473684210526,0.5263157894736841,7.992728758180688,0.3958177642669617,0.01040289496976699,Yes,No,Normal,Safe,Stable
45334.95833333334,February,278.1,93.05,1,26.5,6.47,7.34,2.79,2,2,0,0,29.1,33.9,24.1,0.2,2,12.94736842105263,0.2631578947368425,7.983132453304665,0.3970061725413837,0.01045961382536499,No,No,Normal,Safe,Stable
45335,February,278.1,93.05,1,26.5,6.47,7.34,2.79,2,2,0,0,29.1,33.9,24.1,0.2,2,13,0,7.973536148428643,0.3981945808158056,0.010516332680963,Yes,No,Normal,Safe,Stable
45335.04166666666,February,278.1,93.05,1,26.5,6.47,7.34,2.79,2,2,1,1,29.1,33.9,24.1,0.2,2,13,1,7.830524569157671,0.3491263056188597,0.1043948512527678,No,No,Normal,Safe,Stable
45335.08333333334,February,278.1,93.05,1,26.5,6.47,7.34,2.79,2,2,0,0,29.1,33.9,24.1,0.2,2,13,2,7.766875503400905,0.962498345276619,0.01584788333808738,Yes,No,Normal,Safe,Stable
45335.125,February,278.1,93.05,1,26.5,6.47,7.34,2.79,2,2,0,0,29.1,33.9,24.1,0.2,2,13,3,8.070648147116382,0.2361354540796825,0.9198463327826766,No,No,Normal,Safe,Stable
45335.16666666666,February,278.1,93.05,1,26.5,6.47,7.34,2.79,2,2,0,0,29.1,33.9,24.1,0.2,2,13,4,7.476657764133969,1.005185573031986,-0.01480760604237934,Yes,No,Normal,Safe,Stable
45335.20833333334,February,278.1,93.05,1,26.5,6.47,7.34,2.79,2,2,0,0,29.1,33.9,24.1,0.2,2,13,5,8.428532996381863,0.3914450489591713,-0.03125552079215998,No,No,Normal,Safe,Stable
45335.25,February,278.1,93.05,1,26.5,6.47,7.34,2.79,2,2,0,0,29.1,33.9,24.1,0.2,2,13.05263157894737,4.736842105263158,8.417732508453017,0.3921195401074966,-0.02794643326544533,Yes,No,Normal,Safe,Stable
45335.29166666666,February,278.1,93.05,1,26.5,6.47,7.34,2.79,2,2,0,0,29.1,33.9,24.1,0.2,2,13.10526315789474,4.473684210526316,8.406932020524172,0.3927940312558217,-0.02463734573873069,No,No,Normal,Safe,Stable
45335.33333333334,February,278.1,93.05,1,26.5,6.47,7.34,2.79,2,2,0,1,29.1,33.9,24.1,0.2,2,13.1578947368421,4.210526315789473,8.396131532595327,0.393468522404147,-0.02132825821201604,Yes,No,Normal,Safe,Stable
45335.375,February,278.1,93.05,1,26.5,6.47,7.34,2.79,2,2,0,1,29.1,33.9,24.1,0.2,2,13.21052631578947,3.947368421052632,8.385331044666481,0.3941430135524722,-0.01801917068530139,No,No,Normal,Safe,Stable
45335.41666666666,February,278.1,93.05,1,26.5,6.47,7.34,2.79,2,2,0,0,29.1,33.9,24.1,0.2,2,13.26315789473684,3.684210526315789,8.374530556737637,0.3948175047007974,-0.01471008315858675,Yes,No,Normal,Safe,Stable
45335.45833333334,February,278.1,93.05,1,26.5,6.47,7.34,2.79,2,2,0,0,29.1,33.9,24.1,0.2,2,13.31578947368421,3.421052631578947,8.363730068808792,0.3954919958491226,-0.0114009956318721,No,No,Normal,Safe,Stable
45335.5,February,278.1,93.05,1,26.5,6.47,7.34,2.79,2,2,0,0,29.1,33.9,24.1,0.2,2,13.36842105263158,3.157894736842105,8.352929580879946,0.3961664869974478,-0.008091908105157454,Yes,No,Normal,Safe,Stable
45335.54166666666,February,278.1,93.05,1,26.5,6.47,7.34,2.79,2,2,0,0,29.1,33.9,24.1,0.2,2,13.42105263157895,2.894736842105263,8.342129092951101,0.396840978145773,-0.004782820578442808,No,No,Normal,Safe,Stable
45335.58333333334,February,278.1,93.05,1,26.5,6.47,7.34,2.79,2,2,0,0,29.1,33.9,24.1,0.2,2,13.47368421052632,2.631578947368421,8.331328605022255,0.3975154692940983,-0.001473733051728161,Yes,No,Normal,Safe,Stable
45335.625,February,278.1,93.05,1,26.5,6.47,7.34,2.79,2,2,0,0,29.1,33.9,24.1,0.2,2,13.52631578947368,2.368421052631579,8.32052811709341,0.3981899604424234,0.001835354474986485,No,No,Normal,Safe,Stable
45335.66666666666,February,278.1,93.05,1,26.5,6.47,7.34,2.79,2,2,0,0,29.1,33.9,24.1,0.2,2,13.57894736842105,2.105263157894737,8.309727629164565,0.3988644515907487,0.005144442001701131,Yes,No,Normal,Safe,Stable
45335.70833333334,February,278.1,93.05,1,26.5,6.47,7.34,2.79,2,2,0,0,29.1,33.9,24.1,0.2,2,13.63157894736842,1.842105263157895,8.298927141235719,0.3995389427390739,0.008453529528415778,No,No,Normal,Safe,Stable
45335.75,February,278.1,93.05,1,26.5,6.47,7.34,2.79,2,2,0,0,29.1,33.9,24.1,0.2,2,13.68421052631579,1.578947368421053,8.288126653306874,0.4002134338873991,0.01176261705513042,Yes,No,Normal,Safe,Stable
45335.79166666666,February,278.1,93.05,1,26.5,6.47,7.34,2.79,2,2,0,1,29.1,33.9,24.1,0.2,2,13.73684210526316,1.315789473684211,8.277326165378028,0.4008879250357243,0.01507170458184507,No,No,Normal,Safe,Stable
45335.83333333334,February,278.1,93.05,1,26.5,6.47,7.34,2.79,2,2,0,0,29.1,33.9,24.1,0.2,2,13.78947368421053,1.052631578947369,8.266525677449184,0.4015624161840495,0.01838079210855972,Yes,No,Normal,Safe,Stable
45335.875,February,278.1,93.05,1,26.5,6.47,7.34,2.79,2,2,0,0,29.1,33.9,24.1,0.2,2,13.84210526315789,0.7894736842105265,8.255725189520339,0.4022369073323747,0.02168987963527436,No,No,Normal,Safe,Stable
45335.91666666666,February,278.1,93.05,1,26.5,6.47,7.34,2.79,2,2,1,1,29.1,33.9,24.1,0.2,2,13.89473684210526,0.5263157894736841,8.244924701591493,0.4029113984807,0.02499896716198901,Yes,No,Normal,Safe,Stable
45335.95833333334,February,278.1,93.05,1,26.5,6.47,7.34,2.79,2,2,0,0,29.1,33.9,24.1,0.2,2,13.94736842105263,0.2631578947368425,8.234124213662648,0.4035858896290251,0.02830805468870366,No,No,Normal,Safe,Stable
45336,February,278.1,93.05,1,26.5,6.47,7.34,2.79,2,2,0,0,29.1,33.9,24.1,0.2,2,14,0,8.223323725733803,0.4042603807773504,0.0316171422154183,Yes,No,Normal,Safe,Stable
45336.04166666666,February,278.1,93.05,1,26.5,6.47,7.34,2.79,2,2,0,0,29.1,33.9,24.1,0.2,2,14,1,8.091993992511446,0.3282562339276597,0.0995799919527955,No,No,Normal,Safe,Stable
45336.08333333334,February,278.1,93.05,1,26.5,6.47,7.34,2.79,2,2,0,0,29.1,33.9,24.1,0.2,2,14,2,8.204387000805557,0.3513547184428037,0.4287409716093597,Yes,No,Normal,Safe,Stable
45336.125,February,278.1,93.05,1,26.5,6.47,7.34,2.79,2,2,1,0,29.1,33.9,24.1,0.2,2,14,3,8.352562849376918,0.3091492886625383,0.8789225064208074,No,No,Normal,Safe,Stable
45336.16666666666,February,278.1,93.05,1,26.5,6.47,7.34,2.79,2,2,0,1,29.1,33.9,24.1,0.2,2,14,4,8.184123829993734,0.3396164098652305,0.8535305404752699,Yes,No,Normal,Safe,Stable
45336.20833333334,February,278.1,93.05,1,26.5,6.47,7.34,2.79,2,2,0,0,29.1,33.9,24.1,0.2,2,14,5,8.090206972230677,0.3817708302447617,-0.003212784158970231,No,No,Normal,Safe,Stable
45336.25,February,278.1,93.05,1,26.5,6.47,7.34,2.79,2,2,0,0,29.1,33.9,24.1,0.2,2,14.05263157894737,4.736842105263158,8.064229775851278,0.3830785744004027,-0.001655251524542128,Yes,No,Normal,Safe,Stable
45336.29166666666,February,278.1,93.05,1,26.5,6.47,7.34,2.79,2,2,0,0,29.1,33.9,24.1,0.2,2,14.10526315789474,4.473684210526316,8.038252579471878,0.3843863185560436,-9.771889011402426E-05,No,No,Normal,Safe,Stable
45336.33333333334,February,278.1,93.05,1,26.5,6.47,7.34,2.79,2,2,0,0,29.1,33.9,24.1,0.2,2,14.1578947368421,4.210526315789473,8.012275383092479,0.3856940627116845,0.001459813744314079,Yes,No,Normal,Safe,Stable
45336.375,February,278.1,93.05,1,26.5,6.47,7.34,2.79,2,2,0,1,29.1,33.9,24.1,0.2,2,14.21052631578947,3.947368421052632,7.98629818671308,0.3870018068673255,0.003017346378742182,No,No,Normal,Safe,Stable
45336.41666666666,February,278.1,93.05,1,26.5,6.47,7.34,2.79,2,2,0,0,29.1,33.9,24.1,0.2,2,14.26315789473684,3.684210526315789,7.96032099033368,0.3883095510229665,0.004574879013170286,Yes,No,Normal,Safe,Stable
45336.45833333334,February,278.1,93.05,1,26.5,6.47,7.34,2.79,2,2,0,0,29.1,33.9,24.1,0.2,2,14.31578947368421,3.421052631578947,7.934343793954281,0.3896172951786074,0.006132411647598389,No,No,Normal,Safe,Stable
45336.5,February,278.1,93.05,1,26.5,6.47,7.34,2.79,2,2,0,0,29.1,33.9,24.1,0.2,2,14.36842105263158,3.157894736842105,7.908366597574882,0.3909250393342484,0.007689944282026491,Yes,No,Normal,Safe,Stable
45336.54166666666,February,278.1,93.05,1,26.5,6.47,7.34,2.79,2,2,0,0,29.1,33.9,24.1,0.2,2,14.42105263157895,2.894736842105263,7.882389401195483,0.3922327834898893,0.009247476916454596,No,No,Normal,Safe,Stable
45336.58333333334,February,278.1,93.05,1,26.5,6.47,7.34,2.79,2,2,0,0,29.1,33.9,24.1,0.2,2,14.47368421052632,2.631578947368421,7.856412204816084,0.3935405276455303,0.0108050095508827,Yes,No,Normal,Safe,Stable
45336.625,February,278.1,93.05,1,26.5,6.47,7.34,2.79,2,2,1,0,29.1,33.9,24.1,0.2,2,14.52631578947368,2.368421052631579,7.830435008436685,0.3948482718011713,0.0123625421853108,No,No,Normal,Safe,Stable
45336.66666666666,February,278.1,93.05,1,26.5,6.47,7.34,2.79,2,2,0,0,29.1,33.9,24.1,0.2,2,14.57894736842105,2.105263157894737,7.804457812057286,0.3961560159568122,0.0139200748197389,Yes,No,Normal,Safe,Stable
45336.70833333334,February,278.1,93.05,1,26.5,6.47,7.34,2.79,2,2,0,0,29.1,33.9,24.1,0.2,2,14.63157894736842,1.842105263157895,7.778480615677887,0.3974637601124532,0.01547760745416701,No,No,Normal,Safe,Stable
45336.75,February,278.1,93.05,1,26.5,6.47,7.34,2.79,2,2,0,0,29.1,33.9,24.1,0.2,2,14.68421052631579,1.578947368421053,7.752503419298487,0.3987715042680941,0.01703514008859511,Yes,No,Normal,Safe,Stable
45336.79166666666,February,278.1,93.05,1,26.5,6.47,7.34,2.79,2,2,0,0,29.1,33.9,24.1,0.2,2,14.73684210526316,1.315789473684211,7.726526222919087,0.400079248423735,0.01859267272302322,No,No,Normal,Safe,Stable
45336.83333333334,February,278.1,93.05,1,26.5,6.47,7.34,2.79,2,2,0,1,29.1,33.9,24.1,0.2,2,14.78947368421053,1.052631578947369,7.700549026539688,0.401386992579376,0.02015020535745132,Yes,No,Normal,Safe,Stable
45336.875,February,278.1,93.05,1,26.5,6.47,7.34,2.79,2,2,0,0,29.1,33.9,24.1,0.2,2,14.84210526315789,0.7894736842105265,7.674571830160289,0.402694736735017,0.02170773799187942,No,No,Normal,Safe,Stable
45336.91666666666,February,278.1,93.05,1,26.5,6.47,7.34,2.79,2,2,0,0,29.1,33.9,24.1,0.2,2,14.89473684210526,0.5263157894736841,7.64859463378089,0.4040024808906579,0.02326527062630752,Yes,No,Normal,Safe,Stable
45336.95833333334,February,278.1,93.05,1,26.5,6.47,7.34,2.79,2,2,0,0,29.1,33.9,24.1,0.2,2,14.94736842105263,0.2631578947368425,7.622617437401491,0.4053102250462989,0.02482280326073563,No,No,Normal,Safe,Stable
45337,February,278.1,93.05,1,26.5,6.47,7.34,2.79,2,2,0,1,29.1,33.9,24.1,0.2,2,15,0,7.596640241022092,0.4066179692019398,0.02638033589516373,Yes,No,Normal,Safe,Stable
45337.04166666666,February,278.1,93.05,1,26.5,6.47,7.34,2.79,2,2,1,0,29.1,33.9,24.1,0.2,2,15,1,8.038457821640611,0.9753037893751332,-0.02214641022277164,No,No,Normal,Safe,Stable
45337.08333333334,February,278.1,93.05,1,26.5,6.47,7.34,2.79,2,2,0,0,29.1,33.9,24.1,0.2,2,15,2,8.524589433616299,0.3557333538799418,0.4554999700202854,Yes,No,Normal,Safe,Stable
45337.125,February,278.1,93.05,1,26.5,6.47,7.34,2.79,2,2,1,0,29.1,33.9,24.1,0.2,2,15,3,8.302052320793349,0.283985817795927,0.8592494477175694,No,No,Normal,Safe,Stable
45337.16666666666,February,278.1,93.05,1,26.5,6.47,7.34,2.79,2,2,0,0,29.1,33.9,24.1,0.2,2,15,4,8.454834265977155,0.2928499414803902,0.8174117531189643,Yes,No,Normal,Safe,Stable
45337.20833333334,February,278.1,93.05,1,26.5,6.47,7.34,2.79,2,2,0,0,29.1,33.9,24.1,0.2,2,15,5,7.562365456156614,0.9428286551707328,-0.01909209727407619,No,No,Normal,Safe,Stable
45337.25,February,278.1,93.05,1,26.5,6.47,7.34,2.79,2,2,0,0,29.1,33.9,24.1,0.2,2,15.05263157894737,4.736842105263158,7.595875364211192,0.9158077979015797,-0.0167792272717733,Yes,No,Normal,Safe,Stable
45337.29166666666,February,278.1,93.05,1,26.5,6.47,7.34,2.79,2,2,0,0,29.1,33.9,24.1,0.2,2,15.10526315789474,4.473684210526316,7.629385272265771,0.8887869406324266,-0.0144663572694704,No,No,Normal,Safe,Stable
45337.33333333334,February,278.1,93.05,1,26.5,6.47,7.34,2.79,2,2,0,0,29.1,33.9,24.1,0.2,2,15.1578947368421,4.210526315789473,7.66289518032035,0.8617660833632735,-0.0121534872671675,Yes,No,Normal,Safe,Stable
45337.375,February,278.1,93.05,1,26.5,6.47,7.34,2.79,2,2,0,0,29.1,33.9,24.1,0.2,2,15.21052631578947,3.947368421052632,7.696405088374928,0.8347452260941204,-0.009840617264864605,No,No,Normal,Safe,Stable
45337.41666666666,February,278.1,93.05,1,26.5,6.47,7.34,2.79,2,2,0,0,29.1,33.9,24.1,0.2,2,15.26315789473684,3.684210526315789,7.729914996429507,0.8077243688249673,-0.00752774726256171,Yes,No,Normal,Safe,Stable
45337.45833333334,February,278.1,93.05,1,26.5,6.47,7.34,2.79,2,2,1,0,29.1,33.9,24.1,0.2,2,15.31578947368421,3.421052631578947,7.763424904484086,0.7807035115558143,-0.005214877260258812,No,No,Normal,Safe,Stable
45337.5,February,278.1,93.05,1,26.5,6.47,7.34,2.79,2,2,0,1,29.1,33.9,24.1,0.2,2,15.36842105263158,3.157894736842105,7.796934812538664,0.7536826542866611,-0.002902007257955915,Yes,No,Normal,Safe,Stable
45337.54166666666,February,278.1,93.05,1,26.5,6.47,7.34,2.79,2,2,1,0,29.1,33.9,24.1,0.2,2,15.42105263157895,2.894736842105263,7.830444720593243,0.7266617970175081,-0.0005891372556530196,No,No,Normal,Safe,Stable
45337.58333333334,February,278.1,93.05,1,26.5,6.47,7.34,2.79,2,2,0,0,29.1,33.9,24.1,0.2,2,15.47368421052632,2.631578947368421,7.863954628647821,0.699640939748355,0.001723732746649876,Yes,No,Normal,Safe,Stable
45337.625,February,278.1,93.05,1,26.5,6.47,7.34,2.79,2,2,1,0,29.1,33.9,24.1,0.2,2,15.52631578947368,2.368421052631579,7.8974645367024,0.6726200824792019,0.004036602748952772,No,No,Normal,Safe,Stable
45337.66666666666,February,278.1,93.05,1,26.5,6.47,7.34,2.79,2,2,0,1,29.1,33.9,24.1,0.2,2,15.57894736842105,2.105263157894737,7.930974444756979,0.6455992252100489,0.006349472751255671,Yes,No,Normal,Safe,Stable
45337.70833333334,February,278.1,93.05,1,26.5,6.47,7.34,2.79,2,2,0,0,29.1,33.9,24.1,0.2,2,15.63157894736842,1.842105263157895,7.964484352811557,0.6185783679408957,0.008662342753558566,No,No,Normal,Safe,Stable
45337.75,February,278.1,93.05,1,26.5,6.47,7.34,2.79,2,2,0,0,29.1,33.9,24.1,0.2,2,15.68421052631579,1.578947368421053,7.997994260866136,0.5915575106717426,0.01097521275586146,Yes,No,Normal,Safe,Stable
45337.79166666666,February,278.1,93.05,1,26.5,6.47,7.34,2.79,2,2,0,0,29.1,33.9,24.1,0.2,2,15.73684210526316,1.315789473684211,8.031504168920716,0.5645366534025895,0.01328808275816436,No,No,Normal,Safe,Stable
45337.83333333334,February,278.1,93.05,1,26.5,6.47,7.34,2.79,2,2,1,0,29.1,33.9,24.1,0.2,2,15.78947368421053,1.052631578947369,8.065014076975293,0.5375157961334365,0.01560095276046726,Yes,No,Normal,Safe,Stable
45337.875,February,278.1,93.05,1,26.5,6.47,7.34,2.79,2,2,1,1,29.1,33.9,24.1,0.2,2,15.84210526315789,0.7894736842105265,8.098523985029871,0.5104949388642834,0.01791382276277015,No,No,Normal,Safe,Stable
45337.91666666666,February,278.1,93.05,1,26.5,6.47,7.34,2.79,2,2,0,0,29.1,33.9,24.1,0.2,2,15.89473684210526,0.5263157894736841,8.132033893084451,0.4834740815951303,0.02022669276507305,Yes,No,Normal,Safe,Stable
45337.95833333334,February,278.1,93.05,1,26.5,6.47,7.34,2.79,2,2,0,1,29.1,33.9,24.1,0.2,2,15.94736842105263,0.2631578947368425,8.16554380113903,0.4564532243259772,0.02253956276737594,No,No,Normal,Safe,Stable
45338,February,278.1,93.05,1,26.5,6.47,7.34,2.79,2,2,0,0,29.1,33.9,24.1,0.2,2,16,0,8.199053709193608,0.4294323670568241,0.02485243276967884,Yes,No,Normal,Safe,Stable
45338.04166666666,February,278.1,93.05,1,26.5,6.47,7.34,2.79,2,2,0,0,29.1,33.9,24.1,0.2,2,16,1,8.221313865166735,0.3096484879968358,0.1551470038649498,No,No,Normal,Safe,Stable
45338.08333333334,February,278.1,93.05,1,26.5,6.47,7.34,2.79,2,2,0,1,29.1,33.9,24.1,0.2,2,16,2,7.724607247662369,0.9923325817631663,-0.01188492078801841,Yes,No,Normal,Safe,Stable
45338.125,February,278.1,93.05,1,26.5,6.47,7.34,2.79,2,2,0,0,29.1,33.9,24.1,0.2,2,16,3,8.141149752647635,0.9636874525125413,-0.01218001710340078,No,No,Normal,Safe,Stable
45338.16666666666,February,278.1,93.05,1,26.5,6.47,7.34,2.79,2,2,0,0,29.1,33.9,24.1,0.2,2,16,4,8.149147265531367,0.2810653424115387,0.9679394112332815,Yes,No,Normal,Safe,Stable
45338.20833333334,February,278.1,93.05,1,26.5,6.47,7.34,2.79,2,2,1,0,29.1,33.9,24.1,0.2,2,16,5,8.036076304886038,0.3764600565293267,0.004068323917379173,No,No,Normal,Safe,Stable
45338.25,February,278.1,93.05,1,26.5,6.47,7.34,2.79,2,2,0,0,29.1,33.9,24.1,0.2,2,16.05263157894737,4.736842105263158,8.042069750486897,0.4089121035047663,0.003787837581611215,Yes,No,Normal,Safe,Stable
45338.29166666666,February,278.1,93.05,1,26.5,6.47,7.34,2.79,2,2,0,0,29.1,33.9,24.1,0.2,2,16.10526315789474,4.473684210526316,8.048063196087757,0.4413641504802059,0.003507351245843257,No,No,Normal,Safe,Stable
45338.33333333334,February,278.1,93.05,1,26.5,6.47,7.34,2.79,2,2,0,0,29.1,33.9,24.1,0.2,2,16.15789473684211,4.210526315789473,8.054056641688616,0.4738161974556456,0.003226864910075298,Yes,No,Normal,Safe,Stable
45338.375,February,278.1,93.05,1,26.5,6.47,7.34,2.79,2,2,0,0,29.1,33.9,24.1,0.2,2,16.21052631578947,3.947368421052632,8.060050087289476,0.5062682444310852,0.002946378574307341,No,No,Normal,Safe,Stable
45338.41666666666,February,278.1,93.05,1,26.5,6.47,7.34,2.79,2,2,0,0,29.1,33.9,24.1,0.2,2,16.26315789473684,3.684210526315789,8.066043532890335,0.5387202914065249,0.002665892238539382,Yes,No,Normal,Safe,Stable
45338.45833333334,February,278.1,93.05,1,26.5,6.47,7.34,2.79,2,2,1,1,29.1,33.9,24.1,0.2,2,16.31578947368421,3.421052631578947,8.072036978491195,0.5711723383819645,0.002385405902771424,No,No,Normal,Safe,Stable
45338.5,February,278.1,93.05,1,26.5,6.47,7.34,2.79,2,2,0,0,29.1,33.9,24.1,0.2,2,16.36842105263158,3.157894736842105,8.078030424092054,0.6036243853574041,0.002104919567003466,Yes,No,Normal,Safe,Stable
45338.54166666666,February,278.1,93.05,1,26.5,6.47,7.34,2.79,2,2,1,0,29.1,33.9,24.1,0.2,2,16.42105263157895,2.894736842105263,8.084023869692913,0.6360764323328438,0.001824433231235508,No,No,Normal,Safe,Stable
45338.58333333334,February,278.1,93.05,1,26.5,6.47,7.34,2.79,2,2,0,0,29.1,33.9,24.1,0.2,2,16.47368421052632,2.631578947368421,8.090017315293773,0.6685284793082834,0.00154394689546755,Yes,No,Normal,Safe,Stable
45338.625,February,278.1,93.05,1,26.5,6.47,7.34,2.79,2,2,0,0,29.1,33.9,24.1,0.2,2,16.52631578947368,2.368421052631579,8.096010760894634,0.700980526283723,0.001263460559699592,No,No,Normal,Safe,Stable
45338.66666666666,February,278.1,93.05,1,26.5,6.47,7.34,2.79,2,2,1,0,29.1,33.9,24.1,0.2,2,16.57894736842105,2.105263157894737,8.102004206495494,0.7334325732591627,0.0009829742239316338,Yes,No,Normal,Safe,Stable
45338.70833333334,February,278.1,93.05,1,26.5,6.47,7.34,2.79,2,2,0,0,29.1,33.9,24.1,0.2,2,16.63157894736842,1.842105263157895,8.107997652096353,0.7658846202346024,0.0007024878881636753,No,No,Normal,Safe,Stable
45338.75,February,278.1,93.05,1,26.5,6.47,7.34,2.79,2,2,1,0,29.1,33.9,24.1,0.2,2,16.68421052631579,1.578947368421053,8.113991097697212,0.798336667210042,0.0004220015523957172,Yes,No,Normal,Safe,Stable
45338.79166666666,February,278.1,93.05,1,26.5,6.47,7.34,2.79,2,2,0,0,29.1,33.9,24.1,0.2,2,16.73684210526316,1.315789473684211,8.119984543298072,0.8307887141854816,0.0001415152166277592,No,No,Normal,Safe,Stable
45338.83333333334,February,278.1,93.05,1,26.5,6.47,7.34,2.79,2,2,1,0,29.1,33.9,24.1,0.2,2,16.78947368421053,1.052631578947369,8.125977988898931,0.8632407611609212,-0.0001389711191401985,Yes,No,Normal,Safe,Stable
45338.875,February,278.1,93.05,1,26.5,6.47,7.34,2.79,2,2,1,1,29.1,33.9,24.1,0.2,2,16.84210526315789,0.7894736842105265,8.131971434499791,0.8956928081363609,-0.000419457454908157,No,No,Normal,Safe,Stable
45338.91666666666,February,278.1,93.05,1,26.5,6.47,7.34,2.79,2,2,0,0,29.1,33.9,24.1,0.2,2,16.89473684210526,0.5263157894736841,8.13796488010065,0.9281448551118006,-0.0006999437906761155,Yes,No,Normal,Safe,Stable
45338.95833333334,February,278.1,93.05,1,26.5,6.47,7.34,2.79,2,2,1,0,29.1,33.9,24.1,0.2,2,16.94736842105263,0.2631578947368425,8.14395832570151,0.9605969020872401,-0.0009804301264440731,No,No,Normal,Safe,Stable
45339,February,278.1,93.05,1,26.5,6.47,7.34,2.79,2,2,1,0,29.1,33.9,24.1,0.2,2,17,0,8.149951771302369,0.9930489490626798,-0.001260916462212032,Yes,No,Normal,Safe,Stable
45339.04166666666,February,278.1,93.05,1,26.5,6.47,7.34,2.79,2,2,0,1,29.1,33.9,24.1,0.2,2,17,1,8.467965894431977,0.3333981637751927,0.1243329174549,No,No,Normal,Safe,Stable
45339.08333333334,February,278.1,93.05,1,26.5,6.47,7.34,2.79,2,2,1,1,29.1,33.9,24.1,0.2,2,17,2,7.966225355512655,0.9664466019713038,0.02377015322689255,Yes,No,Normal,Safe,Stable
45339.125,February,278.1,93.05,1,26.5,6.47,7.34,2.79,2,2,1,0,29.1,33.9,24.1,0.2,2,17,3,7.840720849370418,0.249790136830601,0.9735240914185218,No,No,Normal,Safe,Stable
45339.16666666666,February,278.1,93.05,1,26.5,6.47,7.34,2.79,2,2,0,0,29.1,33.9,24.1,0.2,2,17,4,8.45579075404407,0.2164302744809956,0.9113686858309893,Yes,No,Normal,Safe,Stable
45339.20833333334,February,278.1,93.05,1,26.5,6.47,7.34,2.79,2,2,1,1,29.1,33.9,24.1,0.2,2,17,5,8.363653611133241,0.3759375945148349,0.01610865221140716,No,No,Normal,Safe,Stable
45339.25,February,278.1,93.05,1,26.5,6.47,7.34,2.79,2,2,0,0,29.1,33.9,24.1,0.2,2,17.05263157894737,4.736842105263158,8.353067450176137,0.3778300465637129,0.01860238687926311,Yes,No,Normal,Safe,Stable
45339.29166666666,February,278.1,93.05,1,26.5,6.47,7.34,2.79,2,2,0,1,29.1,33.9,24.1,0.2,2,17.10526315789474,4.473684210526316,8.342481289219036,0.3797224986125909,0.02109612154711905,No,No,Normal,Safe,Stable
45339.33333333334,February,278.1,93.05,1,26.5,6.47,7.34,2.79,2,2,0,0,29.1,33.9,24.1,0.2,2,17.15789473684211,4.210526315789473,8.331895128261932,0.3816149506614689,0.02358985621497499,Yes,No,Normal,Safe,Stable
45339.375,February,278.1,93.05,1,26.5,6.47,7.34,2.79,2,2,1,0,29.1,33.9,24.1,0.2,2,17.21052631578947,3.947368421052632,8.32130896730483,0.383507402710347,0.02608359088283094,No,No,Normal,Safe,Stable
45339.41666666666,February,278.1,93.05,1,26.5,6.47,7.34,2.79,2,2,1,0,29.1,33.9,24.1,0.2,2,17.26315789473684,3.684210526315789,8.310722806347727,0.385399854759225,0.02857732555068688,Yes,No,Normal,Safe,Stable
45339.45833333334,February,278.1,93.05,1,26.5,6.47,7.34,2.79,2,2,0,0,29.1,33.9,24.1,0.2,2,17.31578947368421,3.421052631578947,8.300136645390625,0.3872923068081031,0.03107106021854283,No,No,Normal,Safe,Stable
45339.5,February,278.1,93.05,1,26.5,6.47,7.34,2.79,2,2,0,1,29.1,33.9,24.1,0.2,2,17.36842105263158,3.157894736842105,8.289550484433521,0.3891847588569811,0.03356479488639877,Yes,No,Normal,Safe,Stable
45339.54166666666,February,278.1,93.05,1,26.5,6.47,7.34,2.79,2,2,0,0,29.1,33.9,24.1,0.2,2,17.42105263157895,2.894736842105263,8.278964323476417,0.3910772109058591,0.03605852955425472,No,No,Normal,Safe,Stable
45339.58333333334,February,278.1,93.05,1,26.5,6.47,7.34,2.79,2,2,0,0,29.1,33.9,24.1,0.2,2,17.47368421052632,2.631578947368421,8.268378162519316,0.3929696629547371,0.03855226422211066,Yes,No,Normal,Safe,Stable
45339.625,February,278.1,93.05,1,26.5,6.47,7.34,2.79,2,2,0,0,29.1,33.9,24.1,0.2,2,17.52631578947368,2.368421052631579,8.257792001562212,0.3948621150036152,0.0410459988899666,No,No,Normal,Safe,Stable
45339.66666666666,February,278.1,93.05,1,26.5,6.47,7.34,2.79,2,2,0,0,29.1,33.9,24.1,0.2,2,17.57894736842105,2.105263157894737,8.24720584060511,0.3967545670524932,0.04353973355782255,Yes,No,Normal,Safe,Stable
45339.70833333334,February,278.1,93.05,1,26.5,6.47,7.34,2.79,2,2,0,0,29.1,33.9,24.1,0.2,2,17.63157894736842,1.842105263157895,8.236619679648006,0.3986470191013712,0.04603346822567849,No,No,Normal,Safe,Stable
45339.75,February,278.1,93.05,1,26.5,6.47,7.34,2.79,2,2,0,0,29.1,33.9,24.1,0.2,2,17.68421052631579,1.578947368421053,8.226033518690903,0.4005394711502492,0.04852720289353443,Yes,No,Normal,Safe,Stable
45339.79166666666,February,278.1,93.05,1,26.5,6.47,7.34,2.79,2,2,0,1,29.1,33.9,24.1,0.2,2,17.73684210526316,1.315789473684211,8.215447357733801,0.4024319231991273,0.05102093756139038,No,No,Normal,Safe,Stable
45339.83333333334,February,278.1,93.05,1,26.5,6.47,7.34,2.79,2,2,1,0,29.1,33.9,24.1,0.2,2,17.78947368421053,1.052631578947369,8.204861196776697,0.4043243752480053,0.05351467222924633,Yes,No,Normal,Safe,Stable
45339.875,February,278.1,93.05,1,26.5,6.47,7.34,2.79,2,2,0,0,29.1,33.9,24.1,0.2,2,17.84210526315789,0.7894736842105265,8.194275035819595,0.4062168272968834,0.05600840689710226,No,No,Normal,Safe,Stable
45339.91666666666,February,278.1,93.05,1,26.5,6.47,7.34,2.79,2,2,0,0,29.1,33.9,24.1,0.2,2,17.89473684210526,0.5263157894736841,8.183688874862492,0.4081092793457614,0.05850214156495821,Yes,No,Normal,Safe,Stable
45339.95833333334,February,278.1,93.05,1,26.5,6.47,7.34,2.79,2,2,0,0,29.1,33.9,24.1,0.2,2,17.94736842105263,0.2631578947368425,8.17310271390539,0.4100017313946394,0.06099587623281416,No,No,Normal,Safe,Stable
45340,February,278.1,93.05,1,26.5,6.47,7.34,2.79,2,2,0,0,29.1,33.9,24.1,0.2,2,18,0,8.162516552948286,0.4118941834435174,0.0634896109006701,Yes,No,Normal,Safe,Stable
45340.04166666666,February,278.1,93.05,1,26.5,6.47,7.34,2.79,2,2,0,0,29.1,33.9,24.1,0.2,2,18,1,8.326780301291226,0.3222427206834845,0.1158210635084972,No,No,Normal,Safe,Stable
45340.08333333334,February,278.1,93.05,1,26.5,6.47,7.34,2.79,2,2,1,0,29.1,33.9,24.1,0.2,2,18,2,8.050004022649686,0.9541765383150903,0.01035811268750159,Yes,No,Normal,Safe,Stable
45340.125,February,278.1,93.05,1,26.5,6.47,7.34,2.79,2,2,0,0,29.1,33.9,24.1,0.2,2,18,3,7.990853869648745,0.1912668455754836,0.8993916781272904,No,No,Normal,Safe,Stable
45340.16666666666,February,278.1,93.05,1,26.5,6.47,7.34,2.79,2,2,0,0,29.1,33.9,24.1,0.2,2,18,4,8.698572581601836,0.3099079164487106,0.9674200394491592,Yes,No,Normal,Safe,Stable
45340.20833333334,February,278.1,93.05,1,26.5,6.47,7.34,2.79,2,2,0,0,29.1,33.9,24.1,0.2,2,18,5,8.089952886011853,0.3694902091002922,0.01739339069147678,No,No,Normal,Safe,Stable
45340.25,February,278.1,93.05,1,26.5,6.47,7.34,2.79,2,2,0,0,29.1,33.9,24.1,0.2,2,18.05263157894737,4.736842105263158,8.069756817399686,0.4025604865800015,0.01518230872725473,Yes,No,Normal,Safe,Stable
45340.29166666666,February,278.1,93.05,1,26.5,6.47,7.34,2.79,2,2,0,0,29.1,33.9,24.1,0.2,2,18.10526315789474,4.473684210526316,8.049560748787519,0.4356307640597108,0.01297122676303267,No,No,Normal,Safe,Stable
45340.33333333334,February,278.1,93.05,1,26.5,6.47,7.34,2.79,2,2,1,0,29.1,33.9,24.1,0.2,2,18.15789473684211,4.210526315789473,8.029364680175354,0.4687010415394202,0.01076014479881062,Yes,No,Normal,Safe,Stable
45340.375,February,278.1,93.05,1,26.5,6.47,7.34,2.79,2,2,0,0,29.1,33.9,24.1,0.2,2,18.21052631578947,3.947368421052632,8.009168611563187,0.5017713190191295,0.00854906283458857,No,No,Normal,Safe,Stable
45340.41666666666,February,278.1,93.05,1,26.5,6.47,7.34,2.79,2,2,0,1,29.1,33.9,24.1,0.2,2,18.26315789473684,3.684210526315789,7.98897254295102,0.5348415964988388,0.006337980870366517,Yes,No,Normal,Safe,Stable
45340.45833333334,February,278.1,93.05,1,26.5,6.47,7.34,2.79,2,2,0,0,29.1,33.9,24.1,0.2,2,18.31578947368421,3.421052631578947,7.968776474338854,0.5679118739785481,0.004126898906144465,No,No,Normal,Safe,Stable
45340.5,February,278.1,93.05,1,26.5,6.47,7.34,2.79,2,2,0,0,29.1,33.9,24.1,0.2,2,18.36842105263158,3.157894736842105,7.948580405726687,0.6009821514582574,0.001915816941922412,Yes,No,Normal,Safe,Stable
45340.54166666666,February,278.1,93.05,1,26.5,6.47,7.34,2.79,2,2,0,0,29.1,33.9,24.1,0.2,2,18.42105263157895,2.894736842105263,7.92838433711452,0.6340524289379668,-0.0002952650222996407,No,No,Normal,Safe,Stable
45340.58333333334,February,278.1,93.05,1,26.5,6.47,7.34,2.79,2,2,1,0,29.1,33.9,24.1,0.2,2,18.47368421052632,2.631578947368421,7.908188268502354,0.6671227064176761,-0.002506346986521694,Yes,No,Normal,Safe,Stable
45340.625,February,278.1,93.05,1,26.5,6.47,7.34,2.79,2,2,0,0,29.1,33.9,24.1,0.2,2,18.52631578947368,2.368421052631579,7.887992199890187,0.7001929838973854,-0.004717428950743747,No,No,Normal,Safe,Stable
45340.66666666666,February,278.1,93.05,1,26.5,6.47,7.34,2.79,2,2,0,0,29.1,33.9,24.1,0.2,2,18.57894736842105,2.105263157894737,7.867796131278021,0.7332632613770947,-0.0069285109149658,Yes,No,Normal,Safe,Stable
45340.70833333334,February,278.1,93.05,1,26.5,6.47,7.34,2.79,2,2,0,0,29.1,33.9,24.1,0.2,2,18.63157894736842,1.842105263157895,7.847600062665854,0.766333538856804,-0.009139592879187849,No,No,Normal,Safe,Stable
45340.75,February,278.1,93.05,1,26.5,6.47,7.34,2.79,2,2,0,1,29.1,33.9,24.1,0.2,2,18.68421052631579,1.578947368421053,7.827403994053688,0.7994038163365134,-0.0113506748434099,Yes,No,Normal,Safe,Stable
45340.79166666666,February,278.1,93.05,1,26.5,6.47,7.34,2.79,2,2,0,0,29.1,33.9,24.1,0.2,2,18.73684210526316,1.315789473684211,7.807207925441521,0.8324740938162227,-0.01356175680763196,No,No,Normal,Safe,Stable
45340.83333333334,February,278.1,93.05,1,26.5,6.47,7.34,2.79,2,2,1,0,29.1,33.9,24.1,0.2,2,18.78947368421053,1.052631578947369,7.787011856829354,0.8655443712959321,-0.01577283877185401,Yes,No,Normal,Safe,Stable
45340.875,February,278.1,93.05,1,26.5,6.47,7.34,2.79,2,2,0,0,29.1,33.9,24.1,0.2,2,18.84210526315789,0.7894736842105265,7.766815788217188,0.8986146487756413,-0.01798392073607606,No,No,Normal,Safe,Stable
45340.91666666666,February,278.1,93.05,1,26.5,6.47,7.34,2.79,2,2,0,0,29.1,33.9,24.1,0.2,2,18.89473684210526,0.5263157894736841,7.746619719605021,0.9316849262553507,-0.02019500270029811,Yes,No,Normal,Safe,Stable
45340.95833333334,February,278.1,93.05,1,26.5,6.47,7.34,2.79,2,2,0,0,29.1,33.9,24.1,0.2,2,18.94736842105263,0.2631578947368425,7.726423650992855,0.96475520373506,-0.02240608466452017,No,No,Normal,Safe,Stable
45341,February,278.1,93.05,1,26.5,6.47,7.34,2.79,2,2,0,0,29.1,33.9,24.1,0.2,2,19,0,7.706227582380688,0.9978254812147693,-0.02461716662874222,Yes,No,Normal,Safe,Stable
45341.04166666666,February,278.1,93.05,1,26.5,6.47,7.34,2.79,2,2,1,0,29.1,33.9,24.1,0.2,2,19,1,8.238923939295907,0.3695691941901688,0.4091498143420251,No,No,Normal,Safe,Stable
45341.08333333334,February,278.1,93.05,1,26.5,6.47,7.34,2.79,2,2,0,0,29.1,33.9,24.1,0.2,2,19,2,8.249572418437477,0.3303567060041865,0.4852217624534299,Yes,No,Normal,Safe,Stable
45341.125,February,278.1,93.05,1,26.5,6.47,7.34,2.79,2,2,0,0,29.1,33.9,24.1,0.2,2,19,3,8.146046756111271,0.2754840246005329,0.9699405117858826,No,No,Normal,Safe,Stable
45341.16666666666,February,278.1,93.05,1,26.5,6.47,7.34,2.79,2,2,0,0,29.1,33.9,24.1,0.2,2,19,4,8.423008901581918,0.2371154527343338,0.9747212750716788,Yes,No,Normal,Safe,Stable
45341.20833333334,February,278.1,93.05,1,26.5,6.47,7.34,2.79,2,2,0,0,29.1,33.9,24.1,0.2,2,19,5,8.474332336698239,0.3728212415280115,0.01450395371567,No,No,Normal,Safe,Stable
45341.25,February,278.1,93.05,1,26.5,6.47,7.34,2.79,2,2,0,0,29.1,33.9,24.1,0.2,2,19.05263157894737,4.736842105263158,8.458642591633966,0.374972900024242,0.01714732302564916,Yes,No,Normal,Safe,Stable
45341.29166666666,February,278.1,93.05,1,26.5,6.47,7.34,2.79,2,2,0,0,29.1,33.9,24.1,0.2,2,19.10526315789474,4.473684210526316,8.442952846569693,0.3771245585204726,0.01979069233562833,No,No,Normal,Safe,Stable
45341.33333333334,February,278.1,93.05,1,26.5,6.47,7.34,2.79,2,2,0,0,29.1,33.9,24.1,0.2,2,19.15789473684211,4.210526315789473,8.427263101505419,0.3792762170167031,0.02243406164560749,Yes,No,Normal,Safe,Stable
45341.375,February,278.1,93.05,1,26.5,6.47,7.34,2.79,2,2,0,0,29.1,33.9,24.1,0.2,2,19.21052631578947,3.947368421052632,8.411573356441144,0.3814278755129336,0.02507743095558666,No,No,Normal,Safe,Stable
45341.41666666666,February,278.1,93.05,1,26.5,6.47,7.34,2.79,2,2,1,0,29.1,33.9,24.1,0.2,2,19.26315789473684,3.684210526315789,8.39588361137687,0.3835795340091641,0.02772080026556582,Yes,No,Normal,Safe,Stable
45341.45833333334,February,278.1,93.05,1,26.5,6.47,7.34,2.79,2,2,0,0,29.1,33.9,24.1,0.2,2,19.31578947368421,3.421052631578947,8.380193866312597,0.3857311925053946,0.03036416957554498,No,No,Normal,Safe,Stable
45341.5,February,278.1,93.05,1,26.5,6.47,7.34,2.79,2,2,0,0,29.1,33.9,24.1,0.2,2,19.36842105263158,3.157894736842105,8.364504121248324,0.3878828510016251,0.03300753888552414,Yes,No,Normal,Safe,Stable
45341.54166666666,February,278.1,93.05,1,26.5,6.47,7.34,2.79,2,2,0,0,29.1,33.9,24.1,0.2,2,19.42105263157895,2.894736842105263,8.34881437618405,0.3900345094978556,0.03565090819550331,No,No,Normal,Safe,Stable
45341.58333333334,February,278.1,93.05,1,26.5,6.47,7.34,2.79,2,2,0,0,29.1,33.9,24.1,0.2,2,19.47368421052632,2.631578947368421,8.333124631119777,0.3921861679940861,0.03829427750548247,Yes,No,Normal,Safe,Stable
45341.625,February,278.1,93.05,1,26.5,6.47,7.34,2.79,2,2,0,0,29.1,33.9,24.1,0.2,2,19.52631578947368,2.368421052631579,8.317434886055501,0.3943378264903167,0.04093764681546164,No,No,Normal,Safe,Stable
45341.66666666666,February,278.1,93.05,1,26.5,6.47,7.34,2.79,2,2,1,1,29.1,33.9,24.1,0.2,2,19.57894736842105,2.105263157894737,8.301745140991228,0.3964894849865472,0.0435810161254408,Yes,No,Normal,Safe,Stable
45341.70833333334,February,278.1,93.05,1,26.5,6.47,7.34,2.79,2,2,0,0,29.1,33.9,24.1,0.2,2,19.63157894736842,1.842105263157895,8.286055395926955,0.3986411434827777,0.04622438543541996,No,No,Normal,Safe,Stable
45341.75,February,278.1,93.05,1,26.5,6.47,7.34,2.79,2,2,0,0,29.1,33.9,24.1,0.2,2,19.68421052631579,1.578947368421053,8.270365650862681,0.4007928019790082,0.04886775474539912,Yes,No,Normal,Safe,Stable
45341.79166666666,February,278.1,93.05,1,26.5,6.47,7.34,2.79,2,2,0,0,29.1,33.9,24.1,0.2,2,19.73684210526316,1.315789473684211,8.254675905798408,0.4029444604752387,0.05151112405537829,No,No,Normal,Safe,Stable
45341.83333333334,February,278.1,93.05,1,26.5,6.47,7.34,2.79,2,2,0,1,29.1,33.9,24.1,0.2,2,19.78947368421053,1.052631578947369,8.238986160734134,0.4050961189714692,0.05415449336535746,Yes,No,Normal,Safe,Stable
45341.875,February,278.1,93.05,1,26.5,6.47,7.34,2.79,2,2,0,0,29.1,33.9,24.1,0.2,2,19.84210526315789,0.7894736842105265,8.223296415669859,0.4072477774676997,0.05679786267533662,No,No,Normal,Safe,Stable
45341.91666666666,February,278.1,93.05,1,26.5,6.47,7.34,2.79,2,2,0,0,29.1,33.9,24.1,0.2,2,19.89473684210526,0.5263157894736841,8.207606670605585,0.4093994359639302,0.05944123198531578,Yes,No,Normal,Safe,Stable
45341.95833333334,February,278.1,93.05,1,26.5,6.47,7.34,2.79,2,2,1,0,29.1,33.9,24.1,0.2,2,19.94736842105263,0.2631578947368425,8.191916925541312,0.4115510944601608,0.06208460129529494,No,No,Normal,Safe,Stable
45342,February,278.1,93.05,1,26.5,6.47,7.34,2.79,2,2,0,0,29.1,33.9,24.1,0.2,2,20,0,8.176227180477039,0.4137027529563913,0.0647279706052741,Yes,No,Normal,Safe,Stable
45342.04166666666,February,278.1,93.05,1,26.5,6.47,7.34,2.79,2,2,0,0,29.1,33.9,24.1,0.2,2,20,1,8.601672552006686,0.2956543220514078,0.4260997268910398,No,No,Normal,Safe,Stable
45342.08333333334,February,278.1,93.05,1,26.5,6.47,7.34,2.79,2,2,1,0,29.1,33.9,24.1,0.2,2,20,2,7.451510502081464,0.9369734691528142,-0.01522771232633507,Yes,No,Normal,Safe,Stable
45342.125,February,278.1,93.05,1,26.5,6.47,7.34,2.79,2,2,0,0,29.1,33.9,24.1,0.2,2,20,3,8.244180199470252,0.2028992101403526,0.8826272909104123,No,No,Normal,Safe,Stable
45342.16666666666,February,278.1,93.05,1,26.5,6.47,7.34,2.79,2,2,0,0,29.1,33.9,24.1,0.2,2,20,4,8.306085527264656,0.3202090631125133,0.9988090841265409,Yes,No,Normal,Safe,Stable
45342.20833333334,February,278.1,93.05,1,26.5,6.47,7.34,2.79,2,2,1,1,29.1,33.9,24.1,0.2,2,20,5,8.406424575324081,0.3868178730325701,-0.02205430338634589,No,No,Normal,Safe,Stable
45342.25,February,278.1,93.05,1,26.5,6.47,7.34,2.79,2,2,0,0,29.1,33.9,24.1,0.2,2,20.05263157894737,4.736842105263158,8.388916705182883,0.388998151796459,-0.01804566701191615,Yes,No,Normal,Safe,Stable
45342.29166666666,February,278.1,93.05,1,26.5,6.47,7.34,2.79,2,2,1,0,29.1,33.9,24.1,0.2,2,20.10526315789474,4.473684210526316,8.371408835041683,0.391178430560348,-0.01403703063748641,No,No,Normal,Safe,Stable
45342.33333333334,February,278.1,93.05,1,26.5,6.47,7.34,2.79,2,2,0,0,29.1,33.9,24.1,0.2,2,20.15789473684211,4.210526315789473,8.353900964900484,0.3933587093242369,-0.01002839426305667,Yes,No,Normal,Safe,Stable
45342.375,February,278.1,93.05,1,26.5,6.47,7.34,2.79,2,2,0,0,29.1,33.9,24.1,0.2,2,20.21052631578947,3.947368421052632,8.336393094759284,0.3955389880881258,-0.006019757888626933,No,No,Normal,Safe,Stable
45342.41666666666,February,278.1,93.05,1,26.5,6.47,7.34,2.79,2,2,0,0,29.1,33.9,24.1,0.2,2,20.26315789473684,3.684210526315789,8.318885224618086,0.3977192668520148,-0.002011121514197193,Yes,No,Normal,Safe,Stable
45342.45833333334,February,278.1,93.05,1,26.5,6.47,7.34,2.79,2,2,1,0,29.1,33.9,24.1,0.2,2,20.31578947368421,3.421052631578947,8.301377354476886,0.3998995456159037,0.001997514860232544,No,No,Normal,Safe,Stable
45342.5,February,278.1,93.05,1,26.5,6.47,7.34,2.79,2,2,0,0,29.1,33.9,24.1,0.2,2,20.36842105263158,3.157894736842105,8.283869484335687,0.4020798243797927,0.006006151234662284,Yes,No,Normal,Safe,Stable
45342.54166666666,February,278.1,93.05,1,26.5,6.47,7.34,2.79,2,2,0,0,29.1,33.9,24.1,0.2,2,20.42105263157895,2.894736842105263,8.266361614194487,0.4042601031436816,0.01001478760909202,No,No,Normal,Safe,Stable
45342.58333333334,February,278.1,93.05,1,26.5,6.47,7.34,2.79,2,2,0,0,29.1,33.9,24.1,0.2,2,20.47368421052632,2.631578947368421,8.248853744053289,0.4064403819075705,0.01402342398352176,Yes,No,Normal,Safe,Stable
45342.625,February,278.1,93.05,1,26.5,6.47,7.34,2.79,2,2,0,0,29.1,33.9,24.1,0.2,2,20.52631578947368,2.368421052631579,8.231345873912089,0.4086206606714595,0.0180320603579515,No,No,Normal,Safe,Stable
45342.66666666666,February,278.1,93.05,1,26.5,6.47,7.34,2.79,2,2,0,0,29.1,33.9,24.1,0.2,2,20.57894736842105,2.105263157894737,8.21383800377089,0.4108009394353484,0.02204069673238124,Yes,No,Normal,Safe,Stable
45342.70833333334,February,278.1,93.05,1,26.5,6.47,7.34,2.79,2,2,0,0,29.1,33.9,24.1,0.2,2,20.63157894736842,1.842105263157895,8.19633013362969,0.4129812181992373,0.02604933310681098,No,No,Normal,Safe,Stable
45342.75,February,278.1,93.05,1,26.5,6.47,7.34,2.79,2,2,0,0,29.1,33.9,24.1,0.2,2,20.68421052631579,1.578947368421053,8.178822263488492,0.4151614969631263,0.03005796948124072,Yes,No,Normal,Safe,Stable
45342.79166666666,February,278.1,93.05,1,26.5,6.47,7.34,2.79,2,2,0,1,29.1,33.9,24.1,0.2,2,20.73684210526316,1.315789473684211,8.161314393347292,0.4173417757270152,0.03406660585567046,No,No,Normal,Safe,Stable
45342.83333333334,February,278.1,93.05,1,26.5,6.47,7.34,2.79,2,2,0,0,29.1,33.9,24.1,0.2,2,20.78947368421053,1.052631578947369,8.143806523206093,0.4195220544909042,0.0380752422301002,Yes,No,Normal,Safe,Stable
45342.875,February,278.1,93.05,1,26.5,6.47,7.34,2.79,2,2,0,0,29.1,33.9,24.1,0.2,2,20.84210526315789,0.7894736842105265,8.126298653064893,0.4217023332547931,0.04208387860452994,No,No,Normal,Safe,Stable
45342.91666666666,February,278.1,93.05,1,26.5,6.47,7.34,2.79,2,2,1,0,29.1,33.9,24.1,0.2,2,20.89473684210526,0.5263157894736841,8.108790782923695,0.423882612018682,0.04609251497895967,Yes,No,Normal,Safe,Stable
45342.95833333334,February,278.1,93.05,1,26.5,6.47,7.34,2.79,2,2,0,0,29.1,33.9,24.1,0.2,2,20.94736842105263,0.2631578947368425,8.091282912782495,0.426062890782571,0.05010115135338942,No,No,Normal,Safe,Stable
45343,February,278.1,93.05,1,26.5,6.47,7.34,2.79,2,2,1,0,29.1,33.9,24.1,0.2,2,21,0,8.073775042641296,0.4282431695464599,0.05410978772781915,Yes,No,Normal,Safe,Stable
45343.04166666666,February,278.1,93.05,1,26.5,6.47,7.34,2.79,2,2,0,0,29.1,33.9,24.1,0.2,2,21,1,8.004854541099434,0.3288670858911199,0.1094597093617209,No,No,Normal,Safe,Stable
45343.08333333334,February,278.1,93.05,1,26.5,6.47,7.34,2.79,2,2,1,0,29.1,33.9,24.1,0.2,2,21,2,8.035668196401968,0.9435388555714106,-0.002509437756048837,Yes,No,Normal,Safe,Stable
45343.125,February,278.1,93.05,1,26.5,6.47,7.34,2.79,2,2,1,0,29.1,33.9,24.1,0.2,2,21,3,7.813970839056234,0.9799566774859786,-0.02809224536426353,No,No,Normal,Safe,Stable
45343.16666666666,February,278.1,93.05,1,26.5,6.47,7.34,2.79,2,2,0,0,29.1,33.9,24.1,0.2,2,21,4,8.237262673419805,0.2741036840348052,0.8167120631845451,Yes,No,Normal,Safe,Stable
45343.20833333334,February,278.1,93.05,1,26.5,6.47,7.34,2.79,2,2,0,0,29.1,33.9,24.1,0.2,2,21,5,8.023752607023271,0.3877785154248773,0.02780530103235666,No,No,Normal,Safe,Stable
45343.25,February,278.1,93.05,1,26.5,6.47,7.34,2.79,2,2,0,0,29.1,33.9,24.1,0.2,2,21.05263157894737,4.736842105263158,8.017998888219799,0.4189068926189951,0.02645772891420192,Yes,No,Normal,Safe,Stable
45343.29166666666,February,278.1,93.05,1,26.5,6.47,7.34,2.79,2,2,0,0,29.1,33.9,24.1,0.2,2,21.10526315789474,4.473684210526316,8.012245169416325,0.4500352698131129,0.02511015679604717,No,No,Normal,Safe,Stable
45343.33333333334,February,278.1,93.05,1,26.5,6.47,7.34,2.79,2,2,1,0,29.1,33.9,24.1,0.2,2,21.15789473684211,4.210526315789473,8.006491450612852,0.4811636470072307,0.02376258467789243,Yes,No,Normal,Safe,Stable
45343.375,February,278.1,93.05,1,26.5,6.47,7.34,2.79,2,2,1,0,29.1,33.9,24.1,0.2,2,21.21052631578947,3.947368421052632,8.000737731809378,0.5122920242013485,0.02241501255973768,No,No,Normal,Safe,Stable
45343.41666666666,February,278.1,93.05,1,26.5,6.47,7.34,2.79,2,2,0,0,29.1,33.9,24.1,0.2,2,21.26315789473684,3.684210526315789,7.994984013005906,0.5434204013954662,0.02106744044158293,Yes,No,Normal,Safe,Stable
45343.45833333334,February,278.1,93.05,1,26.5,6.47,7.34,2.79,2,2,0,0,29.1,33.9,24.1,0.2,2,21.31578947368421,3.421052631578947,7.989230294202433,0.574548778589584,0.01971986832342819,No,No,Normal,Safe,Stable
45343.5,February,278.1,93.05,1,26.5,6.47,7.34,2.79,2,2,1,0,29.1,33.9,24.1,0.2,2,21.36842105263158,3.157894736842105,7.98347657539896,0.6056771557837018,0.01837229620527344,Yes,No,Normal,Safe,Stable
45343.54166666666,February,278.1,93.05,1,26.5,6.47,7.34,2.79,2,2,1,1,29.1,33.9,24.1,0.2,2,21.42105263157895,2.894736842105263,7.977722856595488,0.6368055329778196,0.0170247240871187,No,No,Normal,Safe,Stable
45343.58333333334,February,278.1,93.05,1,26.5,6.47,7.34,2.79,2,2,1,0,29.1,33.9,24.1,0.2,2,21.47368421052632,2.631578947368421,7.971969137792015,0.6679339101719374,0.01567715196896395,Yes,No,Normal,Safe,Stable
45343.625,February,278.1,93.05,1,26.5,6.47,7.34,2.79,2,2,0,0,29.1,33.9,24.1,0.2,2,21.52631578947368,2.368421052631579,7.966215418988542,0.6990622873660552,0.01432957985080921,No,No,Normal,Safe,Stable
45343.66666666666,February,278.1,93.05,1,26.5,6.47,7.34,2.79,2,2,0,1,29.1,33.9,24.1,0.2,2,21.57894736842105,2.105263157894737,7.960461700185069,0.730190664560173,0.01298200773265446,Yes,No,Normal,Safe,Stable
45343.70833333334,February,278.1,93.05,1,26.5,6.47,7.34,2.79,2,2,0,0,29.1,33.9,24.1,0.2,2,21.63157894736842,1.842105263157895,7.954707981381596,0.7613190417542908,0.01163443561449972,No,No,Normal,Safe,Stable
45343.75,February,278.1,93.05,1,26.5,6.47,7.34,2.79,2,2,0,0,29.1,33.9,24.1,0.2,2,21.68421052631579,1.578947368421053,7.948954262578123,0.7924474189484085,0.01028686349634497,Yes,No,Normal,Safe,Stable
45343.79166666666,February,278.1,93.05,1,26.5,6.47,7.34,2.79,2,2,1,0,29.1,33.9,24.1,0.2,2,21.73684210526316,1.315789473684211,7.94320054377465,0.8235757961425263,0.008939291378190224,No,No,Normal,Safe,Stable
45343.83333333334,February,278.1,93.05,1,26.5,6.47,7.34,2.79,2,2,0,0,29.1,33.9,24.1,0.2,2,21.78947368421053,1.052631578947369,7.937446824971177,0.8547041733366442,0.00759171926003548,Yes,No,Normal,Safe,Stable
45343.875,February,278.1,93.05,1,26.5,6.47,7.34,2.79,2,2,0,0,29.1,33.9,24.1,0.2,2,21.84210526315789,0.7894736842105265,7.931693106167704,0.8858325505307619,0.006244147141880735,No,No,Normal,Safe,Stable
45343.91666666666,February,278.1,93.05,1,26.5,6.47,7.34,2.79,2,2,0,0,29.1,33.9,24.1,0.2,2,21.89473684210526,0.5263157894736841,7.925939387364232,0.9169609277248797,0.00489657502372599,Yes,No,Normal,Safe,Stable
45343.95833333334,February,278.1,93.05,1,26.5,6.47,7.34,2.79,2,2,0,1,29.1,33.9,24.1,0.2,2,21.94736842105263,0.2631578947368425,7.920185668560759,0.9480893049189975,0.003549002905571245,No,No,Normal,Safe,Stable
45344,February,278.1,93.05,1,26.5,6.47,7.34,2.79,2,2,0,0,29.1,33.9,24.1,0.2,2,22,0,7.914431949757286,0.9792176821131153,0.002201430787416502,Yes,No,Normal,Safe,Stable
45344.04166666666,February,278.1,93.05,1,26.5,6.47,7.34,2.79,2,2,0,0,29.1,33.9,24.1,0.2,2,22,1,8.036078108809587,0.3324342230658702,0.1127882732212514,No,No,Normal,Safe,Stable
45344.08333333334,February,278.1,93.05,1,26.5,6.47,7.34,2.79,2,2,1,0,29.1,33.9,24.1,0.2,2,22,2,8.29240639561192,0.3049096883418457,0.415299741288754,Yes,No,Normal,Safe,Stable
45344.125,February,278.1,93.05,1,26.5,6.47,7.34,2.79,2,2,1,0,29.1,33.9,24.1,0.2,2,22,3,7.991534049368396,0.260197412339438,0.9401151231169498,No,No,Normal,Safe,Stable
45344.16666666666,February,278.1,93.05,1,26.5,6.47,7.34,2.79,2,2,0,0,29.1,33.9,24.1,0.2,2,22,4,8.17117615357556,0.2490710855143905,0.8477765508302326,Yes,No,Normal,Safe,Stable
45344.20833333334,February,278.1,93.05,1,26.5,6.47,7.34,2.79,2,2,0,0,29.1,33.9,24.1,0.2,2,22,5,8.200715834646786,0.3990378558491314,0.01397073623815526,No,No,Normal,Safe,Stable
45344.25,February,278.1,93.05,1,26.5,6.47,7.34,2.79,2,2,0,0,29.1,33.9,24.1,0.2,2,22.05263157894737,4.736842105263158,8.19749133595465,0.4005079332411258,0.01254868739340682,Yes,No,Normal,Safe,Stable
45344.29166666666,February,278.1,93.05,1,26.5,6.47,7.34,2.79,2,2,0,0,29.1,33.9,24.1,0.2,2,22.10526315789474,4.473684210526316,8.194266837262512,0.4019780106331203,0.01112663854865838,No,No,Normal,Safe,Stable
45344.33333333334,February,278.1,93.05,1,26.5,6.47,7.34,2.79,2,2,0,0,29.1,33.9,24.1,0.2,2,22.15789473684211,4.210526315789473,8.191042338570377,0.4034480880251147,0.009704589703909939,Yes,No,Normal,Safe,Stable
45344.375,February,278.1,93.05,1,26.5,6.47,7.34,2.79,2,2,0,0,29.1,33.9,24.1,0.2,2,22.21052631578947,3.947368421052632,8.187817839878241,0.4049181654171091,0.008282540859161497,No,No,Normal,Safe,Stable
45344.41666666666,February,278.1,93.05,1,26.5,6.47,7.34,2.79,2,2,0,0,29.1,33.9,24.1,0.2,2,22.26315789473684,3.684210526315789,8.184593341186103,0.4063882428091036,0.006860492014413057,Yes,No,Normal,Safe,Stable
45344.45833333334,February,278.1,93.05,1,26.5,6.47,7.34,2.79,2,2,0,0,29.1,33.9,24.1,0.2,2,22.31578947368421,3.421052631578947,8.181368842493967,0.407858320201098,0.005438443169664617,No,No,Normal,Safe,Stable
45344.5,February,278.1,93.05,1,26.5,6.47,7.34,2.79,2,2,1,0,29.1,33.9,24.1,0.2,2,22.36842105263158,3.157894736842105,8.178144343801831,0.4093283975930925,0.004016394324916175,Yes,No,Normal,Safe,Stable
45344.54166666666,February,278.1,93.05,1,26.5,6.47,7.34,2.79,2,2,0,0,29.1,33.9,24.1,0.2,2,22.42105263157895,2.894736842105263,8.174919845109693,0.4107984749850869,0.002594345480167735,No,No,Normal,Safe,Stable
45344.58333333334,February,278.1,93.05,1,26.5,6.47,7.34,2.79,2,2,0,0,29.1,33.9,24.1,0.2,2,22.47368421052632,2.631578947368421,8.171695346417557,0.4122685523770814,0.001172296635419295,Yes,No,Normal,Safe,Stable
45344.625,February,278.1,93.05,1,26.5,6.47,7.34,2.79,2,2,0,0,29.1,33.9,24.1,0.2,2,22.52631578947368,2.368421052631579,8.168470847725422,0.4137386297690758,-0.0002497522093291467,No,No,Normal,Safe,Stable
45344.66666666666,February,278.1,93.05,1,26.5,6.47,7.34,2.79,2,2,0,0,29.1,33.9,24.1,0.2,2,22.57894736842105,2.105263157894737,8.165246349033286,0.4152087071610702,-0.001671801054077587,Yes,No,Normal,Safe,Stable
45344.70833333334,February,278.1,93.05,1,26.5,6.47,7.34,2.79,2,2,0,0,29.1,33.9,24.1,0.2,2,22.63157894736842,1.842105263157895,8.162021850341148,0.4166787845530647,-0.003093849898826027,No,No,Normal,Safe,Stable
45344.75,February,278.1,93.05,1,26.5,6.47,7.34,2.79,2,2,0,0,29.1,33.9,24.1,0.2,2,22.68421052631579,1.578947368421053,8.158797351649012,0.4181488619450591,-0.004515898743574467,Yes,No,Normal,Safe,Stable
45344.79166666666,February,278.1,93.05,1,26.5,6.47,7.34,2.79,2,2,0,1,29.1,33.9,24.1,0.2,2,22.73684210526316,1.315789473684211,8.155572852956876,0.4196189393370536,-0.00593794758832291,No,No,Normal,Safe,Stable
45344.83333333334,February,278.1,93.05,1,26.5,6.47,7.34,2.79,2,2,0,0,29.1,33.9,24.1,0.2,2,22.78947368421053,1.052631578947369,8.152348354264738,0.421089016729048,-0.00735999643307135,Yes,No,Normal,Safe,Stable
45344.875,February,278.1,93.05,1,26.5,6.47,7.34,2.79,2,2,0,0,29.1,33.9,24.1,0.2,2,22.84210526315789,0.7894736842105265,8.149123855572602,0.4225590941210424,-0.00878204527781979,No,No,Normal,Safe,Stable
45344.91666666666,February,278.1,93.05,1,26.5,6.47,7.34,2.79,2,2,1,1,29.1,33.9,24.1,0.2,2,22.89473684210526,0.5263157894736841,8.145899356880467,0.4240291715130369,-0.01020409412256823,Yes,No,Normal,Safe,Stable
45344.95833333334,February,278.1,93.05,1,26.5,6.47,7.34,2.79,2,2,0,0,29.1,33.9,24.1,0.2,2,22.94736842105263,0.2631578947368425,8.142674858188329,0.4254992489050313,-0.01162614296731667,No,No,Normal,Safe,Stable
45345,February,278.1,93.05,1,26.5,6.47,7.34,2.79,2,2,1,0,29.1,33.9,24.1,0.2,2,23,0,8.139450359496193,0.4269693262970258,-0.01304819181206511,Yes,No,Normal,Safe,Stable
45345.04166666666,February,278.1,93.05,1,26.5,6.47,7.34,2.79,2,2,0,0,29.1,33.9,24.1,0.2,2,23,1,8.301852445426812,0.3334915019824237,0.1290077305985956,No,No,Normal,Safe,Stable
45345.08333333334,February,278.1,93.05,1,26.5,6.47,7.34,2.79,2,2,1,1,29.1,33.9,24.1,0.2,2,23,2,7.956832815978472,0.9783791786002798,-0.02489542249499063,Yes,No,Normal,Safe,Stable
45345.125,February,278.1,93.05,1,26.5,6.47,7.34,2.79,2,2,0,0,29.1,33.9,24.1,0.2,2,23,3,7.988937958268951,0.2330222762603995,0.8328264948246776,No,No,Normal,Safe,Stable
45345.16666666666,February,278.1,93.05,1,26.5,6.47,7.34,2.79,2,2,1,0,29.1,33.9,24.1,0.2,2,23,4,7.999789314365995,0.9363189902280391,0.01713802451913409,Yes,No,Normal,Safe,Stable
45345.20833333334,February,278.1,93.05,1,26.5,6.47,7.34,2.79,2,2,1,0,29.1,33.9,24.1,0.2,2,23,5,7.673919157260212,0.373737097792356,0.004273913599696876,No,No,Normal,Safe,Stable
45345.25,February,278.1,93.05,1,26.5,6.47,7.34,2.79,2,2,0,0,29.1,33.9,24.1,0.2,2,23.05263157894737,4.736842105263158,7.689886266044034,0.3763799492345251,0.00572887221500292,Yes,No,Normal,Safe,Stable
45345.29166666666,February,278.1,93.05,1,26.5,6.47,7.34,2.79,2,2,0,0,29.1,33.9,24.1,0.2,2,23.10526315789474,4.473684210526316,7.705853374827857,0.3790228006766942,0.007183830830308964,No,No,Normal,Safe,Stable
45345.33333333334,February,278.1,93.05,1,26.5,6.47,7.34,2.79,2,2,0,0,29.1,33.9,24.1,0.2,2,23.15789473684211,4.210526315789473,7.72182048361168,0.3816656521188633,0.008638789445615008,Yes,No,Normal,Safe,Stable
45345.375,February,278.1,93.05,1,26.5,6.47,7.34,2.79,2,2,0,0,29.1,33.9,24.1,0.2,2,23.21052631578947,3.947368421052632,7.737787592395502,0.3843085035610324,0.01009374806092105,No,No,Normal,Safe,Stable
45345.41666666666,February,278.1,93.05,1,26.5,6.47,7.34,2.79,2,2,1,0,29.1,33.9,24.1,0.2,2,23.26315789473684,3.684210526315789,7.753754701179326,0.3869513550032015,0.0115487066762271,Yes,No,Normal,Safe,Stable
45345.45833333334,February,278.1,93.05,1,26.5,6.47,7.34,2.79,2,2,0,0,29.1,33.9,24.1,0.2,2,23.31578947368421,3.421052631578947,7.769721809963149,0.3895942064453706,0.01300366529153314,No,No,Normal,Safe,Stable
45345.5,February,278.1,93.05,1,26.5,6.47,7.34,2.79,2,2,0,0,29.1,33.9,24.1,0.2,2,23.36842105263158,3.157894736842105,7.785688918746971,0.3922370578875397,0.01445862390683918,Yes,No,Normal,Safe,Stable
45345.54166666666,February,278.1,93.05,1,26.5,6.47,7.34,2.79,2,2,0,0,29.1,33.9,24.1,0.2,2,23.42105263157895,2.894736842105263,7.801656027530794,0.3948799093297088,0.01591358252214523,No,No,Normal,Safe,Stable
45345.58333333334,February,278.1,93.05,1,26.5,6.47,7.34,2.79,2,2,0,0,29.1,33.9,24.1,0.2,2,23.47368421052632,2.631578947368421,7.817623136314617,0.3975227607718779,0.01736854113745127,Yes,No,Normal,Safe,Stable
45345.625,February,278.1,93.05,1,26.5,6.47,7.34,2.79,2,2,0,0,29.1,33.9,24.1,0.2,2,23.52631578947368,2.368421052631579,7.833590245098439,0.400165612214047,0.01882349975275732,No,No,Normal,Safe,Stable
45345.66666666666,February,278.1,93.05,1,26.5,6.47,7.34,2.79,2,2,0,0,29.1,33.9,24.1,0.2,2,23.57894736842105,2.105263157894737,7.849557353882262,0.4028084636562161,0.02027845836806336,Yes,No,Normal,Safe,Stable
45345.70833333334,February,278.1,93.05,1,26.5,6.47,7.34,2.79,2,2,0,0,29.1,33.9,24.1,0.2,2,23.63157894736842,1.842105263157895,7.865524462666085,0.4054513150983852,0.0217334169833694,No,No,Normal,Safe,Stable
45345.75,February,278.1,93.05,1,26.5,6.47,7.34,2.79,2,2,0,0,29.1,33.9,24.1,0.2,2,23.68421052631579,1.578947368421053,7.881491571449907,0.4080941665405543,0.02318837559867545,Yes,No,Normal,Safe,Stable
45345.79166666666,February,278.1,93.05,1,26.5,6.47,7.34,2.79,2,2,0,0,29.1,33.9,24.1,0.2,2,23.73684210526316,1.315789473684211,7.89745868023373,0.4107370179827234,0.02464333421398149,No,No,Normal,Safe,Stable
45345.83333333334,February,278.1,93.05,1,26.5,6.47,7.34,2.79,2,2,1,0,29.1,33.9,24.1,0.2,2,23.78947368421053,1.052631578947369,7.913425789017554,0.4133798694248925,0.02609829282928753,Yes,No,Normal,Safe,Stable
45345.875,February,278.1,93.05,1,26.5,6.47,7.34,2.79,2,2,1,0,29.1,33.9,24.1,0.2,2,23.84210526315789,0.7894736842105265,7.929392897801376,0.4160227208670616,0.02755325144459358,No,No,Normal,Safe,Stable
45345.91666666666,February,278.1,93.05,1,26.5,6.47,7.34,2.79,2,2,1,0,29.1,33.9,24.1,0.2,2,23.89473684210526,0.5263157894736841,7.945360006585199,0.4186655723092307,0.02900821005989962,Yes,No,Normal,Safe,Stable
45345.95833333334,February,278.1,93.05,1,26.5,6.47,7.34,2.79,2,2,0,0,29.1,33.9,24.1,0.2,2,23.94736842105263,0.2631578947368425,7.961327115369022,0.4213084237513998,0.03046316867520566,No,No,Normal,Safe,Stable
45346,February,278.1,93.05,1,26.5,6.47,7.34,2.79,2,2,1,0,29.1,33.9,24.1,0.2,2,24,0,7.977294224152844,0.4239512751935689,0.03191812729051171,Yes,No,Normal,Safe,Stable
45346.04166666666,February,278.1,93.05,1,26.5,6.47,7.34,2.79,2,2,0,0,29.1,33.9,24.1,0.2,2,24,1,8.468152729353138,0.2959530362976859,0.1222133561350178,No,No,Normal,Safe,Stable
45346.08333333334,February,278.1,93.05,1,26.5,6.47,7.34,2.79,2,2,0,0,29.1,33.9,24.1,0.2,2,24,2,7.814239638744459,0.9039835042098041,-0.0385025652387531,Yes,No,Normal,Safe,Stable
45346.125,February,278.1,93.05,1,26.5,6.47,7.34,2.79,2,2,0,0,29.1,33.9,24.1,0.2,2,24,3,7.748401601623383,0.9514048271988874,0.0136417575027843,No,No,Normal,Safe,Stable
45346.16666666666,February,278.1,93.05,1,26.5,6.47,7.34,2.79,2,2,0,1,29.1,33.9,24.1,0.2,2,24,4,8.15287571022694,0.2773976758154845,0.8513986547818048,Yes,No,Normal,Safe,Stable
45346.20833333334,February,278.1,93.05,1,26.5,6.47,7.34,2.79,2,2,0,0,29.1,33.9,24.1,0.2,2,24,5,8.324498841404001,0.3982577180807783,-0.003713683040885105,No,No,Normal,Safe,Stable
45346.25,February,278.1,93.05,1,26.5,6.47,7.34,2.79,2,2,1,0,29.1,33.9,24.1,0.2,2,24.05263157894737,4.736842105263158,8.308599634625498,0.399286705695213,-0.002263946235222924,Yes,No,Normal,Safe,Stable
45346.29166666666,February,278.1,93.05,1,26.5,6.47,7.34,2.79,2,2,1,0,29.1,33.9,24.1,0.2,2,24.10526315789474,4.473684210526316,8.292700427846995,0.4003156933096476,-0.0008142094295607422,No,No,Normal,Safe,Stable
45346.33333333334,February,278.1,93.05,1,26.5,6.47,7.34,2.79,2,2,0,0,29.1,33.9,24.1,0.2,2,24.15789473684211,4.210526315789473,8.276801221068492,0.4013446809240823,0.0006355273761014394,Yes,No,Normal,Safe,Stable
45346.375,February,278.1,93.05,1,26.5,6.47,7.34,2.79,2,2,0,0,29.1,33.9,24.1,0.2,2,24.21052631578947,3.947368421052632,8.260902014289991,0.4023736685385169,0.002085264181763621,No,No,Normal,Safe,Stable
45346.41666666666,February,278.1,93.05,1,26.5,6.47,7.34,2.79,2,2,1,0,29.1,33.9,24.1,0.2,2,24.26315789473684,3.684210526315789,8.245002807511488,0.4034026561529516,0.003535000987425802,Yes,No,Normal,Safe,Stable
45346.45833333334,February,278.1,93.05,1,26.5,6.47,7.34,2.79,2,2,1,0,29.1,33.9,24.1,0.2,2,24.31578947368421,3.421052631578947,8.229103600732985,0.4044316437673862,0.004984737793087984,No,No,Normal,Safe,Stable
45346.5,February,278.1,93.05,1,26.5,6.47,7.34,2.79,2,2,0,0,29.1,33.9,24.1,0.2,2,24.36842105263158,3.157894736842105,8.213204393954483,0.4054606313818209,0.006434474598750165,Yes,No,Normal,Safe,Stable
45346.54166666666,February,278.1,93.05,1,26.5,6.47,7.34,2.79,2,2,0,0,29.1,33.9,24.1,0.2,2,24.42105263157895,2.894736842105263,8.19730518717598,0.4064896189962555,0.007884211404412346,No,No,Normal,Safe,Stable
45346.58333333334,February,278.1,93.05,1,26.5,6.47,7.34,2.79,2,2,0,0,29.1,33.9,24.1,0.2,2,24.47368421052632,2.631578947368421,8.181405980397477,0.4075186066106902,0.009333948210074527,Yes,No,Normal,Safe,Stable
45346.625,February,278.1,93.05,1,26.5,6.47,7.34,2.79,2,2,0,0,29.1,33.9,24.1,0.2,2,24.52631578947368,2.368421052631579,8.165506773618976,0.4085475942251248,0.01078368501573671,No,No,Normal,Safe,Stable
45346.66666666666,February,278.1,93.05,1,26.5,6.47,7.34,2.79,2,2,0,0,29.1,33.9,24.1,0.2,2,24.57894736842105,2.105263157894737,8.149607566840473,0.4095765818395595,0.01223342182139889,Yes,No,Normal,Safe,Stable
45346.70833333334,February,278.1,93.05,1,26.5,6.47,7.34,2.79,2,2,1,0,29.1,33.9,24.1,0.2,2,24.63157894736842,1.842105263157895,8.13370836006197,0.4106055694539941,0.01368315862706107,No,No,Normal,Safe,Stable
45346.75,February,278.1,93.05,1,26.5,6.47,7.34,2.79,2,2,0,0,29.1,33.9,24.1,0.2,2,24.68421052631579,1.578947368421053,8.117809153283467,0.4116345570684288,0.01513289543272325,Yes,No,Normal,Safe,Stable
45346.79166666666,February,278.1,93.05,1,26.5,6.47,7.34,2.79,2,2,1,0,29.1,33.9,24.1,0.2,2,24.73684210526316,1.315789473684211,8.101909946504964,0.4126635446828634,0.01658263223838544,No,No,Normal,Safe,Stable
45346.83333333334,February,278.1,93.05,1,26.5,6.47,7.34,2.79,2,2,0,0,29.1,33.9,24.1,0.2,2,24.78947368421053,1.052631578947369,8.086010739726461,0.4136925322972981,0.01803236904404761,Yes,No,Normal,Safe,Stable
45346.875,February,278.1,93.05,1,26.5,6.47,7.34,2.79,2,2,0,0,29.1,33.9,24.1,0.2,2,24.84210526315789,0.7894736842105265,8.07011153294796,0.4147215199117327,0.0194821058497098,No,No,Normal,Safe,Stable
45346.91666666666,February,278.1,93.05,1,26.5,6.47,7.34,2.79,2,2,1,0,29.1,33.9,24.1,0.2,2,24.89473684210526,0.5263157894736841,8.054212326169457,0.4157505075261674,0.02093184265537198,Yes,No,Normal,Safe,Stable
45346.95833333334,February,278.1,93.05,1,26.5,6.47,7.34,2.79,2,2,0,0,29.1,33.9,24.1,0.2,2,24.94736842105263,0.2631578947368425,8.038313119390954,0.416779495140602,0.02238157946103416,No,No,Normal,Safe,Stable
45347,February,278.1,93.05,1,26.5,6.47,7.34,2.79,2,2,0,0,29.1,33.9,24.1,0.2,2,25,0,8.022413912612452,0.4178084827550367,0.02383131626669634,Yes,No,Normal,Safe,Stable
45347.04166666666,February,278.1,93.05,1,26.5,6.47,7.34,2.79,2,2,1,1,29.1,33.9,24.1,0.2,2,25,1,7.902457451813908,0.984206840688001,0.01085600506863779,No,No,Normal,Safe,Stable
45347.08333333334,February,278.1,93.05,1,26.5,6.47,7.34,2.79,2,2,0,0,29.1,33.9,24.1,0.2,2,25,2,8.59070291773423,0.3276472656256152,0.4491191092514516,Yes,No,Normal,Safe,Stable
45347.125,February,278.1,93.05,1,26.5,6.47,7.34,2.79,2,2,1,0,29.1,33.9,24.1,0.2,2,25,3,8.147035002378269,0.1949872825097466,0.8154949719411819,No,No,Normal,Safe,Stable
45347.16666666666,February,278.1,93.05,1,26.5,6.47,7.34,2.79,2,2,1,0,29.1,33.9,24.1,0.2,2,25,4,8.253888933095578,0.2738249871300302,0.8546105038791043,Yes,No,Normal,Safe,Stable
45347.20833333334,February,278.1,93.05,1,26.5,6.47,7.34,2.79,2,2,0,0,29.1,33.9,24.1,0.2,2,25,5,8.206483591621934,0.3860070946272451,-0.006188310542128627,No,No,Normal,Safe,Stable
45347.25,February,278.1,93.05,1,26.5,6.47,7.34,2.79,2,2,0,0,29.1,33.9,24.1,0.2,2,25.05263157894737,4.736842105263158,8.202559552386976,0.4161328001437073,-0.005068478371961184,Yes,No,Normal,Safe,Stable
45347.29166666666,February,278.1,93.05,1,26.5,6.47,7.34,2.79,2,2,0,1,29.1,33.9,24.1,0.2,2,25.10526315789474,4.473684210526316,8.19863551315202,0.4462585056601695,-0.003948646201793741,No,No,Normal,Safe,Stable
45347.33333333334,February,278.1,93.05,1,26.5,6.47,7.34,2.79,2,2,0,0,29.1,33.9,24.1,0.2,2,25.15789473684211,4.210526315789473,8.194711473917062,0.4763842111766318,-0.002828814031626297,Yes,No,Normal,Safe,Stable
45347.375,February,278.1,93.05,1,26.5,6.47,7.34,2.79,2,2,0,0,29.1,33.9,24.1,0.2,2,25.21052631578947,3.947368421052632,8.190787434682104,0.506509916693094,-0.001708981861458854,No,No,Normal,Safe,Stable
45347.41666666666,February,278.1,93.05,1,26.5,6.47,7.34,2.79,2,2,0,0,29.1,33.9,24.1,0.2,2,25.26315789473684,3.684210526315789,8.186863395447146,0.5366356222095562,-0.0005891496912914101,Yes,No,Normal,Safe,Stable
45347.45833333334,February,278.1,93.05,1,26.5,6.47,7.34,2.79,2,2,0,0,29.1,33.9,24.1,0.2,2,25.31578947368421,3.421052631578947,8.18293935621219,0.5667613277260184,0.0005306824788760328,No,No,Normal,Safe,Stable
45347.5,February,278.1,93.05,1,26.5,6.47,7.34,2.79,2,2,0,0,29.1,33.9,24.1,0.2,2,25.36842105263158,3.157894736842105,8.179015316977232,0.5968870332424806,0.001650514649043476,Yes,No,Normal,Safe,Stable
45347.54166666666,February,278.1,93.05,1,26.5,6.47,7.34,2.79,2,2,1,0,29.1,33.9,24.1,0.2,2,25.42105263157895,2.894736842105263,8.175091277742274,0.6270127387589428,0.00277034681921092,No,No,Normal,Safe,Stable
45347.58333333334,February,278.1,93.05,1,26.5,6.47,7.34,2.79,2,2,0,0,29.1,33.9,24.1,0.2,2,25.47368421052632,2.631578947368421,8.171167238507316,0.657138444275405,0.003890178989378363,Yes,No,Normal,Safe,Stable
45347.625,February,278.1,93.05,1,26.5,6.47,7.34,2.79,2,2,0,0,29.1,33.9,24.1,0.2,2,25.52631578947368,2.368421052631579,8.16724319927236,0.6872641497918672,0.005010011159545807,No,No,Normal,Safe,Stable
45347.66666666666,February,278.1,93.05,1,26.5,6.47,7.34,2.79,2,2,0,0,29.1,33.9,24.1,0.2,2,25.57894736842105,2.105263157894737,8.163319160037402,0.7173898553083294,0.006129843329713249,Yes,No,Normal,Safe,Stable
45347.70833333334,February,278.1,93.05,1,26.5,6.47,7.34,2.79,2,2,0,0,29.1,33.9,24.1,0.2,2,25.63157894736842,1.842105263157895,8.159395120802444,0.7475155608247916,0.007249675499880693,No,No,Normal,Safe,Stable
45347.75,February,278.1,93.05,1,26.5,6.47,7.34,2.79,2,2,0,0,29.1,33.9,24.1,0.2,2,25.68421052631579,1.578947368421053,8.155471081567486,0.777641266341254,0.008369507670048137,Yes,No,Normal,Safe,Stable
45347.79166666666,February,278.1,93.05,1,26.5,6.47,7.34,2.79,2,2,0,0,29.1,33.9,24.1,0.2,2,25.73684210526316,1.315789473684211,8.151547042332529,0.8077669718577161,0.009489339840215579,No,No,Normal,Safe,Stable
45347.83333333334,February,278.1,93.05,1,26.5,6.47,7.34,2.79,2,2,1,0,29.1,33.9,24.1,0.2,2,25.78947368421053,1.052631578947369,8.147623003097571,0.8378926773741784,0.01060917201038302,Yes,No,Normal,Safe,Stable
45347.875,February,278.1,93.05,1,26.5,6.47,7.34,2.79,2,2,0,0,29.1,33.9,24.1,0.2,2,25.84210526315789,0.7894736842105265,8.143698963862613,0.8680183828906405,0.01172900418055047,No,No,Normal,Safe,Stable
45347.91666666666,February,278.1,93.05,1,26.5,6.47,7.34,2.79,2,2,0,0,29.1,33.9,24.1,0.2,2,25.89473684210526,0.5263157894736841,8.139774924627655,0.8981440884071028,0.01284883635071791,Yes,No,Normal,Safe,Stable
45347.95833333334,February,278.1,93.05,1,26.5,6.47,7.34,2.79,2,2,0,0,29.1,33.9,24.1,0.2,2,25.94736842105263,0.2631578947368425,8.135850885392699,0.9282697939235649,0.01396866852088535,No,No,Normal,Safe,Stable
45348,February,278.1,93.05,1,26.5,6.47,7.34,2.79,2,2,0,1,29.1,33.9,24.1,0.2,2,26,0,8.131926846157741,0.9583954994400272,0.0150885006910528,Yes,No,Normal,Safe,Stable
45348.04166666666,February,278.1,93.05,1,26.5,6.47,7.34,2.79,2,2,0,0,29.1,33.9,24.1,0.2,2,26,1,7.877375686536541,1.018198220210716,-0.005345641007609477,No,No,Normal,Safe,Stable
45348.08333333334,February,278.1,93.05,1,26.5,6.47,7.34,2.79,2,2,1,1,29.1,33.9,24.1,0.2,2,26,2,8.306109019587772,0.2972484842275315,0.50327680429752,Yes,No,Normal,Safe,Stable
45348.125,February,278.1,93.05,1,26.5,6.47,7.34,2.79,2,2,0,0,29.1,33.9,24.1,0.2,2,26,3,8.127703981523256,0.2659675442325889,0.8446538425362746,No,No,Normal,Safe,Stable
45348.16666666666,February,278.1,93.05,1,26.5,6.47,7.34,2.79,2,2,0,0,29.1,33.9,24.1,0.2,2,26,4,7.827479448090081,0.9293435248342785,0.0131531904604606,Yes,No,Normal,Safe,Stable
45348.20833333334,February,278.1,93.05,1,26.5,6.47,7.34,2.79,2,2,0,0,29.1,33.9,24.1,0.2,2,26,5,8.439824868156018,0.3891817575308517,0.04133070250586159,No,No,Normal,Safe,Stable
45348.25,February,278.1,93.05,1,26.5,6.47,7.34,2.79,2,2,0,0,29.1,33.9,24.1,0.2,2,26.05263157894737,4.736842105263158,8.405197851802804,0.4191674355725964,0.0359398444582921,Yes,No,Normal,Safe,Stable
45348.29166666666,February,278.1,93.05,1,26.5,6.47,7.34,2.79,2,2,0,0,29.1,33.9,24.1,0.2,2,26.10526315789474,4.473684210526316,8.370570835449589,0.4491531136143411,0.03054898641072262,No,No,Normal,Safe,Stable
45348.33333333334,February,278.1,93.05,1,26.5,6.47,7.34,2.79,2,2,0,0,29.1,33.9,24.1,0.2,2,26.15789473684211,4.210526315789473,8.335943819096377,0.4791387916560857,0.02515812836315312,Yes,No,Normal,Safe,Stable
45348.375,February,278.1,93.05,1,26.5,6.47,7.34,2.79,2,2,0,0,29.1,33.9,24.1,0.2,2,26.21052631578947,3.947368421052632,8.301316802743163,0.5091244696978304,0.01976727031558364,No,No,Normal,Safe,Stable
45348.41666666666,February,278.1,93.05,1,26.5,6.47,7.34,2.79,2,2,0,0,29.1,33.9,24.1,0.2,2,26.26315789473684,3.684210526315789,8.266689786389948,0.5391101477395752,0.01437641226801415,Yes,No,Normal,Safe,Stable
45348.45833333334,February,278.1,93.05,1,26.5,6.47,7.34,2.79,2,2,0,0,29.1,33.9,24.1,0.2,2,26.31578947368421,3.421052631578947,8.232062770036734,0.5690958257813199,0.008985554220444655,No,No,Normal,Safe,Stable
45348.5,February,278.1,93.05,1,26.5,6.47,7.34,2.79,2,2,1,0,29.1,33.9,24.1,0.2,2,26.36842105263158,3.157894736842105,8.197435753683521,0.5990815038230646,0.003594696172875167,Yes,No,Normal,Safe,Stable
45348.54166666666,February,278.1,93.05,1,26.5,6.47,7.34,2.79,2,2,0,0,29.1,33.9,24.1,0.2,2,26.42105263157895,2.894736842105263,8.162808737330307,0.6290671818648093,-0.001796161874694321,No,No,Normal,Safe,Stable
45348.58333333334,February,278.1,93.05,1,26.5,6.47,7.34,2.79,2,2,1,0,29.1,33.9,24.1,0.2,2,26.47368421052632,2.631578947368421,8.128181720977093,0.6590528599065539,-0.00718701992226381,Yes,No,Normal,Safe,Stable
45348.625,February,278.1,93.05,1,26.5,6.47,7.34,2.79,2,2,1,0,29.1,33.9,24.1,0.2,2,26.52631578947368,2.368421052631579,8.093554704623878,0.6890385379482986,-0.0125778779698333,No,No,Normal,Safe,Stable
45348.66666666666,February,278.1,93.05,1,26.5,6.47,7.34,2.79,2,2,0,0,29.1,33.9,24.1,0.2,2,26.57894736842105,2.105263157894737,8.058927688270666,0.7190242159900433,-0.01796873601740279,Yes,No,Normal,Safe,Stable
45348.70833333334,February,278.1,93.05,1,26.5,6.47,7.34,2.79,2,2,0,0,29.1,33.9,24.1,0.2,2,26.63157894736842,1.842105263157895,8.024300671917452,0.749009894031788,-0.02335959406497228,No,No,Normal,Safe,Stable
45348.75,February,278.1,93.05,1,26.5,6.47,7.34,2.79,2,2,0,0,29.1,33.9,24.1,0.2,2,26.68421052631579,1.578947368421053,7.989673655564237,0.7789955720735326,-0.02875045211254177,Yes,No,Normal,Safe,Stable
45348.79166666666,February,278.1,93.05,1,26.5,6.47,7.34,2.79,2,2,1,0,29.1,33.9,24.1,0.2,2,26.73684210526316,1.315789473684211,7.955046639211024,0.8089812501152773,-0.03414131016011126,No,No,Normal,Safe,Stable
45348.83333333334,February,278.1,93.05,1,26.5,6.47,7.34,2.79,2,2,0,0,29.1,33.9,24.1,0.2,2,26.78947368421053,1.052631578947369,7.92041962285781,0.838966928157022,-0.03953216820768075,Yes,No,Normal,Safe,Stable
45348.875,February,278.1,93.05,1,26.5,6.47,7.34,2.79,2,2,0,0,29.1,33.9,24.1,0.2,2,26.84210526315789,0.7894736842105265,7.885792606504596,0.8689526061987667,-0.04492302625525024,No,No,Normal,Safe,Stable
45348.91666666666,February,278.1,93.05,1,26.5,6.47,7.34,2.79,2,2,0,0,29.1,33.9,24.1,0.2,2,26.89473684210526,0.5263157894736841,7.851165590151382,0.8989382842405115,-0.05031388430281972,Yes,No,Normal,Safe,Stable
45348.95833333334,February,278.1,93.05,1,26.5,6.47,7.34,2.79,2,2,1,0,29.1,33.9,24.1,0.2,2,26.94736842105263,0.2631578947368425,7.816538573798169,0.9289239622822562,-0.05570474235038921,No,No,Normal,Safe,Stable
45349,February,278.1,93.05,1,26.5,6.47,7.34,2.79,2,2,0,0,29.1,33.9,24.1,0.2,2,27,0,7.781911557444954,0.9589096403240008,-0.0610956003979587,Yes,No,Normal,Safe,Stable
45349.04166666666,February,278.1,93.05,1,26.5,6.47,7.34,2.79,2,2,0,0,29.1,33.9,24.1,0.2,2,27,1,8.038972969572693,0.9877413293117516,0.005285710832864779,No,No,Normal,Safe,Stable
45349.08333333334,February,278.1,93.05,1,26.5,6.47,7.34,2.79,2,2,0,1,29.1,33.9,24.1,0.2,2,27,2,8.467272427762316,0.3482892326773424,0.4446053508596216,Yes,No,Normal,Safe,Stable
45349.125,February,278.1,93.05,1,26.5,6.47,7.34,2.79,2,2,0,0,29.1,33.9,24.1,0.2,2,27,3,8.343249403149539,0.2569194534143959,0.9558657814562044,No,No,Normal,Safe,Stable
45349.16666666666,February,278.1,93.05,1,26.5,6.47,7.34,2.79,2,2,0,0,29.1,33.9,24.1,0.2,2,27,4,8.23517564103259,0.2486043016204896,1.016684378750718,Yes,No,Normal,Safe,Stable
45349.20833333334,February,278.1,93.05,1,26.5,6.47,7.34,2.79,2,2,0,0,29.1,33.9,24.1,0.2,2,27,5,8.189338198723885,0.3956417442917533,0.02192265223435609,No,No,Normal,Safe,Stable
45349.25,February,278.1,93.05,1,26.5,6.47,7.34,2.79,2,2,1,0,29.1,33.9,24.1,0.2,2,27.05263157894737,4.736842105263158,8.179537843651591,0.3975514243607057,0.02178063976534135,Yes,No,Normal,Safe,Stable
45349.29166666666,February,278.1,93.05,1,26.5,6.47,7.34,2.79,2,2,0,0,29.1,33.9,24.1,0.2,2,27.10526315789474,4.473684210526316,8.169737488579299,0.3994611044296582,0.02163862729632661,No,No,Normal,Safe,Stable
45349.33333333334,February,278.1,93.05,1,26.5,6.47,7.34,2.79,2,2,0,0,29.1,33.9,24.1,0.2,2,27.15789473684211,4.210526315789473,8.159937133507006,0.4013707844986106,0.02149661482731186,Yes,No,Normal,Safe,Stable
45349.375,February,278.1,93.05,1,26.5,6.47,7.34,2.79,2,2,0,0,29.1,33.9,24.1,0.2,2,27.21052631578947,3.947368421052632,8.150136778434712,0.4032804645675631,0.02135460235829712,No,No,Normal,Safe,Stable
45349.41666666666,February,278.1,93.05,1,26.5,6.47,7.34,2.79,2,2,0,0,29.1,33.9,24.1,0.2,2,27.26315789473684,3.684210526315789,8.14033642336242,0.4051901446365155,0.02121258988928237,Yes,No,Normal,Safe,Stable
45349.45833333334,February,278.1,93.05,1,26.5,6.47,7.34,2.79,2,2,1,0,29.1,33.9,24.1,0.2,2,27.31578947368421,3.421052631578947,8.130536068290127,0.407099824705468,0.02107057742026763,No,No,Normal,Safe,Stable
45349.5,February,278.1,93.05,1,26.5,6.47,7.34,2.79,2,2,0,0,29.1,33.9,24.1,0.2,2,27.36842105263158,3.157894736842105,8.120735713217835,0.4090095047744204,0.02092856495125289,Yes,No,Normal,Safe,Stable
45349.54166666666,February,278.1,93.05,1,26.5,6.47,7.34,2.79,2,2,0,0,29.1,33.9,24.1,0.2,2,27.42105263157895,2.894736842105263,8.110935358145541,0.4109191848433729,0.02078655248223815,No,No,Normal,Safe,Stable
45349.58333333334,February,278.1,93.05,1,26.5,6.47,7.34,2.79,2,2,0,0,29.1,33.9,24.1,0.2,2,27.47368421052632,2.631578947368421,8.101135003073248,0.4128288649123253,0.0206445400132234,Yes,No,Normal,Safe,Stable
45349.625,February,278.1,93.05,1,26.5,6.47,7.34,2.79,2,2,0,0,29.1,33.9,24.1,0.2,2,27.52631578947368,2.368421052631579,8.091334648000956,0.4147385449812778,0.02050252754420866,No,No,Normal,Safe,Stable
45349.66666666666,February,278.1,93.05,1,26.5,6.47,7.34,2.79,2,2,0,0,29.1,33.9,24.1,0.2,2,27.57894736842105,2.105263157894737,8.081534292928662,0.4166482250502302,0.02036051507519392,Yes,No,Normal,Safe,Stable
45349.70833333334,February,278.1,93.05,1,26.5,6.47,7.34,2.79,2,2,0,0,29.1,33.9,24.1,0.2,2,27.63157894736842,1.842105263157895,8.071733937856369,0.4185579051191827,0.02021850260617917,No,No,Normal,Safe,Stable
45349.75,February,278.1,93.05,1,26.5,6.47,7.34,2.79,2,2,0,0,29.1,33.9,24.1,0.2,2,27.68421052631579,1.578947368421053,8.061933582784077,0.4204675851881351,0.02007649013716443,Yes,No,Normal,Safe,Stable
45349.79166666666,February,278.1,93.05,1,26.5,6.47,7.34,2.79,2,2,0,0,29.1,33.9,24.1,0.2,2,27.73684210526316,1.315789473684211,8.052133227711783,0.4223772652570876,0.01993447766814969,No,No,Normal,Safe,Stable
45349.83333333334,February,278.1,93.05,1,26.5,6.47,7.34,2.79,2,2,0,0,29.1,33.9,24.1,0.2,2,27.78947368421053,1.052631578947369,8.042332872639491,0.42428694532604,0.01979246519913494,Yes,No,Normal,Safe,Stable
45349.875,February,278.1,93.05,1,26.5,6.47,7.34,2.79,2,2,0,0,29.1,33.9,24.1,0.2,2,27.84210526315789,0.7894736842105265,8.032532517567198,0.4261966253949925,0.0196504527301202,No,No,Normal,Safe,Stable
45349.91666666666,February,278.1,93.05,1,26.5,6.47,7.34,2.79,2,2,0,0,29.1,33.9,24.1,0.2,2,27.89473684210526,0.5263157894736841,8.022732162494904,0.4281063054639449,0.01950844026110546,Yes,No,Normal,Safe,Stable
45349.95833333334,February,278.1,93.05,1,26.5,6.47,7.34,2.79,2,2,1,0,29.1,33.9,24.1,0.2,2,27.94736842105263,0.2631578947368425,8.012931807422612,0.4300159855328974,0.01936642779209071,No,No,Normal,Safe,Stable
45350,February,278.1,93.05,1,26.5,6.47,7.34,2.79,2,2,0,1,29.1,33.9,24.1,0.2,2,28,0,8.003131452350319,0.4319256656018498,0.01922441532307597,Yes,No,Normal,Safe,Stable
45350.04166666666,February,278.1,93.05,1,26.5,6.47,7.34,2.79,2,2,1,0,29.1,33.9,24.1,0.2,2,28,1,8.175373415072078,0.3578384718675722,0.1083007428447611,No,No,Normal,Safe,Stable
45350.08333333334,February,278.1,93.05,1,26.5,6.47,7.34,2.79,2,2,0,0,29.1,33.9,24.1,0.2,2,28,2,8.10315708097337,0.3291866006239401,0.4692118029586886,Yes,No,Normal,Safe,Stable
45350.125,February,278.1,93.05,1,26.5,6.47,7.34,2.79,2,2,0,1,29.1,33.9,24.1,0.2,2,28,3,8.078479776309377,0.562241204674888,0.02429620800788961,No,No,Normal,Safe,Stable
45350.16666666666,February,278.1,93.05,1,26.5,6.47,7.34,2.79,2,2,0,0,29.1,33.9,24.1,0.2,2,28,4,8.246124420943461,0.3123050174245615,0.8582385206423492,Yes,No,Normal,Safe,Stable
45350.20833333334,February,278.1,93.05,1,26.5,6.47,7.34,2.79,2,2,1,0,29.1,33.9,24.1,0.2,2,28,5,8.588624090104883,0.3995305960987469,0.01927065093175741,No,No,Normal,Safe,Stable
45350.25,February,278.5421052631579,93.22105263157894,1,26.59736842105263,6.544736842105263,7.373157894736842,2.79,2.052631578947369,2.052631578947369,0,0,29.1,33.9,24.1,0.2278947368421053,2.052631578947369,26.57894736842105,4.736842105263158,8.556438594353274,0.3995386516824382,0.01877242455668953,Yes,No,Normal,Safe,Stable
45350.29166666666,February,278.9842105263158,93.39210526315789,1,26.69473684210526,6.619473684210526,7.406315789473684,2.79,2.105263157894737,2.105263157894737,0,0,29.1,33.9,24.1,0.2557894736842106,2.105263157894737,25.15789473684211,4.473684210526316,8.524253098601664,0.3995467072661295,0.01827419818162166,No,No,Normal,Safe,Stable
45350.33333333334,February,279.4263157894737,93.56315789473683,1,26.7921052631579,6.694210526315789,7.439473684210526,2.79,2.157894736842105,2.157894736842105,0,1,29.1,33.9,24.1,0.2836842105263158,2.157894736842105,23.73684210526316,4.210526315789473,8.492067602850053,0.3995547628498208,0.01777597180655378,Yes,No,Normal,Safe,Stable
45350.375,February,279.8684210526316,93.73421052631579,1,26.88947368421053,6.768947368421053,7.472631578947368,2.79,2.210526315789473,2.210526315789473,0,0,29.1,33.9,24.1,0.3115789473684211,2.210526315789473,22.31578947368421,3.947368421052632,8.459882107098444,0.399562818433512,0.0172777454314859,No,No,Normal,Safe,Stable
45350.41666666666,February,280.3105263157895,93.90526315789474,1,26.98684210526316,6.843684210526315,7.50578947368421,2.79,2.263157894736842,2.263157894736842,0,0,29.1,33.9,24.1,0.3394736842105263,2.263157894736842,20.89473684210526,3.684210526315789,8.427696611346835,0.3995708740172034,0.01677951905641802,Yes,No,Normal,Safe,Stable
45350.45833333334,February,280.7526315789474,94.07631578947368,1,27.08421052631579,6.918421052631579,7.538947368421052,2.79,2.315789473684211,2.315789473684211,0,0,29.1,33.9,24.1,0.3673684210526316,2.315789473684211,19.47368421052632,3.421052631578947,8.395511115595225,0.3995789296008946,0.01628129268135015,No,No,Normal,Safe,Stable
45350.5,February,281.1947368421053,94.24736842105263,1,27.18157894736842,6.993157894736842,7.572105263157894,2.79,2.368421052631579,2.368421052631579,0,0,29.1,33.9,24.1,0.3952631578947369,2.368421052631579,18.05263157894737,3.157894736842105,8.363325619843614,0.399586985184586,0.01578306630628227,Yes,No,Normal,Safe,Stable
45350.54166666666,February,281.6368421052632,94.41842105263157,1,27.27894736842105,7.067894736842105,7.605263157894736,2.79,2.421052631578947,2.421052631578947,0,0,29.1,33.9,24.1,0.4231578947368421,2.421052631578947,16.63157894736842,2.894736842105263,8.331140124092006,0.3995950407682772,0.01528483993121439,No,No,Normal,Safe,Stable
45350.58333333334,February,282.078947368421,94.58947368421052,1,27.37631578947369,7.142631578947368,7.638421052631578,2.79,2.473684210526316,2.473684210526316,1,0,29.1,33.9,24.1,0.4510526315789474,2.473684210526316,15.21052631578947,2.631578947368421,8.298954628340397,0.3996030963519685,0.01478661355614651,Yes,No,Normal,Safe,Stable
45350.625,February,282.521052631579,94.76052631578948,1,27.47368421052632,7.217368421052631,7.671578947368421,2.79,2.526315789473684,2.526315789473684,0,0,29.1,33.9,24.1,0.4789473684210526,2.526315789473684,13.78947368421053,2.368421052631579,8.266769132588786,0.3996111519356598,0.01428838718107863,No,No,Normal,Safe,Stable
45350.66666666666,February,282.9631578947369,94.93157894736842,1,27.57105263157895,7.292105263157895,7.704736842105263,2.79,2.578947368421053,2.578947368421053,1,1,29.1,33.9,24.1,0.506842105263158,2.578947368421053,12.36842105263158,2.105263157894737,8.234583636837176,0.3996192075193511,0.01379016080601076,Yes,No,Normal,Safe,Stable
45350.70833333334,February,283.4052631578948,95.10263157894737,1,27.66842105263158,7.366842105263157,7.737894736842105,2.79,2.631578947368421,2.631578947368421,1,0,29.1,33.9,24.1,0.5347368421052632,2.631578947368421,10.94736842105263,1.842105263157895,8.202398141085567,0.3996272631030424,0.01329193443094288,No,No,Normal,Safe,Stable
45350.75,February,283.8473684210526,95.27368421052631,1,27.76578947368421,7.441578947368421,7.771052631578947,2.79,2.684210526315789,2.684210526315789,1,0,29.1,33.9,24.1,0.5626315789473684,2.684210526315789,9.526315789473685,1.578947368421053,8.170212645333958,0.3996353186867337,0.012793708055875,Yes,No,Normal,Safe,Stable
45350.79166666666,February,284.2894736842105,95.44473684210526,1,27.86315789473684,7.516315789473683,7.804210526315789,2.79,2.736842105263158,2.736842105263158,1,0,29.1,33.9,24.1,0.5905263157894738,2.736842105263158,8.105263157894736,1.315789473684211,8.138027149582348,0.399643374270425,0.01229548168080712,No,No,Normal,Safe,Stable
45350.83333333334,February,284.7315789473684,95.6157894736842,1,27.96052631578948,7.591052631578947,7.837368421052632,2.79,2.789473684210527,2.789473684210527,1,0,29.1,33.9,24.1,0.618421052631579,2.789473684210527,6.684210526315791,1.052631578947369,8.105841653830737,0.3996514298541163,0.01179725530573925,Yes,No,Normal,Safe,Stable
45350.875,February,285.1736842105263,95.78684210526316,1,28.05789473684211,7.66578947368421,7.870526315789474,2.79,2.842105263157895,2.842105263157895,0,0,29.1,33.9,24.1,0.6463157894736842,2.842105263157895,5.263157894736842,0.7894736842105265,8.073656158079128,0.3996594854378075,0.01129902893067137,No,No,High,Safe,At Risk
45350.91666666666,February,285.6157894736842,95.95789473684211,1,28.15526315789474,7.740526315789474,7.903684210526316,2.79,2.894736842105263,2.894736842105263,1,0,29.1,33.9,24.1,0.6742105263157895,2.894736842105263,3.842105263157894,0.5263157894736841,8.041470662327519,0.3996675410214988,0.01080080255560349,Yes,No,High,Safe,At Risk
45350.95833333334,February,286.0578947368421,96.12894736842105,1,28.25263157894737,7.815263157894737,7.936842105263158,2.79,2.947368421052631,2.947368421052631,1,0,29.1,33.9,24.1,0.7021052631578948,2.947368421052631,2.421052631578949,0.2631578947368425,8.009285166575909,0.3996755966051901,0.01030257618053561,No,No,High,Safe,At Risk
45351,March,286.5,96.3,1,28.35,7.89,7.97,2.79,3,3,0,0,29.1,33.9,24.1,0.73,3,1,0,7.977099670824299,0.3996836521888814,0.009804349805467736,Yes,No,High,Safe,At Risk
45351.04166666666,March,286.5,96.3,1,28.35,7.89,7.97,2.79,3,3,0,0,29.1,33.9,24.1,0.73,3,1,1,8.304470286210815,0.2832419216840976,0.1188775345609414,No,No,High,Safe,At Risk
45351.08333333334,March,286.5,96.3,1,28.35,7.89,7.97,2.79,3,3,1,1,29.1,33.9,24.1,0.73,3,1,2,7.807674205773042,0.974836370721841,0.02690358307667622,Yes,No,High,Safe,At Risk
45351.125,March,286.5,96.3,1,28.35,7.89,7.97,2.79,3,3,1,0,29.1,33.9,24.1,0.73,3,1,3,8.173548242099777,0.1591229973894572,0.8505338386548444,No,No,High,Safe,At Risk
45351.16666666666,March,286.5,96.3,1,28.35,7.89,7.97,2.79,3,3,0,0,29.1,33.9,24.1,0.73,3,1,4,8.329387471929637,0.3483298936027726,0.9531880018034925,Yes,No,High,Safe,At Risk
45351.20833333334,March,286.5,96.3,1,28.35,7.89,7.97,2.79,3,3,0,0,29.1,33.9,24.1,0.73,3,1,5,7.986533992645752,0.4532760641840371,0.01288353844440699,No,No,High,Safe,At Risk
45351.25,March,286.5,96.3,1,28.35,7.89,7.97,2.79,3,3,1,0,29.1,33.9,24.1,0.73,3,1.052631578947368,4.736842105263158,7.982755219833141,0.4503094659475864,0.01093791725134705,Yes,No,High,Safe,At Risk
45351.29166666666,March,286.5,96.3,1,28.35,7.89,7.97,2.79,3,3,0,0,29.1,33.9,24.1,0.73,3,1.105263157894737,4.473684210526316,7.978976447020531,0.4473428677111358,0.008992296058287113,No,No,High,Safe,At Risk
45351.33333333334,March,286.5,96.3,1,28.35,7.89,7.97,2.79,3,3,0,0,29.1,33.9,24.1,0.73,3,1.157894736842105,4.210526315789473,7.97519767420792,0.4443762694746851,0.007046674865227176,Yes,No,High,Safe,At Risk
45351.375,March,286.5,96.3,1,28.35,7.89,7.97,2.79,3,3,0,1,29.1,33.9,24.1,0.73,3,1.210526315789474,3.947368421052632,7.971418901395309,0.4414096712382345,0.005101053672167237,No,No,High,Safe,At Risk
45351.41666666666,March,286.5,96.3,1,28.35,7.89,7.97,2.79,3,3,1,0,29.1,33.9,24.1,0.73,3,1.263157894736842,3.684210526315789,7.967640128582699,0.4384430730017838,0.003155432479107299,Yes,No,High,Safe,At Risk
45351.45833333334,March,286.5,96.3,1,28.35,7.89,7.97,2.79,3,3,0,0,29.1,33.9,24.1,0.73,3,1.315789473684211,3.421052631578947,7.963861355770089,0.4354764747653332,0.001209811286047361,No,No,High,Safe,At Risk
45351.5,March,286.5,96.3,1,28.35,7.89,7.97,2.79,3,3,0,0,29.1,33.9,24.1,0.73,3,1.368421052631579,3.157894736842105,7.960082582957479,0.4325098765288825,-0.0007358099070125784,Yes,No,High,Safe,At Risk
45351.54166666666,March,286.5,96.3,1,28.35,7.89,7.97,2.79,3,3,0,0,29.1,33.9,24.1,0.73,3,1.421052631578947,2.894736842105263,7.956303810144868,0.4295432782924319,-0.002681431100072516,No,No,High,Safe,At Risk
45351.58333333334,March,286.5,96.3,1,28.35,7.89,7.97,2.79,3,3,0,0,29.1,33.9,24.1,0.73,3,1.473684210526316,2.631578947368421,7.952525037332257,0.4265766800559812,-0.004627052293132455,Yes,No,High,Safe,At Risk
45351.625,March,286.5,96.3,1,28.35,7.89,7.97,2.79,3,3,0,1,29.1,33.9,24.1,0.73,3,1.526315789473684,2.368421052631579,7.948746264519647,0.4236100818195306,-0.006572673486192393,No,No,High,Safe,At Risk
45351.66666666666,March,286.5,96.3,1,28.35,7.89,7.97,2.79,3,3,0,0,29.1,33.9,24.1,0.73,3,1.578947368421053,2.105263157894737,7.944967491707036,0.4206434835830799,-0.008518294679252331,Yes,No,High,Safe,At Risk
45351.70833333334,March,286.5,96.3,1,28.35,7.89,7.97,2.79,3,3,0,0,29.1,33.9,24.1,0.73,3,1.631578947368421,1.842105263157895,7.941188718894425,0.4176768853466293,-0.01046391587231227,No,No,High,Safe,At Risk
45351.75,March,286.5,96.3,1,28.35,7.89,7.97,2.79,3,3,0,0,29.1,33.9,24.1,0.73,3,1.684210526315789,1.578947368421053,7.937409946081815,0.4147102871101786,-0.01240953706537221,Yes,No,High,Safe,At Risk
45351.79166666666,March,286.5,96.3,1,28.35,7.89,7.97,2.79,3,3,0,0,29.1,33.9,24.1,0.73,3,1.736842105263158,1.315789473684211,7.933631173269204,0.411743688873728,-0.01435515825843215,No,No,High,Safe,At Risk
45351.83333333334,March,286.5,96.3,1,28.35,7.89,7.97,2.79,3,3,0,1,29.1,33.9,24.1,0.73,3,1.789473684210526,1.052631578947369,7.929852400456594,0.4087770906372773,-0.01630077945149208,Yes,No,High,Safe,At Risk
45351.875,March,286.5,96.3,1,28.35,7.89,7.97,2.79,3,3,0,0,29.1,33.9,24.1,0.73,3,1.842105263157895,0.7894736842105265,7.926073627643984,0.4058104924008267,-0.01824640064455202,No,No,High,Safe,At Risk
45351.91666666666,March,286.5,96.3,1,28.35,7.89,7.97,2.79,3,3,0,0,29.1,33.9,24.1,0.73,3,1.894736842105263,0.5263157894736841,7.922294854831373,0.402843894164376,-0.02019202183761196,Yes,No,High,Safe,At Risk
45351.95833333334,March,286.5,96.3,1,28.35,7.89,7.97,2.79,3,3,0,0,29.1,33.9,24.1,0.73,3,1.947368421052631,0.2631578947368425,7.918516082018763,0.3998772959279254,-0.0221376430306719,No,No,High,Safe,At Risk
45352,March,286.5,96.3,1,28.35,7.89,7.97,2.79,3,3,0,1,29.1,33.9,24.1,0.73,3,2,0,7.914737309206152,0.3969106976914747,-0.02408326422373184,Yes,No,High,Safe,At Risk
45352.04166666666,March,286.5,96.3,1,28.35,7.89,7.97,2.79,3,3,0,0,29.1,33.9,24.1,0.73,3,2,1,8.25348852638073,0.3355408699322193,0.1715312962914212,No,No,High,Safe,At Risk
45352.08333333334,March,286.5,96.3,1,28.35,7.89,7.97,2.79,3,3,0,0,29.1,33.9,24.1,0.73,3,2,2,7.811380042052608,0.9434934365830765,0.01198089645091224,Yes,No,High,Safe,At Risk
45352.125,March,286.5,96.3,1,28.35,7.89,7.97,2.79,3,3,0,0,29.1,33.9,24.1,0.73,3,2,3,8.118149402211975,0.4553756631361207,0.03292063066718316,No,No,High,Safe,At Risk
45352.16666666666,March,286.5,96.3,1,28.35,7.89,7.97,2.79,3,3,0,0,29.1,33.9,24.1,0.73,3,2,4,8.472471299805285,0.3166762052880871,0.9526394486638248,Yes,No,High,Safe,At Risk
45352.20833333334,March,286.5,96.3,1,28.35,7.89,7.97,2.79,3,3,1,0,29.1,33.9,24.1,0.73,3,2,5,8.051548618804027,0.3752136669209951,-0.01499049470090495,No,No,High,Safe,At Risk
45352.25,March,286.5,96.3,1,28.35,7.89,7.97,2.79,3,3,0,0,29.1,33.9,24.1,0.73,3,2.052631578947369,4.736842105263158,8.04639282850977,0.3762606847895543,-0.01568501072743609,Yes,No,High,Safe,At Risk
45352.29166666666,March,286.5,96.3,1,28.35,7.89,7.97,2.79,3,3,0,0,29.1,33.9,24.1,0.73,3,2.105263157894737,4.473684210526316,8.041237038215515,0.3773077026581135,-0.01637952675396722,No,No,High,Safe,At Risk
45352.33333333334,March,286.5,96.3,1,28.35,7.89,7.97,2.79,3,3,0,0,29.1,33.9,24.1,0.73,3,2.157894736842105,4.210526315789473,8.036081247921258,0.3783547205266726,-0.01707404278049835,Yes,No,High,Safe,At Risk
45352.375,March,286.5,96.3,1,28.35,7.89,7.97,2.79,3,3,0,0,29.1,33.9,24.1,0.73,3,2.210526315789473,3.947368421052632,8.030925457627001,0.3794017383952318,-0.01776855880702949,No,No,High,Safe,At Risk
45352.41666666666,March,286.5,96.3,1,28.35,7.89,7.97,2.79,3,3,0,1,29.1,33.9,24.1,0.73,3,2.263157894736842,3.684210526315789,8.025769667332746,0.380448756263791,-0.01846307483356062,Yes,No,High,Safe,At Risk
45352.45833333334,March,286.5,96.3,1,28.35,7.89,7.97,2.79,3,3,0,0,29.1,33.9,24.1,0.73,3,2.315789473684211,3.421052631578947,8.020613877038489,0.3814957741323502,-0.01915759086009176,No,No,High,Safe,At Risk
45352.5,March,286.5,96.3,1,28.35,7.89,7.97,2.79,3,3,0,0,29.1,33.9,24.1,0.73,3,2.368421052631579,3.157894736842105,8.015458086744232,0.3825427920009093,-0.01985210688662289,Yes,No,High,Safe,At Risk
45352.54166666666,March,286.5,96.3,1,28.35,7.89,7.97,2.79,3,3,0,0,29.1,33.9,24.1,0.73,3,2.421052631578947,2.894736842105263,8.010302296449977,0.3835898098694686,-0.02054662291315403,No,No,High,Safe,At Risk
45352.58333333334,March,286.5,96.3,1,28.35,7.89,7.97,2.79,3,3,1,0,29.1,33.9,24.1,0.73,3,2.473684210526316,2.631578947368421,8.00514650615572,0.3846368277380277,-0.02124113893968516,Yes,No,High,Safe,At Risk
45352.625,March,286.5,96.3,1,28.35,7.89,7.97,2.79,3,3,0,0,29.1,33.9,24.1,0.73,3,2.526315789473684,2.368421052631579,7.999990715861463,0.3856838456065869,-0.02193565496621629,No,No,High,Safe,At Risk
45352.66666666666,March,286.5,96.3,1,28.35,7.89,7.97,2.79,3,3,0,0,29.1,33.9,24.1,0.73,3,2.578947368421053,2.105263157894737,7.994834925567207,0.3867308634751461,-0.02263017099274743,Yes,No,High,Safe,At Risk
45352.70833333334,March,286.5,96.3,1,28.35,7.89,7.97,2.79,3,3,1,1,29.1,33.9,24.1,0.73,3,2.631578947368421,1.842105263157895,7.989679135272951,0.3877778813437053,-0.02332468701927856,No,No,High,Safe,At Risk
45352.75,March,286.5,96.3,1,28.35,7.89,7.97,2.79,3,3,0,0,29.1,33.9,24.1,0.73,3,2.684210526315789,1.578947368421053,7.984523344978694,0.3888248992122644,-0.0240192030458097,Yes,No,High,Safe,At Risk
45352.79166666666,March,286.5,96.3,1,28.35,7.89,7.97,2.79,3,3,0,0,29.1,33.9,24.1,0.73,3,2.736842105263158,1.315789473684211,7.979367554684438,0.3898719170808236,-0.02471371907234083,No,No,High,Safe,At Risk
45352.83333333334,March,286.5,96.3,1,28.35,7.89,7.97,2.79,3,3,1,0,29.1,33.9,24.1,0.73,3,2.789473684210527,1.052631578947369,7.974211764390181,0.3909189349493828,-0.02540823509887196,Yes,No,High,Safe,At Risk
45352.875,March,286.5,96.3,1,28.35,7.89,7.97,2.79,3,3,0,0,29.1,33.9,24.1,0.73,3,2.842105263157895,0.7894736842105265,7.969055974095925,0.391965952817942,-0.0261027511254031,No,No,High,Safe,At Risk
45352.91666666666,March,286.5,96.3,1,28.35,7.89,7.97,2.79,3,3,0,0,29.1,33.9,24.1,0.73,3,2.894736842105263,0.5263157894736841,7.963900183801669,0.3930129706865012,-0.02679726715193423,Yes,No,High,Safe,At Risk
45352.95833333334,March,286.5,96.3,1,28.35,7.89,7.97,2.79,3,3,1,0,29.1,33.9,24.1,0.73,3,2.947368421052631,0.2631578947368425,7.958744393507412,0.3940599885550603,-0.02749178317846537,No,No,High,Safe,At Risk
45353,March,286.5,96.3,1,28.35,7.89,7.97,2.79,3,3,0,0,29.1,33.9,24.1,0.73,3,3,0,7.953588603213156,0.3951070064236195,-0.0281862992049965,Yes,No,High,Safe,At Risk
45353.04166666666,March,286.5,96.3,1,28.35,7.89,7.97,2.79,3,3,0,0,29.1,33.9,24.1,0.73,3,3,1,8.30870324605913,0.9883036199333961,0.009598168048082547,No,No,High,Safe,At Risk
45353.08333333334,March,286.5,96.3,1,28.35,7.89,7.97,2.79,3,3,0,0,29.1,33.9,24.1,0.73,3,3,2,7.710798492090019,1.023094509386472,-0.006624575449136266,Yes,No,High,Safe,At Risk
45353.125,March,286.5,96.3,1,28.35,7.89,7.97,2.79,3,3,1,0,29.1,33.9,24.1,0.73,3,3,3,8.113087534375808,0.2308033455500237,0.9744016499499468,No,No,High,Safe,At Risk
45353.16666666666,March,286.5,96.3,1,28.35,7.89,7.97,2.79,3,3,0,0,29.1,33.9,24.1,0.73,3,3,4,8.219171819590896,0.3062466071565085,0.9674099195522154,Yes,No,High,Safe,At Risk
45353.20833333334,March,286.5,96.3,1,28.35,7.89,7.97,2.79,3,3,0,0,29.1,33.9,24.1,0.73,3,3,5,8.446580347267288,0.3411480439606296,0.005749327822521575,No,No,High,Safe,At Risk
45353.25,March,286.5,96.3,1,28.35,7.89,7.97,2.79,3,3,0,1,29.1,33.9,24.1,0.73,3,3.052631578947369,4.736842105263158,8.410968839188454,0.3749222885995883,0.005133973248893325,Yes,No,High,Safe,At Risk
45353.29166666666,March,286.5,96.3,1,28.35,7.89,7.97,2.79,3,3,0,0,29.1,33.9,24.1,0.73,3,3.105263157894737,4.473684210526316,8.375357331109621,0.408696533238547,0.004518618675265075,No,No,High,Safe,At Risk
45353.33333333334,March,286.5,96.3,1,28.35,7.89,7.97,2.79,3,3,0,0,29.1,33.9,24.1,0.73,3,3.157894736842105,4.210526315789473,8.339745823030787,0.4424707778775058,0.003903264101636826,Yes,No,High,Safe,At Risk
45353.375,March,286.5,96.3,1,28.35,7.89,7.97,2.79,3,3,0,0,29.1,33.9,24.1,0.73,3,3.210526315789473,3.947368421052632,8.304134314951956,0.4762450225164645,0.003287909528008576,No,No,High,Safe,At Risk
45353.41666666666,March,286.5,96.3,1,28.35,7.89,7.97,2.79,3,3,0,1,29.1,33.9,24.1,0.73,3,3.263157894736842,3.684210526315789,8.268522806873122,0.5100192671554232,0.002672554954380325,Yes,No,High,Safe,At Risk
45353.45833333334,March,286.5,96.3,1,28.35,7.89,7.97,2.79,3,3,0,0,29.1,33.9,24.1,0.73,3,3.315789473684211,3.421052631578947,8.232911298794289,0.543793511794382,0.002057200380752076,No,No,High,Safe,At Risk
45353.5,March,286.5,96.3,1,28.35,7.89,7.97,2.79,3,3,1,0,29.1,33.9,24.1,0.73,3,3.368421052631579,3.157894736842105,8.197299790715455,0.5775677564333408,0.001441845807123826,Yes,No,High,Safe,At Risk
45353.54166666666,March,286.5,96.3,1,28.35,7.89,7.97,2.79,3,3,0,0,29.1,33.9,24.1,0.73,3,3.421052631578947,2.894736842105263,8.161688282636621,0.6113420010722994,0.0008264912334955757,No,No,High,Safe,At Risk
45353.58333333334,March,286.5,96.3,1,28.35,7.89,7.97,2.79,3,3,0,0,29.1,33.9,24.1,0.73,3,3.473684210526316,2.631578947368421,8.126076774557788,0.6451162457112583,0.0002111366598673255,Yes,No,High,Safe,At Risk
45353.625,March,286.5,96.3,1,28.35,7.89,7.97,2.79,3,3,0,0,29.1,33.9,24.1,0.73,3,3.526315789473684,2.368421052631579,8.090465266478954,0.6788904903502169,-0.0004042179137609247,No,No,High,Safe,At Risk
45353.66666666666,March,286.5,96.3,1,28.35,7.89,7.97,2.79,3,3,1,0,29.1,33.9,24.1,0.73,3,3.578947368421053,2.105263157894737,8.054853758400121,0.7126647349891757,-0.001019572487389174,Yes,No,High,Safe,At Risk
45353.70833333334,March,286.5,96.3,1,28.35,7.89,7.97,2.79,3,3,0,0,29.1,33.9,24.1,0.73,3,3.631578947368421,1.842105263157895,8.019242250321289,0.7464389796281344,-0.001634927061017424,No,No,High,Safe,At Risk
45353.75,March,286.5,96.3,1,28.35,7.89,7.97,2.79,3,3,0,0,29.1,33.9,24.1,0.73,3,3.684210526315789,1.578947368421053,7.983630742242455,0.7802132242670932,-0.002250281634645674,Yes,No,High,Safe,At Risk
45353.79166666666,March,286.5,96.3,1,28.35,7.89,7.97,2.79,3,3,1,1,29.1,33.9,24.1,0.73,3,3.736842105263158,1.315789473684211,7.948019234163622,0.8139874689060519,-0.002865636208273924,No,No,High,Safe,At Risk
45353.83333333334,March,286.5,96.3,1,28.35,7.89,7.97,2.79,3,3,0,0,29.1,33.9,24.1,0.73,3,3.789473684210527,1.052631578947369,7.912407726084789,0.8477617135450106,-0.003480990781902175,Yes,No,High,Safe,At Risk
45353.875,March,286.5,96.3,1,28.35,7.89,7.97,2.79,3,3,0,0,29.1,33.9,24.1,0.73,3,3.842105263157895,0.7894736842105265,7.876796218005955,0.8815359581839693,-0.004096345355530424,No,No,High,Safe,At Risk
45353.91666666666,March,286.5,96.3,1,28.35,7.89,7.97,2.79,3,3,0,0,29.1,33.9,24.1,0.73,3,3.894736842105263,0.5263157894736841,7.841184709927122,0.9153102028229281,-0.004711699929158673,Yes,No,High,Safe,At Risk
45353.95833333334,March,286.5,96.3,1,28.35,7.89,7.97,2.79,3,3,0,0,29.1,33.9,24.1,0.73,3,3.947368421052631,0.2631578947368425,7.805573201848289,0.9490844474618868,-0.005327054502786924,No,No,High,Safe,At Risk
45354,March,286.5,96.3,1,28.35,7.89,7.97,2.79,3,3,0,0,29.1,33.9,24.1,0.73,3,4,0,7.769961693769456,0.9828586921008455,-0.005942409076415173,Yes,No,High,Safe,At Risk
45354.04166666666,March,286.5,96.3,1,28.35,7.89,7.97,2.79,3,3,0,0,29.1,33.9,24.1,0.73,3,4,1,8.352211259946563,0.33511873128621,0.12347559655292,No,No,High,Safe,At Risk
45354.08333333334,March,286.5,96.3,1,28.35,7.89,7.97,2.79,3,3,0,0,29.1,33.9,24.1,0.73,3,4,2,7.708476317524707,0.973788815175385,-0.01567589133235051,Yes,No,High,Safe,At Risk
45354.125,March,286.5,96.3,1,28.35,7.89,7.97,2.79,3,3,1,0,29.1,33.9,24.1,0.73,3,4,3,8.058207018148389,0.5260020642742209,-0.004113019864380386,No,No,High,Safe,At Risk
45354.16666666666,March,286.5,96.3,1,28.35,7.89,7.97,2.79,3,3,0,0,29.1,33.9,24.1,0.73,3,4,4,8.409593796048849,0.2826033420615445,0.8452357966335781,Yes,No,High,Safe,At Risk
45354.20833333334,March,286.5,96.3,1,28.35,7.89,7.97,2.79,3,3,0,0,29.1,33.9,24.1,0.73,3,4,5,7.72392126480279,0.9927137916712033,-0.0424811191787326,No,No,High,Safe,At Risk
45354.25,March,286.5,96.3,1,28.35,7.89,7.97,2.79,3,3,0,0,29.1,33.9,24.1,0.73,3,4.052631578947368,4.736842105263158,7.760831037273008,0.9625981786150385,-0.04047572093565983,Yes,No,High,Safe,At Risk
45354.29166666666,March,286.5,96.3,1,28.35,7.89,7.97,2.79,3,3,1,0,29.1,33.9,24.1,0.73,3,4.105263157894737,4.473684210526316,7.797740809743226,0.9324825655588738,-0.03847032269258705,No,No,High,Safe,At Risk
45354.33333333334,March,286.5,96.3,1,28.35,7.89,7.97,2.79,3,3,0,0,29.1,33.9,24.1,0.73,3,4.157894736842105,4.210526315789473,7.834650582213444,0.9023669525027089,-0.03646492444951428,Yes,No,High,Safe,At Risk
45354.375,March,286.5,96.3,1,28.35,7.89,7.97,2.79,3,3,0,0,29.1,33.9,24.1,0.73,3,4.210526315789473,3.947368421052632,7.871560354683663,0.8722513394465441,-0.03445952620644151,No,No,High,Safe,At Risk
45354.41666666666,March,286.5,96.3,1,28.35,7.89,7.97,2.79,3,3,1,0,29.1,33.9,24.1,0.73,3,4.263157894736842,3.684210526315789,7.908470127153881,0.8421357263903793,-0.03245412796336873,Yes,No,High,Safe,At Risk
45354.45833333334,March,286.5,96.3,1,28.35,7.89,7.97,2.79,3,3,0,0,29.1,33.9,24.1,0.73,3,4.315789473684211,3.421052631578947,7.945379899624099,0.8120201133342144,-0.03044872972029596,No,No,High,Safe,At Risk
45354.5,March,286.5,96.3,1,28.35,7.89,7.97,2.79,3,3,0,0,29.1,33.9,24.1,0.73,3,4.368421052631579,3.157894736842105,7.982289672094317,0.7819045002780497,-0.02844333147722318,Yes,No,High,Safe,At Risk
45354.54166666666,March,286.5,96.3,1,28.35,7.89,7.97,2.79,3,3,0,0,29.1,33.9,24.1,0.73,3,4.421052631578947,2.894736842105263,8.019199444564535,0.7517888872218849,-0.0264379332341504,No,No,High,Safe,At Risk
45354.58333333334,March,286.5,96.3,1,28.35,7.89,7.97,2.79,3,3,0,0,29.1,33.9,24.1,0.73,3,4.473684210526316,2.631578947368421,8.056109217034754,0.72167327416572,-0.02443253499107763,Yes,No,High,Safe,At Risk
45354.625,March,286.5,96.3,1,28.35,7.89,7.97,2.79,3,3,0,0,29.1,33.9,24.1,0.73,3,4.526315789473684,2.368421052631579,8.093018989504971,0.6915576611095553,-0.02242713674800485,No,No,High,Safe,At Risk
45354.66666666666,March,286.5,96.3,1,28.35,7.89,7.97,2.79,3,3,0,0,29.1,33.9,24.1,0.73,3,4.578947368421053,2.105263157894737,8.12992876197519,0.6614420480533905,-0.02042173850493208,Yes,No,High,Safe,At Risk
45354.70833333334,March,286.5,96.3,1,28.35,7.89,7.97,2.79,3,3,0,0,29.1,33.9,24.1,0.73,3,4.631578947368421,1.842105263157895,8.166838534445407,0.6313264349972256,-0.0184163402618593,No,No,High,Safe,At Risk
45354.75,March,286.5,96.3,1,28.35,7.89,7.97,2.79,3,3,0,0,29.1,33.9,24.1,0.73,3,4.684210526315789,1.578947368421053,8.203748306915626,0.6012108219410608,-0.01641094201878653,Yes,No,High,Safe,At Risk
45354.79166666666,March,286.5,96.3,1,28.35,7.89,7.97,2.79,3,3,1,0,29.1,33.9,24.1,0.73,3,4.736842105263158,1.315789473684211,8.240658079385843,0.571095208884896,-0.01440554377571376,No,No,High,Safe,At Risk
45354.83333333334,March,286.5,96.3,1,28.35,7.89,7.97,2.79,3,3,0,0,29.1,33.9,24.1,0.73,3,4.789473684210527,1.052631578947369,8.277567851856062,0.5409795958287312,-0.01240014553264098,Yes,No,High,Safe,At Risk
45354.875,March,286.5,96.3,1,28.35,7.89,7.97,2.79,3,3,0,1,29.1,33.9,24.1,0.73,3,4.842105263157895,0.7894736842105265,8.31447762432628,0.5108639827725664,-0.01039474728956821,No,No,High,Safe,At Risk
45354.91666666666,March,286.5,96.3,1,28.35,7.89,7.97,2.79,3,3,0,0,29.1,33.9,24.1,0.73,3,4.894736842105263,0.5263157894736841,8.351387396796499,0.4807483697164016,-0.00838934904649543,Yes,No,High,Safe,At Risk
45354.95833333334,March,286.5,96.3,1,28.35,7.89,7.97,2.79,3,3,0,0,29.1,33.9,24.1,0.73,3,4.947368421052632,0.2631578947368425,8.388297169266718,0.4506327566602367,-0.006383950803422654,No,No,High,Safe,At Risk
45355,March,286.5,96.3,1,28.35,7.89,7.97,2.79,3,3,0,0,29.1,33.9,24.1,0.73,3,5,0,8.425206941736935,0.420517143604072,-0.004378552560349882,Yes,No,High,Safe,At Risk
45355.04166666666,March,286.5,96.3,1,28.35,7.89,7.97,2.79,3,3,0,0,29.1,33.9,24.1,0.73,3,5,1,8.423078040271255,0.3986466782216084,0.08384652048025901,No,No,High,Safe,At Risk
45355.08333333334,March,286.5,96.3,1,28.35,7.89,7.97,2.79,3,3,1,0,29.1,33.9,24.1,0.73,3,5,2,7.892449395414381,0.9913530818341064,-0.009170915836373538,Yes,No,High,Safe,At Risk
45355.125,March,286.5,96.3,1,28.35,7.89,7.97,2.79,3,3,0,0,29.1,33.9,24.1,0.73,3,5,3,8.324424136252295,0.2677826624286253,0.9526913542010758,No,No,High,Safe,At Risk
45355.16666666666,March,286.5,96.3,1,28.35,7.89,7.97,2.79,3,3,0,0,29.1,33.9,24.1,0.73,3,5,4,8.53903841436761,0.3019905370031225,0.8574973204534364,Yes,No,High,Safe,At Risk
45355.20833333334,March,286.5,96.3,1,28.35,7.89,7.97,2.79,3,3,0,0,29.1,33.9,24.1,0.73,3,5,5,7.893547880489915,0.3961810130167884,0.008289667868737013,No,No,High,Safe,At Risk
45355.25,March,286.5,96.3,1,28.35,7.89,7.97,2.79,3,3,0,0,29.1,33.9,24.1,0.73,3,5.052631578947368,4.736842105263158,7.902198720131794,0.396262928681284,0.008702969362040867,Yes,No,High,Safe,At Risk
45355.29166666666,March,286.5,96.3,1,28.35,7.89,7.97,2.79,3,3,0,0,29.1,33.9,24.1,0.73,3,5.105263157894737,4.473684210526316,7.910849559773672,0.3963448443457797,0.009116270855344723,No,No,High,Safe,At Risk
45355.33333333334,March,286.5,96.3,1,28.35,7.89,7.97,2.79,3,3,1,0,29.1,33.9,24.1,0.73,3,5.157894736842105,4.210526315789473,7.919500399415551,0.3964267600102754,0.009529572348648577,Yes,No,High,Safe,At Risk
45355.375,March,286.5,96.3,1,28.35,7.89,7.97,2.79,3,3,0,0,29.1,33.9,24.1,0.73,3,5.210526315789473,3.947368421052632,7.928151239057429,0.396508675674771,0.009942873841952431,No,No,High,Safe,At Risk
45355.41666666666,March,286.5,96.3,1,28.35,7.89,7.97,2.79,3,3,0,0,29.1,33.9,24.1,0.73,3,5.263157894736842,3.684210526315789,7.936802078699308,0.3965905913392667,0.01035617533525629,Yes,No,High,Safe,At Risk
45355.45833333334,March,286.5,96.3,1,28.35,7.89,7.97,2.79,3,3,0,0,29.1,33.9,24.1,0.73,3,5.315789473684211,3.421052631578947,7.945452918341186,0.3966725070037624,0.01076947682856014,No,No,High,Safe,At Risk
45355.5,March,286.5,96.3,1,28.35,7.89,7.97,2.79,3,3,0,0,29.1,33.9,24.1,0.73,3,5.368421052631579,3.157894736842105,7.954103757983065,0.3967544226682581,0.01118277832186399,Yes,No,High,Safe,At Risk
45355.54166666666,March,286.5,96.3,1,28.35,7.89,7.97,2.79,3,3,0,0,29.1,33.9,24.1,0.73,3,5.421052631578947,2.894736842105263,7.962754597624943,0.3968363383327537,0.01159607981516785,No,No,High,Safe,At Risk
45355.58333333334,March,286.5,96.3,1,28.35,7.89,7.97,2.79,3,3,1,0,29.1,33.9,24.1,0.73,3,5.473684210526316,2.631578947368421,7.971405437266822,0.3969182539972494,0.0120093813084717,Yes,No,High,Safe,At Risk
45355.625,March,286.5,96.3,1,28.35,7.89,7.97,2.79,3,3,0,0,29.1,33.9,24.1,0.73,3,5.526315789473684,2.368421052631579,7.9800562769087,0.397000169661745,0.01242268280177556,No,No,High,Safe,At Risk
45355.66666666666,March,286.5,96.3,1,28.35,7.89,7.97,2.79,3,3,0,0,29.1,33.9,24.1,0.73,3,5.578947368421053,2.105263157894737,7.988707116550579,0.3970820853262407,0.01283598429507941,Yes,No,High,Safe,At Risk
45355.70833333334,March,286.5,96.3,1,28.35,7.89,7.97,2.79,3,3,0,0,29.1,33.9,24.1,0.73,3,5.631578947368421,1.842105263157895,7.997357956192457,0.3971640009907363,0.01324928578838327,No,No,High,Safe,At Risk
45355.75,March,286.5,96.3,1,28.35,7.89,7.97,2.79,3,3,0,0,29.1,33.9,24.1,0.73,3,5.684210526315789,1.578947368421053,8.006008795834335,0.397245916655232,0.01366258728168712,Yes,No,High,Safe,At Risk
45355.79166666666,March,286.5,96.3,1,28.35,7.89,7.97,2.79,3,3,1,0,29.1,33.9,24.1,0.73,3,5.736842105263158,1.315789473684211,8.014659635476214,0.3973278323197277,0.01407588877499098,No,No,High,Safe,At Risk
45355.83333333334,March,286.5,96.3,1,28.35,7.89,7.97,2.79,3,3,1,0,29.1,33.9,24.1,0.73,3,5.789473684210527,1.052631578947369,8.023310475118093,0.3974097479842233,0.01448919026829483,Yes,No,High,Safe,At Risk
45355.875,March,286.5,96.3,1,28.35,7.89,7.97,2.79,3,3,0,0,29.1,33.9,24.1,0.73,3,5.842105263157895,0.7894736842105265,8.031961314759972,0.397491663648719,0.01490249176159869,No,No,High,Safe,At Risk
45355.91666666666,March,286.5,96.3,1,28.35,7.89,7.97,2.79,3,3,0,0,29.1,33.9,24.1,0.73,3,5.894736842105263,0.5263157894736841,8.040612154401849,0.3975735793132147,0.01531579325490254,Yes,No,High,Safe,At Risk
45355.95833333334,March,286.5,96.3,1,28.35,7.89,7.97,2.79,3,3,0,0,29.1,33.9,24.1,0.73,3,5.947368421052632,0.2631578947368425,8.049262994043728,0.3976554949777104,0.0157290947482064,No,No,High,Safe,At Risk
45356,March,286.5,96.3,1,28.35,7.89,7.97,2.79,3,3,0,0,29.1,33.9,24.1,0.73,3,6,0,8.057913833685607,0.397737410642206,0.01614239624151025,Yes,No,High,Safe,At Risk
45356.04166666666,March,286.5,96.3,1,28.35,7.89,7.97,2.79,3,3,0,0,29.1,33.9,24.1,0.73,3,6,1,8.30298607387641,0.9902847438131482,0.03329935905912644,No,No,High,Safe,At Risk
45356.08333333334,March,286.5,96.3,1,28.35,7.89,7.97,2.79,3,3,1,0,29.1,33.9,24.1,0.73,3,6,2,8.018775131568798,0.9685354043445804,0.02515228923543135,Yes,No,High,Safe,At Risk
45356.125,March,286.5,96.3,1,28.35,7.89,7.97,2.79,3,3,0,0,29.1,33.9,24.1,0.73,3,6,3,8.441426191343522,0.1806974108164368,0.8933845895542407,No,No,High,Safe,At Risk
45356.16666666666,March,286.5,96.3,1,28.35,7.89,7.97,2.79,3,3,0,0,29.1,33.9,24.1,0.73,3,6,4,8.029645632779447,0.9918595846474429,-0.004572504181345389,Yes,No,High,Safe,At Risk
45356.20833333334,March,286.5,96.3,1,28.35,7.89,7.97,2.79,3,3,1,0,29.1,33.9,24.1,0.73,3,6,5,8.152334495249761,0.3765762203682435,0.01923800495138592,No,No,High,Safe,At Risk
45356.25,March,286.5,96.3,1,28.35,7.89,7.97,2.79,3,3,0,0,29.1,33.9,24.1,0.73,3,6.052631578947368,4.736842105263158,8.15382895150721,0.3795582888037444,0.01796140071989182,Yes,No,High,Safe,At Risk
45356.29166666666,March,286.5,96.3,1,28.35,7.89,7.97,2.79,3,3,0,0,29.1,33.9,24.1,0.73,3,6.105263157894737,4.473684210526316,8.155323407764659,0.3825403572392454,0.01668479648839772,No,No,High,Safe,At Risk
45356.33333333334,March,286.5,96.3,1,28.35,7.89,7.97,2.79,3,3,0,0,29.1,33.9,24.1,0.73,3,6.157894736842105,4.210526315789473,8.156817864022107,0.3855224256747463,0.01540819225690362,Yes,No,High,Safe,At Risk
45356.375,March,286.5,96.3,1,28.35,7.89,7.97,2.79,3,3,1,1,29.1,33.9,24.1,0.73,3,6.210526315789473,3.947368421052632,8.158312320279556,0.3885044941102472,0.01413158802540953,No,No,High,Safe,At Risk
45356.41666666666,March,286.5,96.3,1,28.35,7.89,7.97,2.79,3,3,0,0,29.1,33.9,24.1,0.73,3,6.263157894736842,3.684210526315789,8.159806776537005,0.3914865625457482,0.01285498379391543,Yes,No,High,Safe,At Risk
45356.45833333334,March,286.5,96.3,1,28.35,7.89,7.97,2.79,3,3,0,0,29.1,33.9,24.1,0.73,3,6.315789473684211,3.421052631578947,8.161301232794454,0.3944686309812491,0.01157837956242133,No,No,High,Safe,At Risk
45356.5,March,286.5,96.3,1,28.35,7.89,7.97,2.79,3,3,0,1,29.1,33.9,24.1,0.73,3,6.368421052631579,3.157894736842105,8.162795689051903,0.39745069941675,0.01030177533092723,Yes,No,High,Safe,At Risk
45356.54166666666,March,286.5,96.3,1,28.35,7.89,7.97,2.79,3,3,0,0,29.1,33.9,24.1,0.73,3,6.421052631578947,2.894736842105263,8.164290145309351,0.400432767852251,0.009025171099433129,No,No,High,Safe,At Risk
45356.58333333334,March,286.5,96.3,1,28.35,7.89,7.97,2.79,3,3,0,0,29.1,33.9,24.1,0.73,3,6.473684210526316,2.631578947368421,8.1657846015668,0.4034148362877519,0.00774856686793903,Yes,No,High,Safe,At Risk
45356.625,March,286.5,96.3,1,28.35,7.89,7.97,2.79,3,3,1,0,29.1,33.9,24.1,0.73,3,6.526315789473684,2.368421052631579,8.167279057824251,0.4063969047232528,0.006471962636444931,No,No,High,Safe,At Risk
45356.66666666666,March,286.5,96.3,1,28.35,7.89,7.97,2.79,3,3,0,0,29.1,33.9,24.1,0.73,3,6.578947368421053,2.105263157894737,8.1687735140817,0.4093789731587538,0.005195358404950832,Yes,No,High,Safe,At Risk
45356.70833333334,March,286.5,96.3,1,28.35,7.89,7.97,2.79,3,3,0,0,29.1,33.9,24.1,0.73,3,6.631578947368421,1.842105263157895,8.170267970339149,0.4123610415942547,0.003918754173456732,No,No,High,Safe,At Risk
45356.75,March,286.5,96.3,1,28.35,7.89,7.97,2.79,3,3,0,0,29.1,33.9,24.1,0.73,3,6.684210526315789,1.578947368421053,8.171762426596597,0.4153431100297557,0.002642149941962633,Yes,No,High,Safe,At Risk
45356.79166666666,March,286.5,96.3,1,28.35,7.89,7.97,2.79,3,3,0,0,29.1,33.9,24.1,0.73,3,6.736842105263158,1.315789473684211,8.173256882854046,0.4183251784652566,0.001365545710468534,No,No,High,Safe,At Risk
45356.83333333334,March,286.5,96.3,1,28.35,7.89,7.97,2.79,3,3,0,0,29.1,33.9,24.1,0.73,3,6.789473684210527,1.052631578947369,8.174751339111495,0.4213072469007575,8.894147897443513E-05,Yes,No,High,Safe,At Risk
45356.875,March,286.5,96.3,1,28.35,7.89,7.97,2.79,3,3,0,0,29.1,33.9,24.1,0.73,3,6.842105263157895,0.7894736842105265,8.176245795368944,0.4242893153362585,-0.001187662752519664,No,No,High,Safe,At Risk
45356.91666666666,March,286.5,96.3,1,28.35,7.89,7.97,2.79,3,3,0,0,29.1,33.9,24.1,0.73,3,6.894736842105263,0.5263157894736841,8.177740251626393,0.4272713837717594,-0.002464266984013763,Yes,No,High,Safe,At Risk
45356.95833333334,March,286.5,96.3,1,28.35,7.89,7.97,2.79,3,3,0,0,29.1,33.9,24.1,0.73,3,6.947368421052632,0.2631578947368425,8.179234707883841,0.4302534522072604,-0.003740871215507861,No,No,High,Safe,At Risk
45357,March,286.5,96.3,1,28.35,7.89,7.97,2.79,3,3,0,0,29.1,33.9,24.1,0.73,3,7,0,8.18072916414129,0.4332355206427613,-0.005017475447001962,Yes,No,High,Safe,At Risk
45357.04166666666,March,286.5,96.3,1,28.35,7.89,7.97,2.79,3,3,0,0,29.1,33.9,24.1,0.73,3,7,1,7.794230489631608,0.9786674045996147,-0.004719724127345055,No,No,High,Safe,At Risk
45357.08333333334,March,286.5,96.3,1,28.35,7.89,7.97,2.79,3,3,1,0,29.1,33.9,24.1,0.73,3,7,2,8.277425537337605,0.3314447881631268,0.4092721652673286,Yes,No,High,Safe,At Risk
45357.125,March,286.5,96.3,1,28.35,7.89,7.97,2.79,3,3,0,0,29.1,33.9,24.1,0.73,3,7,3,8.150902361202569,0.2806583809078296,0.8417148488540001,No,No,High,Safe,At Risk
45357.16666666666,March,286.5,96.3,1,28.35,7.89,7.97,2.79,3,3,0,0,29.1,33.9,24.1,0.73,3,7,4,8.108484966021619,0.2169064874369772,0.9545054387969676,Yes,No,High,Safe,At Risk
45357.20833333334,March,286.5,96.3,1,28.35,7.89,7.97,2.79,3,3,0,0,29.1,33.9,24.1,0.73,3,7,5,8.254354688240275,0.9644176824014838,-0.03739351411272913,No,No,High,Safe,At Risk
45357.25,March,286.5,96.3,1,28.35,7.89,7.97,2.79,3,3,0,0,29.1,33.9,24.1,0.73,3,7.052631578947368,4.736842105263158,8.219823132937202,0.9651971164367659,-0.03487821771896123,Yes,No,High,Safe,At Risk
45357.29166666666,March,286.5,96.3,1,28.35,7.89,7.97,2.79,3,3,0,0,29.1,33.9,24.1,0.73,3,7.105263157894737,4.473684210526316,8.18529157763413,0.965976550472048,-0.03236292132519334,No,No,High,Safe,At Risk
45357.33333333334,March,286.5,96.3,1,28.35,7.89,7.97,2.79,3,3,1,0,29.1,33.9,24.1,0.73,3,7.157894736842105,4.210526315789473,8.150760022331058,0.96675598450733,-0.02984762493142544,Yes,No,High,Safe,At Risk
45357.375,March,286.5,96.3,1,28.35,7.89,7.97,2.79,3,3,0,0,29.1,33.9,24.1,0.73,3,7.210526315789473,3.947368421052632,8.116228467027984,0.967535418542612,-0.02733232853765755,No,No,High,Safe,At Risk
45357.41666666666,March,286.5,96.3,1,28.35,7.89,7.97,2.79,3,3,0,0,29.1,33.9,24.1,0.73,3,7.263157894736842,3.684210526315789,8.081696911724912,0.9683148525778941,-0.02481703214388965,Yes,No,High,Safe,At Risk
45357.45833333334,March,286.5,96.3,1,28.35,7.89,7.97,2.79,3,3,0,0,29.1,33.9,24.1,0.73,3,7.315789473684211,3.421052631578947,8.047165356421839,0.9690942866131762,-0.02230173575012176,No,No,High,Safe,At Risk
45357.5,March,286.5,96.3,1,28.35,7.89,7.97,2.79,3,3,0,0,29.1,33.9,24.1,0.73,3,7.368421052631579,3.157894736842105,8.012633801118767,0.9698737206484582,-0.01978643935635386,Yes,No,High,Safe,At Risk
45357.54166666666,March,286.5,96.3,1,28.35,7.89,7.97,2.79,3,3,1,0,29.1,33.9,24.1,0.73,3,7.421052631578947,2.894736842105263,7.978102245815695,0.9706531546837402,-0.01727114296258597,No,No,High,Safe,At Risk
45357.58333333334,March,286.5,96.3,1,28.35,7.89,7.97,2.79,3,3,1,0,29.1,33.9,24.1,0.73,3,7.473684210526316,2.631578947368421,7.943570690512622,0.9714325887190223,-0.01475584656881808,Yes,No,High,Safe,At Risk
45357.625,March,286.5,96.3,1,28.35,7.89,7.97,2.79,3,3,0,0,29.1,33.9,24.1,0.73,3,7.526315789473684,2.368421052631579,7.909039135209549,0.9722120227543044,-0.01224055017505018,No,No,High,Safe,At Risk
45357.66666666666,March,286.5,96.3,1,28.35,7.89,7.97,2.79,3,3,1,0,29.1,33.9,24.1,0.73,3,7.578947368421053,2.105263157894737,7.874507579906477,0.9729914567895864,-0.009725253781282285,Yes,No,High,Safe,At Risk
45357.70833333334,March,286.5,96.3,1,28.35,7.89,7.97,2.79,3,3,1,0,29.1,33.9,24.1,0.73,3,7.631578947368421,1.842105263157895,7.839976024603404,0.9737708908248685,-0.007209957387514392,No,No,High,Safe,At Risk
45357.75,March,286.5,96.3,1,28.35,7.89,7.97,2.79,3,3,0,0,29.1,33.9,24.1,0.73,3,7.684210526315789,1.578947368421053,7.805444469300332,0.9745503248601505,-0.004694660993746498,Yes,No,High,Safe,At Risk
45357.79166666666,March,286.5,96.3,1,28.35,7.89,7.97,2.79,3,3,0,0,29.1,33.9,24.1,0.73,3,7.736842105263158,1.315789473684211,7.770912913997259,0.9753297588954326,-0.002179364599978598,No,No,High,Safe,At Risk
45357.83333333334,March,286.5,96.3,1,28.35,7.89,7.97,2.79,3,3,0,0,29.1,33.9,24.1,0.73,3,7.789473684210527,1.052631578947369,7.736381358694186,0.9761091929307146,0.0003359317937892958,Yes,No,High,Safe,At Risk
45357.875,March,286.5,96.3,1,28.35,7.89,7.97,2.79,3,3,0,0,29.1,33.9,24.1,0.73,3,7.842105263157895,0.7894736842105265,7.701849803391114,0.9768886269659967,0.002851228187557189,No,No,High,Safe,At Risk
45357.91666666666,March,286.5,96.3,1,28.35,7.89,7.97,2.79,3,3,0,0,29.1,33.9,24.1,0.73,3,7.894736842105263,0.5263157894736841,7.667318248088042,0.9776680610012787,0.005366524581325083,Yes,No,High,Safe,At Risk
45357.95833333334,March,286.5,96.3,1,28.35,7.89,7.97,2.79,3,3,1,0,29.1,33.9,24.1,0.73,3,7.947368421052632,0.2631578947368425,7.632786692784968,0.9784474950365608,0.007881820975092976,No,No,High,Safe,At Risk
45358,March,286.5,96.3,1,28.35,7.89,7.97,2.79,3,3,0,0,29.1,33.9,24.1,0.73,3,8,0,7.598255137481896,0.9792269290718428,0.01039711736886088,Yes,No,High,Safe,At Risk
45358.04166666666,March,286.5,96.3,1,28.35,7.89,7.97,2.79,3,3,0,0,29.1,33.9,24.1,0.73,3,8,1,8.088796095476564,0.3083670030624232,0.1244531383870893,No,No,High,Safe,At Risk
45358.08333333334,March,286.5,96.3,1,28.35,7.89,7.97,2.79,3,3,0,0,29.1,33.9,24.1,0.73,3,8,2,8.056521857413934,0.9824332674149809,0.006843869794485015,Yes,No,High,Safe,At Risk
45358.125,March,286.5,96.3,1,28.35,7.89,7.97,2.79,3,3,0,0,29.1,33.9,24.1,0.73,3,8,3,8.17042940697446,0.3070506981574732,0.8833902131550008,No,No,High,Safe,At Risk
45358.16666666666,March,286.5,96.3,1,28.35,7.89,7.97,2.79,3,3,0,0,29.1,33.9,24.1,0.73,3,8,4,8.275076532681782,0.9686403598536559,-0.02896573646823562,Yes,No,High,Safe,At Risk
45358.20833333334,March,286.5,96.3,1,28.35,7.89,7.97,2.79,3,3,1,0,29.1,33.9,24.1,0.73,3,8,5,8.213479192779781,0.3913798411340013,0.009160562066216373,No,No,High,Safe,At Risk
45358.25,March,286.5,96.3,1,28.35,7.89,7.97,2.79,3,3,0,0,29.1,33.9,24.1,0.73,3,8.052631578947368,4.736842105263158,8.210366980628804,0.3897499806030166,0.007562462194040613,Yes,No,High,Safe,At Risk
45358.29166666666,March,286.5,96.3,1,28.35,7.89,7.97,2.79,3,3,0,0,29.1,33.9,24.1,0.73,3,8.105263157894736,4.473684210526316,8.207254768477826,0.3881201200720318,0.005964362321864853,No,No,High,Safe,At Risk
45358.33333333334,March,286.5,96.3,1,28.35,7.89,7.97,2.79,3,3,0,0,29.1,33.9,24.1,0.73,3,8.157894736842104,4.210526315789473,8.204142556326849,0.386490259541047,0.004366262449689094,Yes,No,High,Safe,At Risk
45358.375,March,286.5,96.3,1,28.35,7.89,7.97,2.79,3,3,1,0,29.1,33.9,24.1,0.73,3,8.210526315789474,3.947368421052632,8.201030344175871,0.3848603990100623,0.002768162577513334,No,No,High,Safe,At Risk
45358.41666666666,March,286.5,96.3,1,28.35,7.89,7.97,2.79,3,3,0,0,29.1,33.9,24.1,0.73,3,8.263157894736842,3.684210526315789,8.197918132024894,0.3832305384790775,0.001170062705337574,Yes,No,High,Safe,At Risk
45358.45833333334,March,286.5,96.3,1,28.35,7.89,7.97,2.79,3,3,0,0,29.1,33.9,24.1,0.73,3,8.315789473684211,3.421052631578947,8.194805919873916,0.3816006779480928,-0.0004280371668381848,No,No,High,Safe,At Risk
45358.5,March,286.5,96.3,1,28.35,7.89,7.97,2.79,3,3,0,0,29.1,33.9,24.1,0.73,3,8.368421052631579,3.157894736842105,8.191693707722939,0.379970817417108,-0.002026137039013946,Yes,No,High,Safe,At Risk
45358.54166666666,March,286.5,96.3,1,28.35,7.89,7.97,2.79,3,3,0,0,29.1,33.9,24.1,0.73,3,8.421052631578947,2.894736842105263,8.188581495571961,0.3783409568861232,-0.003624236911189705,No,No,High,Safe,At Risk
45358.58333333334,March,286.5,96.3,1,28.35,7.89,7.97,2.79,3,3,0,0,29.1,33.9,24.1,0.73,3,8.473684210526315,2.631578947368421,8.185469283420984,0.3767110963551385,-0.005222336783365464,Yes,No,High,Safe,At Risk
45358.625,March,286.5,96.3,1,28.35,7.89,7.97,2.79,3,3,0,0,29.1,33.9,24.1,0.73,3,8.526315789473685,2.368421052631579,8.182357071270005,0.3750812358241537,-0.006820436655541225,No,No,High,Safe,At Risk
45358.66666666666,March,286.5,96.3,1,28.35,7.89,7.97,2.79,3,3,1,0,29.1,33.9,24.1,0.73,3,8.578947368421053,2.105263157894737,8.179244859119027,0.373451375293169,-0.008418536527716985,Yes,No,High,Safe,At Risk
45358.70833333334,March,286.5,96.3,1,28.35,7.89,7.97,2.79,3,3,0,0,29.1,33.9,24.1,0.73,3,8.631578947368421,1.842105263157895,8.17613264696805,0.3718215147621842,-0.01001663639989274,No,No,High,Safe,At Risk
45358.75,March,286.5,96.3,1,28.35,7.89,7.97,2.79,3,3,0,0,29.1,33.9,24.1,0.73,3,8.684210526315789,1.578947368421053,8.173020434817072,0.3701916542311994,-0.0116147362720685,Yes,No,High,Safe,At Risk
45358.79166666666,March,286.5,96.3,1,28.35,7.89,7.97,2.79,3,3,0,0,29.1,33.9,24.1,0.73,3,8.736842105263158,1.315789473684211,8.169908222666095,0.3685617937002147,-0.01321283614424426,No,No,High,Safe,At Risk
45358.83333333334,March,286.5,96.3,1,28.35,7.89,7.97,2.79,3,3,0,0,29.1,33.9,24.1,0.73,3,8.789473684210526,1.052631578947369,8.166796010515117,0.3669319331692299,-0.01481093601642002,Yes,No,High,Safe,At Risk
45358.875,March,286.5,96.3,1,28.35,7.89,7.97,2.79,3,3,0,0,29.1,33.9,24.1,0.73,3,8.842105263157894,0.7894736842105265,8.16368379836414,0.3653020726382452,-0.01640903588859578,No,No,High,Safe,At Risk
45358.91666666666,March,286.5,96.3,1,28.35,7.89,7.97,2.79,3,3,0,0,29.1,33.9,24.1,0.73,3,8.894736842105264,0.5263157894736841,8.160571586213162,0.3636722121072604,-0.01800713576077154,Yes,No,High,Safe,At Risk
45358.95833333334,March,286.5,96.3,1,28.35,7.89,7.97,2.79,3,3,1,0,29.1,33.9,24.1,0.73,3,8.947368421052632,0.2631578947368425,8.157459374062185,0.3620423515762756,-0.0196052356329473,No,No,High,Safe,At Risk
45359,March,286.5,96.3,1,28.35,7.89,7.97,2.79,3,3,0,0,29.1,33.9,24.1,0.73,3,9,0,8.154347161911208,0.3604124910452909,-0.02120333550512306,Yes,No,High,Safe,At Risk
45359.04166666666,March,286.5,96.3,1,28.35,7.89,7.97,2.79,3,3,0,1,29.1,33.9,24.1,0.73,3,9,1,7.78532473498456,0.9906639238823679,0.03356028698998842,No,No,High,Safe,At Risk
45359.08333333334,March,286.5,96.3,1,28.35,7.89,7.97,2.79,3,3,0,0,29.1,33.9,24.1,0.73,3,9,2,7.962178498555629,0.3692447554249003,0.4209193860167245,Yes,No,High,Safe,At Risk
45359.125,March,286.5,96.3,1,28.35,7.89,7.97,2.79,3,3,0,1,29.1,33.9,24.1,0.73,3,9,3,8.317099679504675,0.3700944494276086,0.8074099462238712,No,No,High,Safe,At Risk
45359.16666666666,March,286.5,96.3,1,28.35,7.89,7.97,2.79,3,3,0,0,29.1,33.9,24.1,0.73,3,9,4,8.530263343863375,0.2550402470703559,0.8670750705378211,Yes,No,High,Safe,At Risk
45359.20833333334,March,286.5,96.3,1,28.35,7.89,7.97,2.79,3,3,0,0,29.1,33.9,24.1,0.73,3,9,5,8.134877447839724,0.3846102735613176,-0.004523314320222866,No,No,High,Safe,At Risk
45359.25,March,286.5,96.3,1,28.35,7.89,7.97,2.79,3,3,0,0,29.1,33.9,24.1,0.73,3,9.052631578947368,4.736842105263158,8.102851048379963,0.4160835311196023,-0.004017376170008915,Yes,No,High,Safe,At Risk
45359.29166666666,March,286.5,96.3,1,28.35,7.89,7.97,2.79,3,3,0,0,29.1,33.9,24.1,0.73,3,9.105263157894736,4.473684210526316,8.070824648920199,0.4475567886778871,-0.003511438019794963,No,No,High,Safe,At Risk
45359.33333333334,March,286.5,96.3,1,28.35,7.89,7.97,2.79,3,3,0,0,29.1,33.9,24.1,0.73,3,9.157894736842104,4.210526315789473,8.038798249460438,0.4790300462361717,-0.003005499869581012,Yes,No,High,Safe,At Risk
45359.375,March,286.5,96.3,1,28.35,7.89,7.97,2.79,3,3,0,0,29.1,33.9,24.1,0.73,3,9.210526315789474,3.947368421052632,8.006771850000677,0.5105033037944565,-0.002499561719367061,No,No,High,Safe,At Risk
45359.41666666666,March,286.5,96.3,1,28.35,7.89,7.97,2.79,3,3,0,1,29.1,33.9,24.1,0.73,3,9.263157894736842,3.684210526315789,7.974745450540914,0.5419765613527412,-0.001993623569153109,Yes,No,High,Safe,At Risk
45359.45833333334,March,286.5,96.3,1,28.35,7.89,7.97,2.79,3,3,0,0,29.1,33.9,24.1,0.73,3,9.315789473684211,3.421052631578947,7.942719051081152,0.573449818911026,-0.001487685418939158,No,No,High,Safe,At Risk
45359.5,March,286.5,96.3,1,28.35,7.89,7.97,2.79,3,3,0,0,29.1,33.9,24.1,0.73,3,9.368421052631579,3.157894736842105,7.910692651621391,0.6049230764693106,-0.0009817472687252068,Yes,No,High,Safe,At Risk
45359.54166666666,March,286.5,96.3,1,28.35,7.89,7.97,2.79,3,3,0,0,29.1,33.9,24.1,0.73,3,9.421052631578947,2.894736842105263,7.878666252161628,0.6363963340275953,-0.0004758091185112553,No,No,High,Safe,At Risk
45359.58333333334,March,286.5,96.3,1,28.35,7.89,7.97,2.79,3,3,0,1,29.1,33.9,24.1,0.73,3,9.473684210526315,2.631578947368421,7.846639852701866,0.6678695915858801,3.012903170269629E-05,Yes,No,High,Safe,At Risk
45359.625,March,286.5,96.3,1,28.35,7.89,7.97,2.79,3,3,0,0,29.1,33.9,24.1,0.73,3,9.526315789473685,2.368421052631579,7.814613453242105,0.6993428491441649,0.0005360671819166479,No,No,High,Safe,At Risk
45359.66666666666,March,286.5,96.3,1,28.35,7.89,7.97,2.79,3,3,0,0,29.1,33.9,24.1,0.73,3,9.578947368421053,2.105263157894737,7.782587053782343,0.7308161067024496,0.001042005332130599,Yes,No,High,Safe,At Risk
45359.70833333334,March,286.5,96.3,1,28.35,7.89,7.97,2.79,3,3,0,0,29.1,33.9,24.1,0.73,3,9.631578947368421,1.842105263157895,7.75056065432258,0.7622893642607342,0.00154794348234455,No,No,High,Safe,At Risk
45359.75,March,286.5,96.3,1,28.35,7.89,7.97,2.79,3,3,0,0,29.1,33.9,24.1,0.73,3,9.684210526315789,1.578947368421053,7.718534254862819,0.793762621819019,0.002053881632558502,Yes,No,High,Safe,At Risk
45359.79166666666,March,286.5,96.3,1,28.35,7.89,7.97,2.79,3,3,0,1,29.1,33.9,24.1,0.73,3,9.736842105263158,1.315789473684211,7.686507855403057,0.8252358793773037,0.002559819782772452,No,No,High,Safe,At Risk
45359.83333333334,March,286.5,96.3,1,28.35,7.89,7.97,2.79,3,3,0,0,29.1,33.9,24.1,0.73,3,9.789473684210526,1.052631578947369,7.654481455943294,0.8567091369355884,0.003065757932986404,Yes,No,High,Safe,At Risk
45359.875,March,286.5,96.3,1,28.35,7.89,7.97,2.79,3,3,0,0,29.1,33.9,24.1,0.73,3,9.842105263157894,0.7894736842105265,7.622455056483533,0.8881823944938732,0.003571696083200356,No,No,High,Safe,At Risk
45359.91666666666,March,286.5,96.3,1,28.35,7.89,7.97,2.79,3,3,0,0,29.1,33.9,24.1,0.73,3,9.894736842105264,0.5263157894736841,7.590428657023771,0.9196556520521578,0.004077634233414307,Yes,No,High,Safe,At Risk
45359.95833333334,March,286.5,96.3,1,28.35,7.89,7.97,2.79,3,3,0,0,29.1,33.9,24.1,0.73,3,9.947368421052632,0.2631578947368425,7.558402257564009,0.9511289096104426,0.004583572383628259,No,No,High,Safe,At Risk
45360,March,286.5,96.3,1,28.35,7.89,7.97,2.79,3,3,1,0,29.1,33.9,24.1,0.73,3,10,0,7.526375858104247,0.9826021671687273,0.00508951053384221,Yes,No,High,Safe,At Risk
45360.04166666666,March,286.5,96.3,1,28.35,7.89,7.97,2.79,3,3,0,0,29.1,33.9,24.1,0.73,3,10,1,8.110732581252003,0.378121192057758,0.1157099700760928,No,No,High,Safe,At Risk
45360.08333333334,March,286.5,96.3,1,28.35,7.89,7.97,2.79,3,3,0,0,29.1,33.9,24.1,0.73,3,10,2,8.074159345536819,0.3016578438352727,0.4273902301816338,Yes,No,High,Safe,At Risk
45360.125,March,286.5,96.3,1,28.35,7.89,7.97,2.79,3,3,0,0,29.1,33.9,24.1,0.73,3,10,3,8.472860242781293,0.5515456231826117,0.02942894038172424,No,No,High,Safe,At Risk
45360.16666666666,March,286.5,96.3,1,28.35,7.89,7.97,2.79,3,3,0,0,29.1,33.9,24.1,0.73,3,10,4,8.435351887582783,0.3294692805714248,0.8583184528566448,Yes,No,High,Safe,At Risk
45360.20833333334,March,286.5,96.3,1,28.35,7.89,7.97,2.79,3,3,0,0,29.1,33.9,24.1,0.73,3,10,5,8.540799664904306,0.3574254413311618,0.001889549465155816,No,No,High,Safe,At Risk
45360.25,March,286.5,96.3,1,28.35,7.89,7.97,2.79,3,3,1,0,29.1,33.9,24.1,0.73,3,10.05263157894737,4.736842105263158,8.502292904153526,0.3880103575943285,0.001305695434519192,Yes,No,High,Safe,At Risk
45360.29166666666,March,286.5,96.3,1,28.35,7.89,7.97,2.79,3,3,0,0,29.1,33.9,24.1,0.73,3,10.10526315789474,4.473684210526316,8.463786143402748,0.4185952738574952,0.0007218414038825684,No,No,High,Safe,At Risk
45360.33333333334,March,286.5,96.3,1,28.35,7.89,7.97,2.79,3,3,0,0,29.1,33.9,24.1,0.73,3,10.1578947368421,4.210526315789473,8.425279382651969,0.4491801901206619,0.0001379873732459448,Yes,No,High,Safe,At Risk
45360.375,March,286.5,96.3,1,28.35,7.89,7.97,2.79,3,3,1,0,29.1,33.9,24.1,0.73,3,10.21052631578947,3.947368421052632,8.386772621901191,0.4797651063838286,-0.0004458666573906791,No,No,High,Safe,At Risk
45360.41666666666,March,286.5,96.3,1,28.35,7.89,7.97,2.79,3,3,0,0,29.1,33.9,24.1,0.73,3,10.26315789473684,3.684210526315789,8.348265861150411,0.5103500226469954,-0.001029720688027303,Yes,No,High,Safe,At Risk
45360.45833333334,March,286.5,96.3,1,28.35,7.89,7.97,2.79,3,3,0,0,29.1,33.9,24.1,0.73,3,10.31578947368421,3.421052631578947,8.309759100399633,0.5409349389101621,-0.001613574718663926,No,No,High,Safe,At Risk
45360.5,March,286.5,96.3,1,28.35,7.89,7.97,2.79,3,3,0,1,29.1,33.9,24.1,0.73,3,10.36842105263158,3.157894736842105,8.271252339648854,0.5715198551733288,-0.002197428749300551,Yes,No,High,Safe,At Risk
45360.54166666666,March,286.5,96.3,1,28.35,7.89,7.97,2.79,3,3,0,0,29.1,33.9,24.1,0.73,3,10.42105263157895,2.894736842105263,8.232745578898076,0.6021047714364955,-0.002781282779937174,No,No,High,Safe,At Risk
45360.58333333334,March,286.5,96.3,1,28.35,7.89,7.97,2.79,3,3,0,0,29.1,33.9,24.1,0.73,3,10.47368421052632,2.631578947368421,8.194238818147296,0.6326896876996623,-0.003365136810573798,Yes,No,High,Safe,At Risk
45360.625,March,286.5,96.3,1,28.35,7.89,7.97,2.79,3,3,0,0,29.1,33.9,24.1,0.73,3,10.52631578947368,2.368421052631579,8.155732057396516,0.663274603962829,-0.003948990841210422,No,No,High,Safe,At Risk
45360.66666666666,March,286.5,96.3,1,28.35,7.89,7.97,2.79,3,3,0,0,29.1,33.9,24.1,0.73,3,10.57894736842105,2.105263157894737,8.117225296645739,0.6938595202259957,-0.004532844871847045,Yes,No,High,Safe,At Risk
45360.70833333334,March,286.5,96.3,1,28.35,7.89,7.97,2.79,3,3,0,0,29.1,33.9,24.1,0.73,3,10.63157894736842,1.842105263157895,8.078718535894959,0.7244444364891625,-0.005116698902483669,No,No,High,Safe,At Risk
45360.75,March,286.5,96.3,1,28.35,7.89,7.97,2.79,3,3,0,0,29.1,33.9,24.1,0.73,3,10.68421052631579,1.578947368421053,8.040211775144181,0.7550293527523291,-0.005700552933120293,Yes,No,High,Safe,At Risk
45360.79166666666,March,286.5,96.3,1,28.35,7.89,7.97,2.79,3,3,1,0,29.1,33.9,24.1,0.73,3,10.73684210526316,1.315789473684211,8.001705014393401,0.7856142690154959,-0.006284406963756917,No,No,High,Safe,At Risk
45360.83333333334,March,286.5,96.3,1,28.35,7.89,7.97,2.79,3,3,0,0,29.1,33.9,24.1,0.73,3,10.78947368421053,1.052631578947369,7.963198253642624,0.8161991852786625,-0.006868260994393541,Yes,No,High,Safe,At Risk
45360.875,March,286.5,96.3,1,28.35,7.89,7.97,2.79,3,3,0,0,29.1,33.9,24.1,0.73,3,10.84210526315789,0.7894736842105265,7.924691492891844,0.8467841015418294,-0.007452115025030164,No,No,High,Safe,At Risk
45360.91666666666,March,286.5,96.3,1,28.35,7.89,7.97,2.79,3,3,0,0,29.1,33.9,24.1,0.73,3,10.89473684210526,0.5263157894736841,7.886184732141065,0.877369017804996,-0.008035969055666788,Yes,No,High,Safe,At Risk
45360.95833333334,March,286.5,96.3,1,28.35,7.89,7.97,2.79,3,3,0,0,29.1,33.9,24.1,0.73,3,10.94736842105263,0.2631578947368425,7.847677971390286,0.9079539340681628,-0.008619823086303411,No,No,High,Safe,At Risk
45361,March,286.5,96.3,1,28.35,7.89,7.97,2.79,3,3,0,0,29.1,33.9,24.1,0.73,3,11,0,7.809171210639508,0.9385388503313294,-0.009203677116940034,Yes,No,High,Safe,At Risk
45361.04166666666,March,286.5,96.3,1,28.35,7.89,7.97,2.79,3,3,0,0,29.1,33.9,24.1,0.73,3,11,1,8.26274405506234,0.3368034989823529,0.1235679870528966,No,No,High,Safe,At Risk
45361.08333333334,March,286.5,96.3,1,28.35,7.89,7.97,2.79,3,3,0,0,29.1,33.9,24.1,0.73,3,11,2,8.004803353191773,0.3509587117961799,0.4340639931576981,Yes,No,High,Safe,At Risk
45361.125,March,286.5,96.3,1,28.35,7.89,7.97,2.79,3,3,1,0,29.1,33.9,24.1,0.73,3,11,3,8.29174964017864,0.3110148971247469,0.8910419826644418,No,No,High,Safe,At Risk
45361.16666666666,March,286.5,96.3,1,28.35,7.89,7.97,2.79,3,3,0,0,29.1,33.9,24.1,0.73,3,11,4,8.094117514251288,0.3026760220081697,0.8234196965650541,Yes,No,High,Safe,At Risk
45361.20833333334,March,286.5,96.3,1,28.35,7.89,7.97,2.79,3,3,0,0,29.1,33.9,24.1,0.73,3,11,5,8.173633681516055,0.3552680547271305,0.02761551223625304,No,No,High,Safe,At Risk
45361.25,March,286.5,96.3,1,28.35,7.89,7.97,2.79,3,3,1,0,29.1,33.9,24.1,0.73,3,11.05263157894737,4.736842105263158,8.166147716029686,0.357492839871552,0.0276047448756953,Yes,No,High,Safe,At Risk
45361.29166666666,March,286.5,96.3,1,28.35,7.89,7.97,2.79,3,3,0,0,29.1,33.9,24.1,0.73,3,11.10526315789474,4.473684210526316,8.158661750543319,0.3597176250159735,0.02759397751513755,No,No,High,Safe,At Risk
45361.33333333334,March,286.5,96.3,1,28.35,7.89,7.97,2.79,3,3,0,1,29.1,33.9,24.1,0.73,3,11.1578947368421,4.210526315789473,8.15117578505695,0.361942410160395,0.02758321015457981,Yes,No,High,Safe,At Risk
45361.375,March,286.5,96.3,1,28.35,7.89,7.97,2.79,3,3,0,0,29.1,33.9,24.1,0.73,3,11.21052631578947,3.947368421052632,8.14368981957058,0.3641671953048166,0.02757244279402207,No,No,High,Safe,At Risk
45361.41666666666,March,286.5,96.3,1,28.35,7.89,7.97,2.79,3,3,0,0,29.1,33.9,24.1,0.73,3,11.26315789473684,3.684210526315789,8.136203854084211,0.366391980449238,0.02756167543346432,Yes,No,High,Safe,At Risk
45361.45833333334,March,286.5,96.3,1,28.35,7.89,7.97,2.79,3,3,0,0,29.1,33.9,24.1,0.73,3,11.31578947368421,3.421052631578947,8.128717888597844,0.3686167655936596,0.02755090807290658,No,No,High,Safe,At Risk
45361.5,March,286.5,96.3,1,28.35,7.89,7.97,2.79,3,3,0,0,29.1,33.9,24.1,0.73,3,11.36842105263158,3.157894736842105,8.121231923111475,0.3708415507380811,0.02754014071234884,Yes,No,High,Safe,At Risk
45361.54166666666,March,286.5,96.3,1,28.35,7.89,7.97,2.79,3,3,0,0,29.1,33.9,24.1,0.73,3,11.42105263157895,2.894736842105263,8.113745957625106,0.3730663358825026,0.0275293733517911,No,No,High,Safe,At Risk
45361.58333333334,March,286.5,96.3,1,28.35,7.89,7.97,2.79,3,3,0,0,29.1,33.9,24.1,0.73,3,11.47368421052632,2.631578947368421,8.106259992138737,0.3752911210269241,0.02751860599123335,Yes,No,High,Safe,At Risk
45361.625,March,286.5,96.3,1,28.35,7.89,7.97,2.79,3,3,0,0,29.1,33.9,24.1,0.73,3,11.52631578947368,2.368421052631579,8.09877402665237,0.3775159061713456,0.02750783863067561,No,No,High,Safe,At Risk
45361.66666666666,March,286.5,96.3,1,28.35,7.89,7.97,2.79,3,3,0,0,29.1,33.9,24.1,0.73,3,11.57894736842105,2.105263157894737,8.091288061166001,0.3797406913157671,0.02749707127011786,Yes,No,High,Safe,At Risk
45361.70833333334,March,286.5,96.3,1,28.35,7.89,7.97,2.79,3,3,0,0,29.1,33.9,24.1,0.73,3,11.63157894736842,1.842105263157895,8.083802095679632,0.3819654764601886,0.02748630390956012,No,No,High,Safe,At Risk
45361.75,March,286.5,96.3,1,28.35,7.89,7.97,2.79,3,3,0,0,29.1,33.9,24.1,0.73,3,11.68421052631579,1.578947368421053,8.076316130193263,0.3841902616046101,0.02747553654900238,Yes,No,High,Safe,At Risk
45361.79166666666,March,286.5,96.3,1,28.35,7.89,7.97,2.79,3,3,0,0,29.1,33.9,24.1,0.73,3,11.73684210526316,1.315789473684211,8.068830164706895,0.3864150467490317,0.02746476918844463,No,No,High,Safe,At Risk
45361.83333333334,March,286.5,96.3,1,28.35,7.89,7.97,2.79,3,3,0,0,29.1,33.9,24.1,0.73,3,11.78947368421053,1.052631578947369,8.061344199220526,0.3886398318934531,0.02745400182788689,Yes,No,High,Safe,At Risk
45361.875,March,286.5,96.3,1,28.35,7.89,7.97,2.79,3,3,1,0,29.1,33.9,24.1,0.73,3,11.84210526315789,0.7894736842105265,8.053858233734157,0.3908646170378747,0.02744323446732915,No,No,High,Safe,At Risk
45361.91666666666,March,286.5,96.3,1,28.35,7.89,7.97,2.79,3,3,0,0,29.1,33.9,24.1,0.73,3,11.89473684210526,0.5263157894736841,8.046372268247788,0.3930894021822962,0.02743246710677141,Yes,No,High,Safe,At Risk
45361.95833333334,March,286.5,96.3,1,28.35,7.89,7.97,2.79,3,3,0,0,29.1,33.9,24.1,0.73,3,11.94736842105263,0.2631578947368425,8.038886302761421,0.3953141873267177,0.02742169974621366,No,No,High,Safe,At Risk
45362,March,286.5,96.3,1,28.35,7.89,7.97,2.79,3,3,0,0,29.1,33.9,24.1,0.73,3,12,0,8.031400337275052,0.3975389724711392,0.02741093238565592,Yes,No,High,Safe,At Risk
45362.04166666666,March,286.5,96.3,1,28.35,7.89,7.97,2.79,3,3,0,0,29.1,33.9,24.1,0.73,3,12,1,7.969533124375872,0.9356846458719513,-0.007750488175100228,No,No,High,Safe,At Risk
45362.08333333334,March,286.5,96.3,1,28.35,7.89,7.97,2.79,3,3,0,0,29.1,33.9,24.1,0.73,3,12,2,7.700505972762369,1.018258085655612,-0.001619838852807867,Yes,No,High,Safe,At Risk
45362.125,March,286.5,96.3,1,28.35,7.89,7.97,2.79,3,3,0,0,29.1,33.9,24.1,0.73,3,12,3,8.036184765729949,0.179477464331443,0.886425455064799,No,No,High,Safe,At Risk
45362.16666666666,March,286.5,96.3,1,28.35,7.89,7.97,2.79,3,3,0,0,29.1,33.9,24.1,0.73,3,12,4,7.899961182888481,0.2635116841448559,0.9566120459077565,Yes,No,High,Safe,At Risk
45362.20833333334,March,286.5,96.3,1,28.35,7.89,7.97,2.79,3,3,0,0,29.1,33.9,24.1,0.73,3,12,5,8.049770846761504,0.4130040241570699,0.03481194476224526,No,No,High,Safe,At Risk
45362.25,March,286.5,96.3,1,28.35,7.89,7.97,2.79,3,3,0,0,29.1,33.9,24.1,0.73,3,12.05263157894737,4.736842105263158,8.068842043174401,0.4129727053984487,0.03403272222879954,Yes,No,High,Safe,At Risk
45362.29166666666,March,286.5,96.3,1,28.35,7.89,7.97,2.79,3,3,0,0,29.1,33.9,24.1,0.73,3,12.10526315789474,4.473684210526316,8.087913239587298,0.4129413866398275,0.03325349969535382,No,No,High,Safe,At Risk
45362.33333333334,March,286.5,96.3,1,28.35,7.89,7.97,2.79,3,3,0,0,29.1,33.9,24.1,0.73,3,12.1578947368421,4.210526315789473,8.106984436000195,0.4129100678812063,0.03247427716190811,Yes,No,High,Safe,At Risk
45362.375,March,286.5,96.3,1,28.35,7.89,7.97,2.79,3,3,1,0,29.1,33.9,24.1,0.73,3,12.21052631578947,3.947368421052632,8.12605563241309,0.4128787491225851,0.03169505462846239,No,No,High,Safe,At Risk
45362.41666666666,March,286.5,96.3,1,28.35,7.89,7.97,2.79,3,3,0,1,29.1,33.9,24.1,0.73,3,12.26315789473684,3.684210526315789,8.145126828825987,0.4128474303639639,0.03091583209501667,Yes,No,High,Safe,At Risk
45362.45833333334,March,286.5,96.3,1,28.35,7.89,7.97,2.79,3,3,1,0,29.1,33.9,24.1,0.73,3,12.31578947368421,3.421052631578947,8.164198025238884,0.4128161116053427,0.03013660956157095,No,No,High,Safe,At Risk
45362.5,March,286.5,96.3,1,28.35,7.89,7.97,2.79,3,3,0,0,29.1,33.9,24.1,0.73,3,12.36842105263158,3.157894736842105,8.183269221651781,0.4127847928467215,0.02935738702812523,Yes,No,High,Safe,At Risk
45362.54166666666,March,286.5,96.3,1,28.35,7.89,7.97,2.79,3,3,0,0,29.1,33.9,24.1,0.73,3,12.42105263157895,2.894736842105263,8.202340418064678,0.4127534740881003,0.02857816449467952,No,No,High,Safe,At Risk
45362.58333333334,March,286.5,96.3,1,28.35,7.89,7.97,2.79,3,3,0,0,29.1,33.9,24.1,0.73,3,12.47368421052632,2.631578947368421,8.221411614477574,0.4127221553294791,0.0277989419612338,Yes,No,High,Safe,At Risk
45362.625,March,286.5,96.3,1,28.35,7.89,7.97,2.79,3,3,1,0,29.1,33.9,24.1,0.73,3,12.52631578947368,2.368421052631579,8.24048281089047,0.4126908365708579,0.02701971942778808,No,No,High,Safe,At Risk
45362.66666666666,March,286.5,96.3,1,28.35,7.89,7.97,2.79,3,3,0,1,29.1,33.9,24.1,0.73,3,12.57894736842105,2.105263157894737,8.259554007303366,0.4126595178122367,0.02624049689434236,Yes,No,High,Safe,At Risk
45362.70833333334,March,286.5,96.3,1,28.35,7.89,7.97,2.79,3,3,0,0,29.1,33.9,24.1,0.73,3,12.63157894736842,1.842105263157895,8.278625203716263,0.4126281990536155,0.02546127436089664,No,No,High,Safe,At Risk
45362.75,March,286.5,96.3,1,28.35,7.89,7.97,2.79,3,3,1,0,29.1,33.9,24.1,0.73,3,12.68421052631579,1.578947368421053,8.29769640012916,0.4125968802949943,0.02468205182745093,Yes,No,High,Safe,At Risk
45362.79166666666,March,286.5,96.3,1,28.35,7.89,7.97,2.79,3,3,0,0,29.1,33.9,24.1,0.73,3,12.73684210526316,1.315789473684211,8.316767596542057,0.4125655615363731,0.02390282929400521,No,No,High,Safe,At Risk
45362.83333333334,March,286.5,96.3,1,28.35,7.89,7.97,2.79,3,3,0,0,29.1,33.9,24.1,0.73,3,12.78947368421053,1.052631578947369,8.335838792954954,0.4125342427777519,0.02312360676055949,Yes,No,High,Safe,At Risk
45362.875,March,286.5,96.3,1,28.35,7.89,7.97,2.79,3,3,0,0,29.1,33.9,24.1,0.73,3,12.84210526315789,0.7894736842105265,8.354909989367849,0.4125029240191307,0.02234438422711377,No,No,High,Safe,At Risk
45362.91666666666,March,286.5,96.3,1,28.35,7.89,7.97,2.79,3,3,0,0,29.1,33.9,24.1,0.73,3,12.89473684210526,0.5263157894736841,8.373981185780746,0.4124716052605095,0.02156516169366806,Yes,No,High,Safe,At Risk
45362.95833333334,March,286.5,96.3,1,28.35,7.89,7.97,2.79,3,3,0,0,29.1,33.9,24.1,0.73,3,12.94736842105263,0.2631578947368425,8.393052382193643,0.4124402865018883,0.02078593916022234,No,No,High,Safe,At Risk
45363,March,286.5,96.3,1,28.35,7.89,7.97,2.79,3,3,0,0,29.1,33.9,24.1,0.73,3,13,0,8.41212357860654,0.4124089677432671,0.02000671662677662,Yes,No,High,Safe,At Risk
45363.04166666666,March,286.5,96.3,1,28.35,7.89,7.97,2.79,3,3,0,0,29.1,33.9,24.1,0.73,3,13,1,7.603745073031105,0.9810848719327504,0.01127042037773039,No,No,High,Safe,At Risk
45363.08333333334,March,286.5,96.3,1,28.35,7.89,7.97,2.79,3,3,0,0,29.1,33.9,24.1,0.73,3,13,2,7.788762929944449,0.3282055674734322,0.414460257765892,Yes,No,High,Safe,At Risk
45363.125,March,286.5,96.3,1,28.35,7.89,7.97,2.79,3,3,0,0,29.1,33.9,24.1,0.73,3,13,3,8.205290905616993,0.2377227220036145,0.8452043034859883,No,No,High,Safe,At Risk
45363.16666666666,March,286.5,96.3,1,28.35,7.89,7.97,2.79,3,3,0,0,29.1,33.9,24.1,0.73,3,13,4,7.558104037865455,0.98300279109184,-0.02826696369590108,Yes,No,High,Safe,At Risk
45363.20833333334,March,286.5,96.3,1,28.35,7.89,7.97,2.79,3,3,0,0,29.1,33.9,24.1,0.73,3,13,5,7.997567032446894,0.3765836218997398,-0.003654685597258281,No,No,High,Safe,At Risk
45363.25,March,286.5,96.3,1,28.35,7.89,7.97,2.79,3,3,0,0,29.1,33.9,24.1,0.73,3,13.05263157894737,4.736842105263158,8.007774590552099,0.4071872368066331,-0.001842279052374401,Yes,No,High,Safe,At Risk
45363.29166666666,March,286.5,96.3,1,28.35,7.89,7.97,2.79,3,3,0,1,29.1,33.9,24.1,0.73,3,13.10526315789474,4.473684210526316,8.017982148657305,0.4377908517135264,-2.987250749052119E-05,No,No,High,Safe,At Risk
45363.33333333334,March,286.5,96.3,1,28.35,7.89,7.97,2.79,3,3,0,0,29.1,33.9,24.1,0.73,3,13.1578947368421,4.210526315789473,8.028189706762511,0.4683944666204197,0.001782534037393358,Yes,No,High,Safe,At Risk
45363.375,March,286.5,96.3,1,28.35,7.89,7.97,2.79,3,3,0,0,29.1,33.9,24.1,0.73,3,13.21052631578947,3.947368421052632,8.038397264867715,0.498998081527313,0.003594940582277239,No,No,High,Safe,At Risk
45363.41666666666,March,286.5,96.3,1,28.35,7.89,7.97,2.79,3,3,1,0,29.1,33.9,24.1,0.73,3,13.26315789473684,3.684210526315789,8.048604822972921,0.5296016964342062,0.005407347127161118,Yes,No,High,Safe,At Risk
45363.45833333334,March,286.5,96.3,1,28.35,7.89,7.97,2.79,3,3,0,0,29.1,33.9,24.1,0.73,3,13.31578947368421,3.421052631578947,8.058812381078127,0.5602053113410995,0.007219753672044998,No,No,High,Safe,At Risk
45363.5,March,286.5,96.3,1,28.35,7.89,7.97,2.79,3,3,0,0,29.1,33.9,24.1,0.73,3,13.36842105263158,3.157894736842105,8.069019939183331,0.5908089262479927,0.009032160216928879,Yes,No,High,Safe,At Risk
45363.54166666666,March,286.5,96.3,1,28.35,7.89,7.97,2.79,3,3,0,0,29.1,33.9,24.1,0.73,3,13.42105263157895,2.894736842105263,8.079227497288537,0.6214125411548861,0.01084456676181276,No,No,High,Safe,At Risk
45363.58333333334,March,286.5,96.3,1,28.35,7.89,7.97,2.79,3,3,0,0,29.1,33.9,24.1,0.73,3,13.47368421052632,2.631578947368421,8.089435055393743,0.6520161560617793,0.01265697330669664,Yes,No,High,Safe,At Risk
45363.625,March,286.5,96.3,1,28.35,7.89,7.97,2.79,3,3,0,0,29.1,33.9,24.1,0.73,3,13.52631578947368,2.368421052631579,8.099642613498949,0.6826197709686725,0.01446937985158052,No,No,High,Safe,At Risk
45363.66666666666,March,286.5,96.3,1,28.35,7.89,7.97,2.79,3,3,0,0,29.1,33.9,24.1,0.73,3,13.57894736842105,2.105263157894737,8.109850171604153,0.7132233858755659,0.0162817863964644,Yes,No,High,Safe,At Risk
45363.70833333334,March,286.5,96.3,1,28.35,7.89,7.97,2.79,3,3,0,0,29.1,33.9,24.1,0.73,3,13.63157894736842,1.842105263157895,8.120057729709359,0.7438270007824592,0.01809419294134828,No,No,High,Safe,At Risk
45363.75,March,286.5,96.3,1,28.35,7.89,7.97,2.79,3,3,0,0,29.1,33.9,24.1,0.73,3,13.68421052631579,1.578947368421053,8.130265287814565,0.7744306156893525,0.01990659948623216,Yes,No,High,Safe,At Risk
45363.79166666666,March,286.5,96.3,1,28.35,7.89,7.97,2.79,3,3,1,0,29.1,33.9,24.1,0.73,3,13.73684210526316,1.315789473684211,8.140472845919769,0.8050342305962457,0.02171900603111604,No,No,High,Safe,At Risk
45363.83333333334,March,286.5,96.3,1,28.35,7.89,7.97,2.79,3,3,0,0,29.1,33.9,24.1,0.73,3,13.78947368421053,1.052631578947369,8.150680404024975,0.835637845503139,0.02353141257599992,Yes,No,High,Safe,At Risk
45363.875,March,286.5,96.3,1,28.35,7.89,7.97,2.79,3,3,0,0,29.1,33.9,24.1,0.73,3,13.84210526315789,0.7894736842105265,8.160887962130181,0.8662414604100324,0.0253438191208838,No,No,High,Safe,At Risk
45363.91666666666,March,286.5,96.3,1,28.35,7.89,7.97,2.79,3,3,0,0,29.1,33.9,24.1,0.73,3,13.89473684210526,0.5263157894736841,8.171095520235387,0.8968450753169256,0.02715622566576768,Yes,No,High,Safe,At Risk
45363.95833333334,March,286.5,96.3,1,28.35,7.89,7.97,2.79,3,3,0,0,29.1,33.9,24.1,0.73,3,13.94736842105263,0.2631578947368425,8.181303078340591,0.9274486902238188,0.02896863221065155,No,No,High,Safe,At Risk
45364,March,286.5,96.3,1,28.35,7.89,7.97,2.79,3,3,0,0,29.1,33.9,24.1,0.73,3,14,0,8.191510636445797,0.9580523051307122,0.03078103875553544,Yes,No,High,Safe,At Risk
45364.04166666666,March,286.5,96.3,1,28.35,7.89,7.97,2.79,3,3,0,0,29.1,33.9,24.1,0.73,3,14,1,8.553743326293016,0.3269768724419606,0.1729076010933965,No,No,High,Safe,At Risk
45364.08333333334,March,286.5,96.3,1,28.35,7.89,7.97,2.79,3,3,0,0,29.1,33.9,24.1,0.73,3,14,2,8.29660934301325,0.2752578800907328,0.480247929278978,Yes,No,High,Safe,At Risk
45364.125,March,286.5,96.3,1,28.35,7.89,7.97,2.79,3,3,1,0,29.1,33.9,24.1,0.73,3,14,3,8.019396505704986,0.950854867478645,-0.007955824595642506,No,No,High,Safe,At Risk
45364.16666666666,March,286.5,96.3,1,28.35,7.89,7.97,2.79,3,3,0,0,29.1,33.9,24.1,0.73,3,14,4,8.155011951039814,0.3321208933876263,0.8926700897938893,Yes,No,High,Safe,At Risk
45364.20833333334,March,286.5,96.3,1,28.35,7.89,7.97,2.79,3,3,0,1,29.1,33.9,24.1,0.73,3,14,5,8.3300261053777,0.4189370837972769,0.04053323180964055,No,No,High,Safe,At Risk
45364.25,March,286.5,96.3,1,28.35,7.89,7.97,2.79,3,3,0,0,29.1,33.9,24.1,0.73,3,14.05263157894737,4.736842105263158,8.312934645737924,0.4173419818014033,0.03861153124680091,Yes,No,High,Safe,At Risk
45364.29166666666,March,286.5,96.3,1,28.35,7.89,7.97,2.79,3,3,0,0,29.1,33.9,24.1,0.73,3,14.10526315789474,4.473684210526316,8.295843186098148,0.4157468798055295,0.03668983068396128,No,No,High,Safe,At Risk
45364.33333333334,March,286.5,96.3,1,28.35,7.89,7.97,2.79,3,3,1,0,29.1,33.9,24.1,0.73,3,14.1578947368421,4.210526315789473,8.278751726458372,0.4141517778096559,0.03476813012112163,Yes,No,High,Safe,At Risk
45364.375,March,286.5,96.3,1,28.35,7.89,7.97,2.79,3,3,0,0,29.1,33.9,24.1,0.73,3,14.21052631578947,3.947368421052632,8.261660266818597,0.4125566758137822,0.032846429558282,No,No,High,Safe,At Risk
45364.41666666666,March,286.5,96.3,1,28.35,7.89,7.97,2.79,3,3,1,0,29.1,33.9,24.1,0.73,3,14.26315789473684,3.684210526315789,8.244568807178821,0.4109615738179085,0.03092472899544236,Yes,No,High,Safe,At Risk
45364.45833333334,March,286.5,96.3,1,28.35,7.89,7.97,2.79,3,3,0,0,29.1,33.9,24.1,0.73,3,14.31578947368421,3.421052631578947,8.227477347539045,0.4093664718220348,0.02900302843260272,No,No,High,Safe,At Risk
45364.5,March,286.5,96.3,1,28.35,7.89,7.97,2.79,3,3,0,0,29.1,33.9,24.1,0.73,3,14.36842105263158,3.157894736842105,8.210385887899269,0.4077713698261612,0.02708132786976308,Yes,No,High,Safe,At Risk
45364.54166666666,March,286.5,96.3,1,28.35,7.89,7.97,2.79,3,3,0,0,29.1,33.9,24.1,0.73,3,14.42105263157895,2.894736842105263,8.193294428259494,0.4061762678302875,0.02515962730692345,No,No,High,Safe,At Risk
45364.58333333334,March,286.5,96.3,1,28.35,7.89,7.97,2.79,3,3,0,0,29.1,33.9,24.1,0.73,3,14.47368421052632,2.631578947368421,8.176202968619718,0.4045811658344138,0.02323792674408381,Yes,No,High,Safe,At Risk
45364.625,March,286.5,96.3,1,28.35,7.89,7.97,2.79,3,3,0,0,29.1,33.9,24.1,0.73,3,14.52631578947368,2.368421052631579,8.15911150897994,0.4029860638385402,0.02131622618124417,No,No,High,Safe,At Risk
45364.66666666666,March,286.5,96.3,1,28.35,7.89,7.97,2.79,3,3,0,0,29.1,33.9,24.1,0.73,3,14.57894736842105,2.105263157894737,8.142020049340164,0.4013909618426665,0.01939452561840453,Yes,No,High,Safe,At Risk
45364.70833333334,March,286.5,96.3,1,28.35,7.89,7.97,2.79,3,3,0,0,29.1,33.9,24.1,0.73,3,14.63157894736842,1.842105263157895,8.124928589700389,0.3997958598467928,0.01747282505556489,No,No,High,Safe,At Risk
45364.75,March,286.5,96.3,1,28.35,7.89,7.97,2.79,3,3,0,0,29.1,33.9,24.1,0.73,3,14.68421052631579,1.578947368421053,8.107837130060613,0.3982007578509191,0.01555112449272526,Yes,No,High,Safe,At Risk
45364.79166666666,March,286.5,96.3,1,28.35,7.89,7.97,2.79,3,3,0,1,29.1,33.9,24.1,0.73,3,14.73684210526316,1.315789473684211,8.090745670420837,0.3966056558550455,0.01362942392988562,No,No,High,Safe,At Risk
45364.83333333334,March,286.5,96.3,1,28.35,7.89,7.97,2.79,3,3,0,0,29.1,33.9,24.1,0.73,3,14.78947368421053,1.052631578947369,8.073654210781061,0.3950105538591718,0.01170772336704598,Yes,No,High,Safe,At Risk
45364.875,March,286.5,96.3,1,28.35,7.89,7.97,2.79,3,3,0,0,29.1,33.9,24.1,0.73,3,14.84210526315789,0.7894736842105265,8.056562751141286,0.3934154518632981,0.009786022804206342,No,No,High,Safe,At Risk
45364.91666666666,March,286.5,96.3,1,28.35,7.89,7.97,2.79,3,3,1,0,29.1,33.9,24.1,0.73,3,14.89473684210526,0.5263157894736841,8.03947129150151,0.3918203498674245,0.007864322241366704,Yes,No,High,Safe,At Risk
45364.95833333334,March,286.5,96.3,1,28.35,7.89,7.97,2.79,3,3,0,0,29.1,33.9,24.1,0.73,3,14.94736842105263,0.2631578947368425,8.022379831861734,0.3902252478715508,0.005942621678527063,No,No,High,Safe,At Risk
45365,March,286.5,96.3,1,28.35,7.89,7.97,2.79,3,3,0,1,29.1,33.9,24.1,0.73,3,15,0,8.005288372221958,0.3886301458756771,0.004020921115687428,Yes,No,High,Safe,At Risk
45365.04166666666,March,286.5,96.3,1,28.35,7.89,7.97,2.79,3,3,1,0,29.1,33.9,24.1,0.73,3,15,1,8.2465958470804,0.325696787573762,0.1340470499793461,No,No,High,Safe,At Risk
45365.08333333334,March,286.5,96.3,1,28.35,7.89,7.97,2.79,3,3,1,1,29.1,33.9,24.1,0.73,3,15,2,7.998103244616568,0.9398908377515653,0.03224799317834125,Yes,No,High,Safe,At Risk
45365.125,March,286.5,96.3,1,28.35,7.89,7.97,2.79,3,3,0,0,29.1,33.9,24.1,0.73,3,15,3,8.213414122554244,0.2739892513096662,0.9696062378954696,No,No,High,Safe,At Risk
45365.16666666666,March,286.5,96.3,1,28.35,7.89,7.97,2.79,3,3,0,0,29.1,33.9,24.1,0.73,3,15,4,8.110032994085804,0.9603629576981602,0.004881466184152589,Yes,No,High,Safe,At Risk
45365.20833333334,March,286.5,96.3,1,28.35,7.89,7.97,2.79,3,3,1,0,29.1,33.9,24.1,0.73,3,15,5,8.111011369010075,0.4041472249732908,0.03416103453801461,No,No,High,Safe,At Risk
45365.25,March,286.5,96.3,1,28.35,7.89,7.97,2.79,3,3,0,0,29.1,33.9,24.1,0.73,3,15.05263157894737,4.736842105263158,8.096320461850755,0.4045514015711277,0.03116894156723108,Yes,No,High,Safe,At Risk
45365.29166666666,March,286.5,96.3,1,28.35,7.89,7.97,2.79,3,3,0,0,29.1,33.9,24.1,0.73,3,15.10526315789474,4.473684210526316,8.081629554691437,0.4049555781689645,0.02817684859644756,No,No,High,Safe,At Risk
45365.33333333334,March,286.5,96.3,1,28.35,7.89,7.97,2.79,3,3,1,0,29.1,33.9,24.1,0.73,3,15.1578947368421,4.210526315789473,8.066938647532117,0.4053597547668014,0.02518475562566403,Yes,No,High,Safe,At Risk
45365.375,March,286.5,96.3,1,28.35,7.89,7.97,2.79,3,3,0,0,29.1,33.9,24.1,0.73,3,15.21052631578947,3.947368421052632,8.052247740372797,0.4057639313646383,0.0221926626548805,No,No,High,Safe,At Risk
45365.41666666666,March,286.5,96.3,1,28.35,7.89,7.97,2.79,3,3,0,0,29.1,33.9,24.1,0.73,3,15.26315789473684,3.684210526315789,8.037556833213479,0.4061681079624752,0.01920056968409697,Yes,No,High,Safe,At Risk
45365.45833333334,March,286.5,96.3,1,28.35,7.89,7.97,2.79,3,3,0,0,29.1,33.9,24.1,0.73,3,15.31578947368421,3.421052631578947,8.022865926054159,0.406572284560312,0.01620847671331344,No,No,High,Safe,At Risk
45365.5,March,286.5,96.3,1,28.35,7.89,7.97,2.79,3,3,0,0,29.1,33.9,24.1,0.73,3,15.36842105263158,3.157894736842105,8.008175018894841,0.4069764611581489,0.01321638374252991,Yes,No,High,Safe,At Risk
45365.54166666666,March,286.5,96.3,1,28.35,7.89,7.97,2.79,3,3,0,0,29.1,33.9,24.1,0.73,3,15.42105263157895,2.894736842105263,7.993484111735521,0.4073806377559858,0.01022429077174639,No,No,High,Safe,At Risk
45365.58333333334,March,286.5,96.3,1,28.35,7.89,7.97,2.79,3,3,0,0,29.1,33.9,24.1,0.73,3,15.47368421052632,2.631578947368421,7.978793204576202,0.4077848143538226,0.007232197800962858,Yes,No,High,Safe,At Risk
45365.625,March,286.5,96.3,1,28.35,7.89,7.97,2.79,3,3,1,0,29.1,33.9,24.1,0.73,3,15.52631578947368,2.368421052631579,7.964102297416882,0.4081889909516595,0.00424010483017933,No,No,High,Safe,At Risk
45365.66666666666,March,286.5,96.3,1,28.35,7.89,7.97,2.79,3,3,0,0,29.1,33.9,24.1,0.73,3,15.57894736842105,2.105263157894737,7.949411390257563,0.4085931675494964,0.001248011859395798,Yes,No,High,Safe,At Risk
45365.70833333334,March,286.5,96.3,1,28.35,7.89,7.97,2.79,3,3,0,0,29.1,33.9,24.1,0.73,3,15.63157894736842,1.842105263157895,7.934720483098244,0.4089973441473332,-0.001744081111387727,No,No,High,Safe,At Risk
45365.75,March,286.5,96.3,1,28.35,7.89,7.97,2.79,3,3,1,0,29.1,33.9,24.1,0.73,3,15.68421052631579,1.578947368421053,7.920029575938925,0.4094015207451701,-0.004736174082171252,Yes,No,High,Safe,At Risk
45365.79166666666,March,286.5,96.3,1,28.35,7.89,7.97,2.79,3,3,0,0,29.1,33.9,24.1,0.73,3,15.73684210526316,1.315789473684211,7.905338668779605,0.409805697343007,-0.007728267052954783,No,No,High,Safe,At Risk
45365.83333333334,March,286.5,96.3,1,28.35,7.89,7.97,2.79,3,3,0,0,29.1,33.9,24.1,0.73,3,15.78947368421053,1.052631578947369,7.890647761620285,0.4102098739408438,-0.01072036002373832,Yes,No,High,Safe,At Risk
45365.875,March,286.5,96.3,1,28.35,7.89,7.97,2.79,3,3,0,0,29.1,33.9,24.1,0.73,3,15.84210526315789,0.7894736842105265,7.875956854460966,0.4106140505386807,-0.01371245299452184,No,No,High,Safe,At Risk
45365.91666666666,March,286.5,96.3,1,28.35,7.89,7.97,2.79,3,3,0,0,29.1,33.9,24.1,0.73,3,15.89473684210526,0.5263157894736841,7.861265947301647,0.4110182271365176,-0.01670454596530536,Yes,No,High,Safe,At Risk
45365.95833333334,March,286.5,96.3,1,28.35,7.89,7.97,2.79,3,3,0,0,29.1,33.9,24.1,0.73,3,15.94736842105263,0.2631578947368425,7.846575040142327,0.4114224037343545,-0.0196966389360889,No,No,High,Safe,At Risk
45366,March,286.5,96.3,1,28.35,7.89,7.97,2.79,3,3,0,0,29.1,33.9,24.1,0.73,3,16,0,7.831884132983008,0.4118265803321913,-0.02268873190687242,Yes,No,High,Safe,At Risk
45366.04166666666,March,286.5,96.3,1,28.35,7.89,7.97,2.79,3,3,0,0,29.1,33.9,24.1,0.73,3,16,1,8.231226746866728,0.3097298397245836,0.1637739999438812,No,No,High,Safe,At Risk
45366.08333333334,March,286.5,96.3,1,28.35,7.89,7.97,2.79,3,3,0,0,29.1,33.9,24.1,0.73,3,16,2,7.753016616991681,0.3099710868940345,0.4943670182144521,Yes,No,High,Safe,At Risk
45366.125,March,286.5,96.3,1,28.35,7.89,7.97,2.79,3,3,0,0,29.1,33.9,24.1,0.73,3,16,3,8.651993983989204,0.3269186627990484,0.8772092057146552,No,No,High,Safe,At Risk
45366.16666666666,March,286.5,96.3,1,28.35,7.89,7.97,2.79,3,3,0,0,29.1,33.9,24.1,0.73,3,16,4,8.177492867446317,0.3073366640590225,0.8095400884833139,Yes,No,High,Safe,At Risk
45366.20833333334,March,286.5,96.3,1,28.35,7.89,7.97,2.79,3,3,0,0,29.1,33.9,24.1,0.73,3,16,5,7.807589974751101,0.3696340446822756,0.02485904831110809,No,No,High,Safe,At Risk
45366.25,March,286.5,96.3,1,28.35,7.89,7.97,2.79,3,3,0,0,29.1,33.9,24.1,0.73,3,16.05263157894737,4.736842105263158,7.830042074377433,0.3724596875607321,0.02536314160242457,Yes,No,High,Safe,At Risk
45366.29166666666,March,286.5,96.3,1,28.35,7.89,7.97,2.79,3,3,0,0,29.1,33.9,24.1,0.73,3,16.10526315789474,4.473684210526316,7.852494174003764,0.3752853304391885,0.02586723489374105,No,No,High,Safe,At Risk
45366.33333333334,March,286.5,96.3,1,28.35,7.89,7.97,2.79,3,3,0,0,29.1,33.9,24.1,0.73,3,16.15789473684211,4.210526315789473,7.874946273630096,0.378110973317645,0.02637132818505753,Yes,No,High,Safe,At Risk
45366.375,March,286.5,96.3,1,28.35,7.89,7.97,2.79,3,3,0,0,29.1,33.9,24.1,0.73,3,16.21052631578947,3.947368421052632,7.897398373256427,0.3809366161961014,0.02687542147637401,No,No,High,Safe,At Risk
45366.41666666666,March,286.5,96.3,1,28.35,7.89,7.97,2.79,3,3,1,0,29.1,33.9,24.1,0.73,3,16.26315789473684,3.684210526315789,7.919850472882759,0.3837622590745579,0.02737951476769049,Yes,No,High,Safe,At Risk
45366.45833333334,March,286.5,96.3,1,28.35,7.89,7.97,2.79,3,3,0,0,29.1,33.9,24.1,0.73,3,16.31578947368421,3.421052631578947,7.942302572509091,0.3865879019530143,0.02788360805900697,No,No,High,Safe,At Risk
45366.5,March,286.5,96.3,1,28.35,7.89,7.97,2.79,3,3,0,0,29.1,33.9,24.1,0.73,3,16.36842105263158,3.157894736842105,7.964754672135422,0.3894135448314708,0.02838770135032345,Yes,No,High,Safe,At Risk
45366.54166666666,March,286.5,96.3,1,28.35,7.89,7.97,2.79,3,3,0,0,29.1,33.9,24.1,0.73,3,16.42105263157895,2.894736842105263,7.987206771761754,0.3922391877099273,0.02889179464163993,No,No,High,Safe,At Risk
45366.58333333334,March,286.5,96.3,1,28.35,7.89,7.97,2.79,3,3,0,0,29.1,33.9,24.1,0.73,3,16.47368421052632,2.631578947368421,8.009658871388085,0.3950648305883837,0.02939588793295642,Yes,No,High,Safe,At Risk
45366.625,March,286.5,96.3,1,28.35,7.89,7.97,2.79,3,3,1,0,29.1,33.9,24.1,0.73,3,16.52631578947368,2.368421052631579,8.032110971014417,0.3978904734668402,0.02989998122427289,No,No,High,Safe,At Risk
45366.66666666666,March,286.5,96.3,1,28.35,7.89,7.97,2.79,3,3,0,0,29.1,33.9,24.1,0.73,3,16.57894736842105,2.105263157894737,8.054563070640748,0.4007161163452966,0.03040407451558938,Yes,No,High,Safe,At Risk
45366.70833333334,March,286.5,96.3,1,28.35,7.89,7.97,2.79,3,3,0,0,29.1,33.9,24.1,0.73,3,16.63157894736842,1.842105263157895,8.07701517026708,0.4035417592237531,0.03090816780690585,No,No,High,Safe,At Risk
45366.75,March,286.5,96.3,1,28.35,7.89,7.97,2.79,3,3,0,0,29.1,33.9,24.1,0.73,3,16.68421052631579,1.578947368421053,8.099467269893411,0.4063674021022096,0.03141226109822234,Yes,No,High,Safe,At Risk
45366.79166666666,March,286.5,96.3,1,28.35,7.89,7.97,2.79,3,3,0,0,29.1,33.9,24.1,0.73,3,16.73684210526316,1.315789473684211,8.121919369519743,0.409193044980666,0.03191635438953882,No,No,High,Safe,At Risk
45366.83333333334,March,286.5,96.3,1,28.35,7.89,7.97,2.79,3,3,0,1,29.1,33.9,24.1,0.73,3,16.78947368421053,1.052631578947369,8.144371469146074,0.4120186878591224,0.0324204476808553,Yes,No,High,Safe,At Risk
45366.875,March,286.5,96.3,1,28.35,7.89,7.97,2.79,3,3,0,0,29.1,33.9,24.1,0.73,3,16.84210526315789,0.7894736842105265,8.166823568772406,0.4148443307375789,0.03292454097217178,No,No,High,Safe,At Risk
45366.91666666666,March,286.5,96.3,1,28.35,7.89,7.97,2.79,3,3,0,0,29.1,33.9,24.1,0.73,3,16.89473684210526,0.5263157894736841,8.189275668398738,0.4176699736160354,0.03342863426348826,Yes,No,High,Safe,At Risk
45366.95833333334,March,286.5,96.3,1,28.35,7.89,7.97,2.79,3,3,0,0,29.1,33.9,24.1,0.73,3,16.94736842105263,0.2631578947368425,8.211727768025069,0.4204956164944919,0.03393272755480474,No,No,High,Safe,At Risk
45367,March,286.5,96.3,1,28.35,7.89,7.97,2.79,3,3,0,0,29.1,33.9,24.1,0.73,3,17,0,8.234179867651401,0.4233212593729483,0.03443682084612122,Yes,No,High,Safe,At Risk
45367.04166666666,March,286.5,96.3,1,28.35,7.89,7.97,2.79,3,3,0,0,29.1,33.9,24.1,0.73,3,17,1,8.144205770748513,0.3409957760290576,0.1236298417464998,No,No,High,Safe,At Risk
45367.08333333334,March,286.5,96.3,1,28.35,7.89,7.97,2.79,3,3,0,1,29.1,33.9,24.1,0.73,3,17,2,8.053458218491977,0.2987885548500845,0.526249998880835,Yes,No,High,Safe,At Risk
45367.125,March,286.5,96.3,1,28.35,7.89,7.97,2.79,3,3,0,0,29.1,33.9,24.1,0.73,3,17,3,7.950541337361193,0.222254816692635,0.9046797597857275,No,No,High,Safe,At Risk
45367.16666666666,March,286.5,96.3,1,28.35,7.89,7.97,2.79,3,3,1,0,29.1,33.9,24.1,0.73,3,17,4,7.946355072051291,0.2827411172341273,0.9439184058959781,Yes,No,High,Safe,At Risk
45367.20833333334,March,286.5,96.3,1,28.35,7.89,7.97,2.79,3,3,0,1,29.1,33.9,24.1,0.73,3,17,5,8.069340605894936,0.4029658634517014,0.03729251992685179,No,No,High,Safe,At Risk
45367.25,March,286.5,96.3,1,28.35,7.89,7.97,2.79,3,3,0,1,29.1,33.9,24.1,0.73,3,17.05263157894737,4.736842105263158,8.104324010690977,0.4042300419182782,0.03700871361827249,Yes,No,High,Safe,At Risk
45367.29166666666,March,286.5,96.3,1,28.35,7.89,7.97,2.79,3,3,0,0,29.1,33.9,24.1,0.73,3,17.10526315789474,4.473684210526316,8.139307415487018,0.405494220384855,0.0367249073096932,No,No,High,Safe,At Risk
45367.33333333334,March,286.5,96.3,1,28.35,7.89,7.97,2.79,3,3,1,0,29.1,33.9,24.1,0.73,3,17.15789473684211,4.210526315789473,8.174290820283058,0.4067583988514318,0.03644110100111389,Yes,No,High,Safe,At Risk
45367.375,March,286.5,96.3,1,28.35,7.89,7.97,2.79,3,3,0,0,29.1,33.9,24.1,0.73,3,17.21052631578947,3.947368421052632,8.209274225079099,0.4080225773180086,0.03615729469253459,No,No,High,Safe,At Risk
45367.41666666666,March,286.5,96.3,1,28.35,7.89,7.97,2.79,3,3,0,0,29.1,33.9,24.1,0.73,3,17.26315789473684,3.684210526315789,8.244257629875142,0.4092867557845853,0.03587348838395529,Yes,No,High,Safe,At Risk
45367.45833333334,March,286.5,96.3,1,28.35,7.89,7.97,2.79,3,3,0,0,29.1,33.9,24.1,0.73,3,17.31578947368421,3.421052631578947,8.279241034671182,0.4105509342511622,0.03558968207537599,No,No,High,Safe,At Risk
45367.5,March,286.5,96.3,1,28.35,7.89,7.97,2.79,3,3,0,0,29.1,33.9,24.1,0.73,3,17.36842105263158,3.157894736842105,8.314224439467223,0.411815112717739,0.0353058757667967,Yes,No,High,Safe,At Risk
45367.54166666666,March,286.5,96.3,1,28.35,7.89,7.97,2.79,3,3,0,0,29.1,33.9,24.1,0.73,3,17.42105263157895,2.894736842105263,8.349207844263264,0.4130792911843157,0.03502206945821739,No,No,High,Safe,At Risk
45367.58333333334,March,286.5,96.3,1,28.35,7.89,7.97,2.79,3,3,0,0,29.1,33.9,24.1,0.73,3,17.47368421052632,2.631578947368421,8.384191249059304,0.4143434696508925,0.03473826314963809,Yes,No,High,Safe,At Risk
45367.625,March,286.5,96.3,1,28.35,7.89,7.97,2.79,3,3,0,0,29.1,33.9,24.1,0.73,3,17.52631578947368,2.368421052631579,8.419174653855345,0.4156076481174694,0.03445445684105879,No,No,High,Safe,At Risk
45367.66666666666,March,286.5,96.3,1,28.35,7.89,7.97,2.79,3,3,0,1,29.1,33.9,24.1,0.73,3,17.57894736842105,2.105263157894737,8.454158058651386,0.4168718265840461,0.03417065053247949,Yes,No,High,Safe,At Risk
45367.70833333334,March,286.5,96.3,1,28.35,7.89,7.97,2.79,3,3,0,0,29.1,33.9,24.1,0.73,3,17.63157894736842,1.842105263157895,8.489141463447426,0.4181360050506229,0.03388684422390019,No,No,High,Safe,At Risk
45367.75,March,286.5,96.3,1,28.35,7.89,7.97,2.79,3,3,1,0,29.1,33.9,24.1,0.73,3,17.68421052631579,1.578947368421053,8.524124868243467,0.4194001835171997,0.03360303791532089,Yes,No,High,Safe,At Risk
45367.79166666666,March,286.5,96.3,1,28.35,7.89,7.97,2.79,3,3,0,0,29.1,33.9,24.1,0.73,3,17.73684210526316,1.315789473684211,8.559108273039508,0.4206643619837765,0.03331923160674159,No,No,High,Safe,At Risk
45367.83333333334,March,286.5,96.3,1,28.35,7.89,7.97,2.79,3,3,0,0,29.1,33.9,24.1,0.73,3,17.78947368421053,1.052631578947369,8.59409167783555,0.4219285404503533,0.03303542529816229,Yes,No,High,Safe,At Risk
45367.875,March,286.5,96.3,1,28.35,7.89,7.97,2.79,3,3,0,0,29.1,33.9,24.1,0.73,3,17.84210526315789,0.7894736842105265,8.629075082631591,0.4231927189169301,0.032751618989583,No,No,High,Safe,At Risk
45367.91666666666,March,286.5,96.3,1,28.35,7.89,7.97,2.79,3,3,1,1,29.1,33.9,24.1,0.73,3,17.89473684210526,0.5263157894736841,8.664058487427631,0.4244568973835069,0.03246781268100369,Yes,No,High,Safe,At Risk
45367.95833333334,March,286.5,96.3,1,28.35,7.89,7.97,2.79,3,3,0,0,29.1,33.9,24.1,0.73,3,17.94736842105263,0.2631578947368425,8.699041892223672,0.4257210758500837,0.03218400637242439,No,No,High,Safe,At Risk
45368,March,286.5,96.3,1,28.35,7.89,7.97,2.79,3,3,0,0,29.1,33.9,24.1,0.73,3,18,0,8.734025297019713,0.4269852543166605,0.03190020006384509,Yes,No,High,Safe,At Risk
45368.04166666666,March,286.5,96.3,1,28.35,7.89,7.97,2.79,3,3,0,0,29.1,33.9,24.1,0.73,3,18,1,8.290020201770204,0.3420303080683305,0.1372953111899852,No,No,High,Safe,At Risk
45368.08333333334,March,286.5,96.3,1,28.35,7.89,7.97,2.79,3,3,0,0,29.1,33.9,24.1,0.73,3,18,2,8.189978489452191,0.3168857481295453,0.501772316545022,Yes,No,High,Safe,At Risk
45368.125,March,286.5,96.3,1,28.35,7.89,7.97,2.79,3,3,0,0,29.1,33.9,24.1,0.73,3,18,3,8.004431690583257,0.5848287809860442,0.04678414698026262,No,No,High,Safe,At Risk
45368.16666666666,March,286.5,96.3,1,28.35,7.89,7.97,2.79,3,3,0,0,29.1,33.9,24.1,0.73,3,18,4,8.457493051081396,0.2896009271729421,0.9414568531746593,Yes,No,High,Safe,At Risk
45368.20833333334,March,286.5,96.3,1,28.35,7.89,7.97,2.79,3,3,1,0,29.1,33.9,24.1,0.73,3,18,5,8.26203135179197,0.391469008053683,0.002538867225454917,No,No,High,Safe,At Risk
45368.25,March,286.5,96.3,1,28.35,7.89,7.97,2.79,3,3,0,0,29.1,33.9,24.1,0.73,3,18.05263157894737,4.736842105263158,8.25728103278902,0.39193703369,0.00319991980432626,Yes,No,High,Safe,At Risk
45368.29166666666,March,286.5,96.3,1,28.35,7.89,7.97,2.79,3,3,0,0,29.1,33.9,24.1,0.73,3,18.10526315789474,4.473684210526316,8.252530713786072,0.3924050593263171,0.003860972383197604,No,No,High,Safe,At Risk
45368.33333333334,March,286.5,96.3,1,28.35,7.89,7.97,2.79,3,3,1,1,29.1,33.9,24.1,0.73,3,18.15789473684211,4.210526315789473,8.247780394783122,0.3928730849626341,0.004522024962068947,Yes,No,High,Safe,At Risk
45368.375,March,286.5,96.3,1,28.35,7.89,7.97,2.79,3,3,0,0,29.1,33.9,24.1,0.73,3,18.21052631578947,3.947368421052632,8.243030075780172,0.3933411105989512,0.00518307754094029,No,No,High,Safe,At Risk
45368.41666666666,March,286.5,96.3,1,28.35,7.89,7.97,2.79,3,3,0,0,29.1,33.9,24.1,0.73,3,18.26315789473684,3.684210526315789,8.238279756777224,0.3938091362352683,0.005844130119811634,Yes,No,High,Safe,At Risk
45368.45833333334,March,286.5,96.3,1,28.35,7.89,7.97,2.79,3,3,1,0,29.1,33.9,24.1,0.73,3,18.31578947368421,3.421052631578947,8.233529437774274,0.3942771618715853,0.006505182698682977,No,No,High,Safe,At Risk
45368.5,March,286.5,96.3,1,28.35,7.89,7.97,2.79,3,3,1,0,29.1,33.9,24.1,0.73,3,18.36842105263158,3.157894736842105,8.228779118771326,0.3947451875079023,0.00716623527755432,Yes,No,High,Safe,At Risk
45368.54166666666,March,286.5,96.3,1,28.35,7.89,7.97,2.79,3,3,1,0,29.1,33.9,24.1,0.73,3,18.42105263157895,2.894736842105263,8.224028799768377,0.3952132131442194,0.007827287856425664,No,No,High,Safe,At Risk
45368.58333333334,March,286.5,96.3,1,28.35,7.89,7.97,2.79,3,3,0,0,29.1,33.9,24.1,0.73,3,18.47368421052632,2.631578947368421,8.219278480765427,0.3956812387805364,0.008488340435297007,Yes,No,High,Safe,At Risk
45368.625,March,286.5,96.3,1,28.35,7.89,7.97,2.79,3,3,0,0,29.1,33.9,24.1,0.73,3,18.52631578947368,2.368421052631579,8.214528161762479,0.3961492644168535,0.009149393014168349,No,No,High,Safe,At Risk
45368.66666666666,March,286.5,96.3,1,28.35,7.89,7.97,2.79,3,3,0,0,29.1,33.9,24.1,0.73,3,18.57894736842105,2.105263157894737,8.209777842759529,0.3966172900531705,0.009810445593039693,Yes,No,High,Safe,At Risk
45368.70833333334,March,286.5,96.3,1,28.35,7.89,7.97,2.79,3,3,1,0,29.1,33.9,24.1,0.73,3,18.63157894736842,1.842105263157895,8.205027523756579,0.3970853156894876,0.01047149817191104,No,No,High,Safe,At Risk
45368.75,March,286.5,96.3,1,28.35,7.89,7.97,2.79,3,3,0,0,29.1,33.9,24.1,0.73,3,18.68421052631579,1.578947368421053,8.200277204753631,0.3975533413258046,0.01113255075078238,Yes,No,High,Safe,At Risk
45368.79166666666,March,286.5,96.3,1,28.35,7.89,7.97,2.79,3,3,0,0,29.1,33.9,24.1,0.73,3,18.73684210526316,1.315789473684211,8.195526885750681,0.3980213669621216,0.01179360332965372,No,No,High,Safe,At Risk
45368.83333333334,March,286.5,96.3,1,28.35,7.89,7.97,2.79,3,3,1,0,29.1,33.9,24.1,0.73,3,18.78947368421053,1.052631578947369,8.190776566747733,0.3984893925984387,0.01245465590852507,Yes,No,High,Safe,At Risk
45368.875,March,286.5,96.3,1,28.35,7.89,7.97,2.79,3,3,1,0,29.1,33.9,24.1,0.73,3,18.84210526315789,0.7894736842105265,8.186026247744783,0.3989574182347558,0.01311570848739641,No,No,High,Safe,At Risk
45368.91666666666,March,286.5,96.3,1,28.35,7.89,7.97,2.79,3,3,0,0,29.1,33.9,24.1,0.73,3,18.89473684210526,0.5263157894736841,8.181275928741833,0.3994254438710728,0.01377676106626775,Yes,No,High,Safe,At Risk
45368.95833333334,March,286.5,96.3,1,28.35,7.89,7.97,2.79,3,3,1,0,29.1,33.9,24.1,0.73,3,18.94736842105263,0.2631578947368425,8.176525609738885,0.3998934695073899,0.0144378136451391,No,No,High,Safe,At Risk
45369,March,286.5,96.3,1,28.35,7.89,7.97,2.79,3,3,0,0,29.1,33.9,24.1,0.73,3,19,0,8.171775290735935,0.4003614951437069,0.01509886622401044,Yes,No,High,Safe,At Risk
45369.04166666666,March,286.5,96.3,1,28.35,7.89,7.97,2.79,3,3,0,0,29.1,33.9,24.1,0.73,3,19,1,8.173335834317809,0.3514150583849174,0.12730269237332,No,No,High,Safe,At Risk
45369.08333333334,March,286.5,96.3,1,28.35,7.89,7.97,2.79,3,3,0,0,29.1,33.9,24.1,0.73,3,19,2,8.173623375713364,0.3510007923566584,0.4441728743906148,Yes,No,High,Safe,At Risk
45369.125,March,286.5,96.3,1,28.35,7.89,7.97,2.79,3,3,1,0,29.1,33.9,24.1,0.73,3,19,3,8.170376197743726,0.2651616496612892,0.9313101281534114,No,No,High,Safe,At Risk
45369.16666666666,March,286.5,96.3,1,28.35,7.89,7.97,2.79,3,3,0,0,29.1,33.9,24.1,0.73,3,19,4,8.44752651530948,0.2794632958446764,0.9446527136957283,Yes,No,High,Safe,At Risk
45369.20833333334,March,286.5,96.3,1,28.35,7.89,7.97,2.79,3,3,0,0,29.1,33.9,24.1,0.73,3,19,5,8.43151018545313,0.4308021794376514,0.02354070054440344,No,No,High,Safe,At Risk
45369.25,March,286.5,96.3,1,28.35,7.89,7.97,2.79,3,3,0,0,29.1,33.9,24.1,0.73,3,19.05263157894737,4.736842105263158,8.404516623457763,0.4300294858510045,0.02280022045836962,Yes,No,High,Safe,At Risk
45369.29166666666,March,286.5,96.3,1,28.35,7.89,7.97,2.79,3,3,0,0,29.1,33.9,24.1,0.73,3,19.10526315789474,4.473684210526316,8.377523061462398,0.4292567922643575,0.02205974037233581,No,No,High,Safe,At Risk
45369.33333333334,March,286.5,96.3,1,28.35,7.89,7.97,2.79,3,3,0,0,29.1,33.9,24.1,0.73,3,19.15789473684211,4.210526315789473,8.350529499467031,0.4284840986777105,0.021319260286302,Yes,No,High,Safe,At Risk
45369.375,March,286.5,96.3,1,28.35,7.89,7.97,2.79,3,3,0,1,29.1,33.9,24.1,0.73,3,19.21052631578947,3.947368421052632,8.323535937471666,0.4277114050910636,0.02057878020026818,No,No,High,Safe,At Risk
45369.41666666666,March,286.5,96.3,1,28.35,7.89,7.97,2.79,3,3,1,0,29.1,33.9,24.1,0.73,3,19.26315789473684,3.684210526315789,8.296542375476299,0.4269387115044166,0.01983830011423436,Yes,No,High,Safe,At Risk
45369.45833333334,March,286.5,96.3,1,28.35,7.89,7.97,2.79,3,3,1,0,29.1,33.9,24.1,0.73,3,19.31578947368421,3.421052631578947,8.269548813480935,0.4261660179177696,0.01909782002820055,No,No,High,Safe,At Risk
45369.5,March,286.5,96.3,1,28.35,7.89,7.97,2.79,3,3,0,0,29.1,33.9,24.1,0.73,3,19.36842105263158,3.157894736842105,8.242555251485568,0.4253933243311226,0.01835733994216673,Yes,No,High,Safe,At Risk
45369.54166666666,March,286.5,96.3,1,28.35,7.89,7.97,2.79,3,3,0,0,29.1,33.9,24.1,0.73,3,19.42105263157895,2.894736842105263,8.215561689490203,0.4246206307444757,0.01761685985613292,No,No,High,Safe,At Risk
45369.58333333334,March,286.5,96.3,1,28.35,7.89,7.97,2.79,3,3,0,0,29.1,33.9,24.1,0.73,3,19.47368421052632,2.631578947368421,8.188568127494836,0.4238479371578288,0.0168763797700991,Yes,No,High,Safe,At Risk
45369.625,March,286.5,96.3,1,28.35,7.89,7.97,2.79,3,3,0,0,29.1,33.9,24.1,0.73,3,19.52631578947368,2.368421052631579,8.161574565499469,0.4230752435711818,0.01613589968406529,No,No,High,Safe,At Risk
45369.66666666666,March,286.5,96.3,1,28.35,7.89,7.97,2.79,3,3,0,0,29.1,33.9,24.1,0.73,3,19.57894736842105,2.105263157894737,8.134581003504104,0.4223025499845348,0.01539541959803147,Yes,No,High,Safe,At Risk
45369.70833333334,March,286.5,96.3,1,28.35,7.89,7.97,2.79,3,3,0,0,29.1,33.9,24.1,0.73,3,19.63157894736842,1.842105263157895,8.107587441508738,0.4215298563978879,0.01465493951199765,No,No,High,Safe,At Risk
45369.75,March,286.5,96.3,1,28.35,7.89,7.97,2.79,3,3,0,0,29.1,33.9,24.1,0.73,3,19.68421052631579,1.578947368421053,8.080593879513373,0.4207571628112409,0.01391445942596384,Yes,No,High,Safe,At Risk
45369.79166666666,March,286.5,96.3,1,28.35,7.89,7.97,2.79,3,3,0,0,29.1,33.9,24.1,0.73,3,19.73684210526316,1.315789473684211,8.053600317518006,0.4199844692245939,0.01317397933993002,No,No,High,Safe,At Risk
45369.83333333334,March,286.5,96.3,1,28.35,7.89,7.97,2.79,3,3,0,0,29.1,33.9,24.1,0.73,3,19.78947368421053,1.052631578947369,8.026606755522641,0.4192117756379469,0.01243349925389621,Yes,No,High,Safe,At Risk
45369.875,March,286.5,96.3,1,28.35,7.89,7.97,2.79,3,3,0,0,29.1,33.9,24.1,0.73,3,19.84210526315789,0.7894736842105265,7.999613193527274,0.4184390820513,0.01169301916786239,No,No,High,Safe,At Risk
45369.91666666666,March,286.5,96.3,1,28.35,7.89,7.97,2.79,3,3,0,0,29.1,33.9,24.1,0.73,3,19.89473684210526,0.5263157894736841,7.972619631531908,0.417666388464653,0.01095253908182858,Yes,No,High,Safe,At Risk
45369.95833333334,March,286.5,96.3,1,28.35,7.89,7.97,2.79,3,3,0,0,29.1,33.9,24.1,0.73,3,19.94736842105263,0.2631578947368425,7.945626069536543,0.416893694878006,0.01021205899579476,No,No,High,Safe,At Risk
45370,March,286.5,96.3,1,28.35,7.89,7.97,2.79,3,3,0,0,29.1,33.9,24.1,0.73,3,20,0,7.918632507541177,0.4161210012913591,0.009471578909760947,Yes,No,High,Safe,At Risk
45370.04166666666,March,286.5,96.3,1,28.35,7.89,7.97,2.79,3,3,0,0,29.1,33.9,24.1,0.73,3,20,1,8.409736069987106,0.3593132929964699,0.4270161149532348,No,No,High,Safe,At Risk
45370.08333333334,March,286.5,96.3,1,28.35,7.89,7.97,2.79,3,3,0,0,29.1,33.9,24.1,0.73,3,20,2,7.878546445651745,0.9925377892755207,-0.02102460189061761,Yes,No,High,Safe,At Risk
45370.125,March,286.5,96.3,1,28.35,7.89,7.97,2.79,3,3,0,0,29.1,33.9,24.1,0.73,3,20,3,8.020759373656018,0.912023345353693,-0.0224477013775666,No,No,High,Safe,At Risk
45370.16666666666,March,286.5,96.3,1,28.35,7.89,7.97,2.79,3,3,1,0,29.1,33.9,24.1,0.73,3,20,4,7.996445090687669,1.001062299882548,0.0008888573414644261,Yes,No,High,Safe,At Risk
45370.20833333334,March,286.5,96.3,1,28.35,7.89,7.97,2.79,3,3,0,0,29.1,33.9,24.1,0.73,3,20,5,8.070302807235979,0.3691861480422861,0.009546296614443688,No,No,High,Safe,At Risk
45370.25,March,286.5,96.3,1,28.35,7.89,7.97,2.79,3,3,0,0,29.1,33.9,24.1,0.73,3,20.05263157894737,4.736842105263158,8.087360096749112,0.3712764060829832,0.01100748862896395,Yes,No,High,Safe,At Risk
45370.29166666666,March,286.5,96.3,1,28.35,7.89,7.97,2.79,3,3,0,0,29.1,33.9,24.1,0.73,3,20.10526315789474,4.473684210526316,8.104417386262247,0.3733666641236802,0.01246868064348422,No,No,High,Safe,At Risk
45370.33333333334,March,286.5,96.3,1,28.35,7.89,7.97,2.79,3,3,1,0,29.1,33.9,24.1,0.73,3,20.15789473684211,4.210526315789473,8.12147467577538,0.3754569221643773,0.01392987265800449,Yes,No,High,Safe,At Risk
45370.375,March,286.5,96.3,1,28.35,7.89,7.97,2.79,3,3,0,0,29.1,33.9,24.1,0.73,3,20.21052631578947,3.947368421052632,8.138531965288513,0.3775471802050743,0.01539106467252475,No,No,High,Safe,At Risk
45370.41666666666,March,286.5,96.3,1,28.35,7.89,7.97,2.79,3,3,0,0,29.1,33.9,24.1,0.73,3,20.26315789473684,3.684210526315789,8.155589254801647,0.3796374382457713,0.01685225668704502,Yes,No,High,Safe,At Risk
45370.45833333334,March,286.5,96.3,1,28.35,7.89,7.97,2.79,3,3,1,0,29.1,33.9,24.1,0.73,3,20.31578947368421,3.421052631578947,8.17264654431478,0.3817276962864684,0.01831344870156528,No,No,High,Safe,At Risk
45370.5,March,286.5,96.3,1,28.35,7.89,7.97,2.79,3,3,0,0,29.1,33.9,24.1,0.73,3,20.36842105263158,3.157894736842105,8.189703833827915,0.3838179543271654,0.01977464071608555,Yes,No,High,Safe,At Risk
45370.54166666666,March,286.5,96.3,1,28.35,7.89,7.97,2.79,3,3,0,0,29.1,33.9,24.1,0.73,3,20.42105263157895,2.894736842105263,8.206761123341048,0.3859082123678625,0.02123583273060582,No,No,High,Safe,At Risk
45370.58333333334,March,286.5,96.3,1,28.35,7.89,7.97,2.79,3,3,0,0,29.1,33.9,24.1,0.73,3,20.47368421052632,2.631578947368421,8.223818412854181,0.3879984704085596,0.02269702474512608,Yes,No,High,Safe,At Risk
45370.625,March,286.5,96.3,1,28.35,7.89,7.97,2.79,3,3,0,0,29.1,33.9,24.1,0.73,3,20.52631578947368,2.368421052631579,8.240875702367315,0.3900887284492566,0.02415821675964635,No,No,High,Safe,At Risk
45370.66666666666,March,286.5,96.3,1,28.35,7.89,7.97,2.79,3,3,0,0,29.1,33.9,24.1,0.73,3,20.57894736842105,2.105263157894737,8.257932991880448,0.3921789864899536,0.02561940877416662,Yes,No,High,Safe,At Risk
45370.70833333334,March,286.5,96.3,1,28.35,7.89,7.97,2.79,3,3,0,1,29.1,33.9,24.1,0.73,3,20.63157894736842,1.842105263157895,8.274990281393581,0.3942692445306507,0.02708060078868688,No,No,High,Safe,At Risk
45370.75,March,286.5,96.3,1,28.35,7.89,7.97,2.79,3,3,0,0,29.1,33.9,24.1,0.73,3,20.68421052631579,1.578947368421053,8.292047570906716,0.3963595025713477,0.02854179280320714,Yes,No,High,Safe,At Risk
45370.79166666666,March,286.5,96.3,1,28.35,7.89,7.97,2.79,3,3,0,0,29.1,33.9,24.1,0.73,3,20.73684210526316,1.315789473684211,8.309104860419849,0.3984497606120448,0.03000298481772741,No,No,High,Safe,At Risk
45370.83333333334,March,286.5,96.3,1,28.35,7.89,7.97,2.79,3,3,1,0,29.1,33.9,24.1,0.73,3,20.78947368421053,1.052631578947369,8.326162149932983,0.4005400186527418,0.03146417683224768,Yes,No,High,Safe,At Risk
45370.875,March,286.5,96.3,1,28.35,7.89,7.97,2.79,3,3,0,0,29.1,33.9,24.1,0.73,3,20.84210526315789,0.7894736842105265,8.343219439446116,0.4026302766934389,0.03292536884676794,No,No,High,Safe,At Risk
45370.91666666666,March,286.5,96.3,1,28.35,7.89,7.97,2.79,3,3,0,0,29.1,33.9,24.1,0.73,3,20.89473684210526,0.5263157894736841,8.360276728959249,0.4047205347341359,0.03438656086128821,Yes,No,High,Safe,At Risk
45370.95833333334,March,286.5,96.3,1,28.35,7.89,7.97,2.79,3,3,0,0,29.1,33.9,24.1,0.73,3,20.94736842105263,0.2631578947368425,8.377334018472384,0.406810792774833,0.03584775287580847,No,No,High,Safe,At Risk
45371,March,286.5,96.3,1,28.35,7.89,7.97,2.79,3,3,0,0,29.1,33.9,24.1,0.73,3,21,0,8.394391307985517,0.40890105081553,0.03730894489032874,Yes,No,High,Safe,At Risk
45371.04166666666,March,286.5,96.3,1,28.35,7.89,7.97,2.79,3,3,0,0,29.1,33.9,24.1,0.73,3,21,1,8.569390312870283,0.3206459804058407,0.1090345744725573,No,No,High,Safe,At Risk
45371.08333333334,March,286.5,96.3,1,28.35,7.89,7.97,2.79,3,3,0,0,29.1,33.9,24.1,0.73,3,21,2,8.159251280827984,0.3511011049948305,0.4918797933081328,Yes,No,High,Safe,At Risk
45371.125,March,286.5,96.3,1,28.35,7.89,7.97,2.79,3,3,0,0,29.1,33.9,24.1,0.73,3,21,3,8.077828082148489,0.9521629858833679,-0.01335549390369923,No,No,High,Safe,At Risk
45371.16666666666,March,286.5,96.3,1,28.35,7.89,7.97,2.79,3,3,0,0,29.1,33.9,24.1,0.73,3,21,4,8.277732066860919,0.2964614094320782,0.9525075769160504,Yes,No,High,Safe,At Risk
45371.20833333334,March,286.5,96.3,1,28.35,7.89,7.97,2.79,3,3,0,1,29.1,33.9,24.1,0.73,3,21,5,8.045920144801597,0.4185451102171723,0.02793175295792211,No,No,High,Safe,At Risk
45371.25,March,286.5,96.3,1,28.35,7.89,7.97,2.79,3,3,0,0,29.1,33.9,24.1,0.73,3,21.05263157894737,4.736842105263158,8.044723434105277,0.4473385900205735,0.02798990964870401,Yes,No,High,Safe,At Risk
45371.29166666666,March,286.5,96.3,1,28.35,7.89,7.97,2.79,3,3,0,0,29.1,33.9,24.1,0.73,3,21.10526315789474,4.473684210526316,8.043526723408959,0.4761320698239746,0.02804806633948592,No,No,High,Safe,At Risk
45371.33333333334,March,286.5,96.3,1,28.35,7.89,7.97,2.79,3,3,0,0,29.1,33.9,24.1,0.73,3,21.15789473684211,4.210526315789473,8.04233001271264,0.5049255496273758,0.02810622303026783,Yes,No,High,Safe,At Risk
45371.375,March,286.5,96.3,1,28.35,7.89,7.97,2.79,3,3,0,0,29.1,33.9,24.1,0.73,3,21.21052631578947,3.947368421052632,8.04113330201632,0.533719029430777,0.02816437972104973,No,No,High,Safe,At Risk
45371.41666666666,March,286.5,96.3,1,28.35,7.89,7.97,2.79,3,3,0,0,29.1,33.9,24.1,0.73,3,21.26315789473684,3.684210526315789,8.039936591320002,0.5625125092341782,0.02822253641183164,Yes,No,High,Safe,At Risk
45371.45833333334,March,286.5,96.3,1,28.35,7.89,7.97,2.79,3,3,0,0,29.1,33.9,24.1,0.73,3,21.31578947368421,3.421052631578947,8.038739880623682,0.5913059890375794,0.02828069310261354,No,No,High,Safe,At Risk
45371.5,March,286.5,96.3,1,28.35,7.89,7.97,2.79,3,3,0,0,29.1,33.9,24.1,0.73,3,21.36842105263158,3.157894736842105,8.037543169927362,0.6200994688409804,0.02833884979339545,Yes,No,High,Safe,At Risk
45371.54166666666,March,286.5,96.3,1,28.35,7.89,7.97,2.79,3,3,1,0,29.1,33.9,24.1,0.73,3,21.42105263157895,2.894736842105263,8.036346459231044,0.6488929486443816,0.02839700648417735,No,No,High,Safe,At Risk
45371.58333333334,March,286.5,96.3,1,28.35,7.89,7.97,2.79,3,3,0,0,29.1,33.9,24.1,0.73,3,21.47368421052632,2.631578947368421,8.035149748534725,0.6776864284477828,0.02845516317495926,Yes,No,High,Safe,At Risk
45371.625,March,286.5,96.3,1,28.35,7.89,7.97,2.79,3,3,0,0,29.1,33.9,24.1,0.73,3,21.52631578947368,2.368421052631579,8.033953037838405,0.706479908251184,0.02851331986574116,No,No,High,Safe,At Risk
45371.66666666666,March,286.5,96.3,1,28.35,7.89,7.97,2.79,3,3,0,0,29.1,33.9,24.1,0.73,3,21.57894736842105,2.105263157894737,8.032756327142085,0.7352733880545852,0.02857147655652307,Yes,No,High,Safe,At Risk
45371.70833333334,March,286.5,96.3,1,28.35,7.89,7.97,2.79,3,3,0,0,29.1,33.9,24.1,0.73,3,21.63157894736842,1.842105263157895,8.031559616445767,0.7640668678579863,0.02862963324730497,No,No,High,Safe,At Risk
45371.75,March,286.5,96.3,1,28.35,7.89,7.97,2.79,3,3,0,0,29.1,33.9,24.1,0.73,3,21.68421052631579,1.578947368421053,8.030362905749447,0.7928603476613876,0.02868778993808688,Yes,No,High,Safe,At Risk
45371.79166666666,March,286.5,96.3,1,28.35,7.89,7.97,2.79,3,3,0,0,29.1,33.9,24.1,0.73,3,21.73684210526316,1.315789473684211,8.029166195053127,0.8216538274647887,0.02874594662886878,No,No,High,Safe,At Risk
45371.83333333334,March,286.5,96.3,1,28.35,7.89,7.97,2.79,3,3,0,0,29.1,33.9,24.1,0.73,3,21.78947368421053,1.052631578947369,8.027969484356809,0.8504473072681898,0.02880410331965069,Yes,No,High,Safe,At Risk
45371.875,March,286.5,96.3,1,28.35,7.89,7.97,2.79,3,3,0,0,29.1,33.9,24.1,0.73,3,21.84210526315789,0.7894736842105265,8.02677277366049,0.879240787071591,0.02886226001043259,No,No,High,Safe,At Risk
45371.91666666666,March,286.5,96.3,1,28.35,7.89,7.97,2.79,3,3,0,0,29.1,33.9,24.1,0.73,3,21.89473684210526,0.5263157894736841,8.02557606296417,0.9080342668749922,0.0289204167012145,Yes,No,High,Safe,At Risk
45371.95833333334,March,286.5,96.3,1,28.35,7.89,7.97,2.79,3,3,0,0,29.1,33.9,24.1,0.73,3,21.94736842105263,0.2631578947368425,8.024379352267852,0.9368277466783934,0.0289785733919964,No,No,High,Safe,At Risk
45372,March,286.5,96.3,1,28.35,7.89,7.97,2.79,3,3,0,0,29.1,33.9,24.1,0.73,3,22,0,8.023182641571532,0.9656212264817945,0.02903673008277831,Yes,No,High,Safe,At Risk
45372.04166666666,March,286.5,96.3,1,28.35,7.89,7.97,2.79,3,3,0,0,29.1,33.9,24.1,0.73,3,22,1,8.398325342886391,0.3212774806514191,0.1299001256202922,No,No,High,Safe,At Risk
45372.08333333334,March,286.5,96.3,1,28.35,7.89,7.97,2.79,3,3,0,0,29.1,33.9,24.1,0.73,3,22,2,8.540150551794781,0.92662952361632,0.01329330596472686,Yes,No,High,Safe,At Risk
45372.125,March,286.5,96.3,1,28.35,7.89,7.97,2.79,3,3,0,0,29.1,33.9,24.1,0.73,3,22,3,8.074163783024487,0.9754900862342503,-0.01761100089970982,No,No,High,Safe,At Risk
45372.16666666666,March,286.5,96.3,1,28.35,7.89,7.97,2.79,3,3,0,0,29.1,33.9,24.1,0.73,3,22,4,7.805494921198495,0.9837918997895458,-0.009154763498972556,Yes,No,High,Safe,At Risk
45372.20833333334,March,286.5,96.3,1,28.35,7.89,7.97,2.79,3,3,0,0,29.1,33.9,24.1,0.73,3,22,5,8.253634623380011,0.4017548582984751,0.0003558183346416936,No,No,High,Safe,At Risk
45372.25,March,286.5,96.3,1,28.35,7.89,7.97,2.79,3,3,0,0,29.1,33.9,24.1,0.73,3,22.05263157894737,4.736842105263158,8.233166895897838,0.4313539145163067,0.00126808701718351,Yes,No,High,Safe,At Risk
45372.29166666666,March,286.5,96.3,1,28.35,7.89,7.97,2.79,3,3,1,0,29.1,33.9,24.1,0.73,3,22.10526315789474,4.473684210526316,8.212699168415666,0.4609529707341382,0.002180355699725327,No,No,High,Safe,At Risk
45372.33333333334,March,286.5,96.3,1,28.35,7.89,7.97,2.79,3,3,0,0,29.1,33.9,24.1,0.73,3,22.15789473684211,4.210526315789473,8.192231440933494,0.4905520269519698,0.003092624382267144,Yes,No,High,Safe,At Risk
45372.375,March,286.5,96.3,1,28.35,7.89,7.97,2.79,3,3,1,0,29.1,33.9,24.1,0.73,3,22.21052631578947,3.947368421052632,8.17176371345132,0.5201510831698013,0.00400489306480896,No,No,High,Safe,At Risk
45372.41666666666,March,286.5,96.3,1,28.35,7.89,7.97,2.79,3,3,0,1,29.1,33.9,24.1,0.73,3,22.26315789473684,3.684210526315789,8.151295985969147,0.5497501393876328,0.004917161747350777,Yes,No,High,Safe,At Risk
45372.45833333334,March,286.5,96.3,1,28.35,7.89,7.97,2.79,3,3,0,0,29.1,33.9,24.1,0.73,3,22.31578947368421,3.421052631578947,8.130828258486975,0.5793491956054644,0.005829430429892594,No,No,High,Safe,At Risk
45372.5,March,286.5,96.3,1,28.35,7.89,7.97,2.79,3,3,1,0,29.1,33.9,24.1,0.73,3,22.36842105263158,3.157894736842105,8.110360531004803,0.6089482518232959,0.00674169911243441,Yes,No,High,Safe,At Risk
45372.54166666666,March,286.5,96.3,1,28.35,7.89,7.97,2.79,3,3,0,0,29.1,33.9,24.1,0.73,3,22.42105263157895,2.894736842105263,8.089892803522631,0.6385473080411275,0.007653967794976227,No,No,High,Safe,At Risk
45372.58333333334,March,286.5,96.3,1,28.35,7.89,7.97,2.79,3,3,0,0,29.1,33.9,24.1,0.73,3,22.47368421052632,2.631578947368421,8.069425076040458,0.668146364258959,0.008566236477518044,Yes,No,High,Safe,At Risk
45372.625,March,286.5,96.3,1,28.35,7.89,7.97,2.79,3,3,0,0,29.1,33.9,24.1,0.73,3,22.52631578947368,2.368421052631579,8.048957348558284,0.6977454204767906,0.009478505160059859,No,No,High,Safe,At Risk
45372.66666666666,March,286.5,96.3,1,28.35,7.89,7.97,2.79,3,3,0,0,29.1,33.9,24.1,0.73,3,22.57894736842105,2.105263157894737,8.028489621076112,0.7273444766946221,0.01039077384260168,Yes,No,High,Safe,At Risk
45372.70833333334,March,286.5,96.3,1,28.35,7.89,7.97,2.79,3,3,1,1,29.1,33.9,24.1,0.73,3,22.63157894736842,1.842105263157895,8.00802189359394,0.7569435329124536,0.01130304252514349,No,No,High,Safe,At Risk
45372.75,March,286.5,96.3,1,28.35,7.89,7.97,2.79,3,3,0,0,29.1,33.9,24.1,0.73,3,22.68421052631579,1.578947368421053,7.987554166111767,0.7865425891302852,0.01221531120768531,Yes,No,High,Safe,At Risk
45372.79166666666,March,286.5,96.3,1,28.35,7.89,7.97,2.79,3,3,1,0,29.1,33.9,24.1,0.73,3,22.73684210526316,1.315789473684211,7.967086438629595,0.8161416453481167,0.01312757989022713,No,No,High,Safe,At Risk
45372.83333333334,March,286.5,96.3,1,28.35,7.89,7.97,2.79,3,3,0,0,29.1,33.9,24.1,0.73,3,22.78947368421053,1.052631578947369,7.946618711147422,0.8457407015659483,0.01403984857276894,Yes,No,High,Safe,At Risk
45372.875,March,286.5,96.3,1,28.35,7.89,7.97,2.79,3,3,0,0,29.1,33.9,24.1,0.73,3,22.84210526315789,0.7894736842105265,7.92615098366525,0.8753397577837798,0.01495211725531076,No,No,High,Safe,At Risk
45372.91666666666,March,286.5,96.3,1,28.35,7.89,7.97,2.79,3,3,0,0,29.1,33.9,24.1,0.73,3,22.89473684210526,0.5263157894736841,7.905683256183077,0.9049388140016114,0.01586438593785258,Yes,No,High,Safe,At Risk
45372.95833333334,March,286.5,96.3,1,28.35,7.89,7.97,2.79,3,3,1,0,29.1,33.9,24.1,0.73,3,22.94736842105263,0.2631578947368425,7.885215528700904,0.9345378702194429,0.01677665462039439,No,No,High,Safe,At Risk
45373,March,286.5,96.3,1,28.35,7.89,7.97,2.79,3,3,0,0,29.1,33.9,24.1,0.73,3,23,0,7.864747801218732,0.9641369264372744,0.01768892330293621,Yes,No,High,Safe,At Risk
45373.04166666666,March,286.5,96.3,1,28.35,7.89,7.97,2.79,3,3,0,0,29.1,33.9,24.1,0.73,3,23,1,7.817588538520908,0.3370592950115507,0.1443172844511292,No,No,High,Safe,At Risk
45373.08333333334,March,286.5,96.3,1,28.35,7.89,7.97,2.79,3,3,0,0,29.1,33.9,24.1,0.73,3,23,2,8.261527253973282,0.9882556790764282,0.03546627072134525,Yes,No,High,Safe,At Risk
45373.125,March,286.5,96.3,1,28.35,7.89,7.97,2.79,3,3,1,1,29.1,33.9,24.1,0.73,3,23,3,7.890794804466789,0.9673336206949782,-0.01635472474597909,No,No,High,Safe,At Risk
45373.16666666666,March,286.5,96.3,1,28.35,7.89,7.97,2.79,3,3,0,0,29.1,33.9,24.1,0.73,3,23,4,8.291370837723946,0.2590750849937158,0.8783899441124778,Yes,No,High,Safe,At Risk
45373.20833333334,March,286.5,96.3,1,28.35,7.89,7.97,2.79,3,3,1,0,29.1,33.9,24.1,0.73,3,23,5,7.928300896002299,0.3767151286096554,0.03156405156545003,No,No,High,Safe,At Risk
45373.25,March,286.5,96.3,1,28.35,7.89,7.97,2.79,3,3,0,0,29.1,33.9,24.1,0.73,3,23.05263157894737,4.736842105263158,7.928935635724519,0.3775593056769442,0.0298268669222079,Yes,No,High,Safe,At Risk
45373.29166666666,March,286.5,96.3,1,28.35,7.89,7.97,2.79,3,3,1,0,29.1,33.9,24.1,0.73,3,23.10526315789474,4.473684210526316,7.929570375446739,0.3784034827442331,0.02808968227896578,No,No,High,Safe,At Risk
45373.33333333334,March,286.5,96.3,1,28.35,7.89,7.97,2.79,3,3,0,0,29.1,33.9,24.1,0.73,3,23.15789473684211,4.210526315789473,7.93020511516896,0.3792476598115219,0.02635249763572365,Yes,No,High,Safe,At Risk
45373.375,March,286.5,96.3,1,28.35,7.89,7.97,2.79,3,3,0,0,29.1,33.9,24.1,0.73,3,23.21052631578947,3.947368421052632,7.930839854891181,0.3800918368788107,0.02461531299248152,No,No,High,Safe,At Risk
45373.41666666666,March,286.5,96.3,1,28.35,7.89,7.97,2.79,3,3,0,0,29.1,33.9,24.1,0.73,3,23.26315789473684,3.684210526315789,7.931474594613401,0.3809360139460995,0.0228781283492394,Yes,No,High,Safe,At Risk
45373.45833333334,March,286.5,96.3,1,28.35,7.89,7.97,2.79,3,3,0,0,29.1,33.9,24.1,0.73,3,23.31578947368421,3.421052631578947,7.932109334335621,0.3817801910133884,0.02114094370599727,No,No,High,Safe,At Risk
45373.5,March,286.5,96.3,1,28.35,7.89,7.97,2.79,3,3,0,0,29.1,33.9,24.1,0.73,3,23.36842105263158,3.157894736842105,7.932744074057841,0.3826243680806772,0.01940375906275515,Yes,No,High,Safe,At Risk
45373.54166666666,March,286.5,96.3,1,28.35,7.89,7.97,2.79,3,3,0,0,29.1,33.9,24.1,0.73,3,23.42105263157895,2.894736842105263,7.933378813780061,0.383468545147966,0.01766657441951302,No,No,High,Safe,At Risk
45373.58333333334,March,286.5,96.3,1,28.35,7.89,7.97,2.79,3,3,0,1,29.1,33.9,24.1,0.73,3,23.47368421052632,2.631578947368421,7.934013553502282,0.3843127222152549,0.01592938977627089,Yes,No,High,Safe,At Risk
45373.625,March,286.5,96.3,1,28.35,7.89,7.97,2.79,3,3,0,0,29.1,33.9,24.1,0.73,3,23.52631578947368,2.368421052631579,7.934648293224503,0.3851568992825437,0.01419220513302877,No,No,High,Safe,At Risk
45373.66666666666,March,286.5,96.3,1,28.35,7.89,7.97,2.79,3,3,0,0,29.1,33.9,24.1,0.73,3,23.57894736842105,2.105263157894737,7.935283032946723,0.3860010763498326,0.01245502048978664,Yes,No,High,Safe,At Risk
45373.70833333334,March,286.5,96.3,1,28.35,7.89,7.97,2.79,3,3,0,0,29.1,33.9,24.1,0.73,3,23.63157894736842,1.842105263157895,7.935917772668943,0.3868452534171213,0.01071783584654452,No,No,High,Safe,At Risk
45373.75,March,286.5,96.3,1,28.35,7.89,7.97,2.79,3,3,0,0,29.1,33.9,24.1,0.73,3,23.68421052631579,1.578947368421053,7.936552512391163,0.3876894304844102,0.008980651203302391,Yes,No,High,Safe,At Risk
45373.79166666666,March,286.5,96.3,1,28.35,7.89,7.97,2.79,3,3,0,0,29.1,33.9,24.1,0.73,3,23.73684210526316,1.315789473684211,7.937187252113383,0.388533607551699,0.007243466560060263,No,No,High,Safe,At Risk
45373.83333333334,March,286.5,96.3,1,28.35,7.89,7.97,2.79,3,3,0,0,29.1,33.9,24.1,0.73,3,23.78947368421053,1.052631578947369,7.937821991835603,0.3893777846189879,0.005506281916818137,Yes,No,High,Safe,At Risk
45373.875,March,286.5,96.3,1,28.35,7.89,7.97,2.79,3,3,0,0,29.1,33.9,24.1,0.73,3,23.84210526315789,0.7894736842105265,7.938456731557824,0.3902219616862767,0.003769097273576012,No,No,High,Safe,At Risk
45373.91666666666,March,286.5,96.3,1,28.35,7.89,7.97,2.79,3,3,1,0,29.1,33.9,24.1,0.73,3,23.89473684210526,0.5263157894736841,7.939091471280045,0.3910661387535655,0.002031912630333886,Yes,No,High,Safe,At Risk
45373.95833333334,March,286.5,96.3,1,28.35,7.89,7.97,2.79,3,3,0,0,29.1,33.9,24.1,0.73,3,23.94736842105263,0.2631578947368425,7.939726211002265,0.3919103158208543,0.0002947279870917571,No,No,High,Safe,At Risk
45374,March,286.5,96.3,1,28.35,7.89,7.97,2.79,3,3,1,0,29.1,33.9,24.1,0.73,3,24,0,7.940360950724485,0.3927544928881432,-0.001442456656150365,Yes,No,High,Safe,At Risk
45374.04166666666,March,286.5,96.3,1,28.35,7.89,7.97,2.79,3,3,0,0,29.1,33.9,24.1,0.73,3,24,1,8.509812579531093,0.3153869352317861,0.09142640278619582,No,No,High,Safe,At Risk
45374.08333333334,March,286.5,96.3,1,28.35,7.89,7.97,2.79,3,3,1,0,29.1,33.9,24.1,0.73,3,24,2,7.757851788962094,0.9216437232379558,-0.01720592027665238,Yes,No,High,Safe,At Risk
45374.125,March,286.5,96.3,1,28.35,7.89,7.97,2.79,3,3,0,1,29.1,33.9,24.1,0.73,3,24,3,8.213667082447506,0.3352322105094517,0.8676107781286683,No,No,High,Safe,At Risk
45374.16666666666,March,286.5,96.3,1,28.35,7.89,7.97,2.79,3,3,1,0,29.1,33.9,24.1,0.73,3,24,4,8.339260895568703,0.3114674374624146,0.8330462433880786,Yes,No,High,Safe,At Risk
45374.20833333334,March,286.5,96.3,1,28.35,7.89,7.97,2.79,3,3,0,0,29.1,33.9,24.1,0.73,3,24,5,8.399753478030197,0.3622251888469908,-0.01202216634439825,No,No,High,Safe,At Risk
45374.25,March,286.5,96.3,1,28.35,7.89,7.97,2.79,3,3,1,0,29.1,33.9,24.1,0.73,3,24.05263157894737,4.736842105263158,8.406421561900812,0.3652133582488145,-0.01010127559021066,Yes,No,High,Safe,At Risk
45374.29166666666,March,286.5,96.3,1,28.35,7.89,7.97,2.79,3,3,0,0,29.1,33.9,24.1,0.73,3,24.10526315789474,4.473684210526316,8.413089645771427,0.3682015276506383,-0.008180384836023069,No,No,High,Safe,At Risk
45374.33333333334,March,286.5,96.3,1,28.35,7.89,7.97,2.79,3,3,0,0,29.1,33.9,24.1,0.73,3,24.15789473684211,4.210526315789473,8.419757729642042,0.371189697052462,-0.006259494081835477,Yes,No,High,Safe,At Risk
45374.375,March,286.5,96.3,1,28.35,7.89,7.97,2.79,3,3,0,0,29.1,33.9,24.1,0.73,3,24.21052631578947,3.947368421052632,8.426425813512658,0.3741778664542858,-0.004338603327647886,No,No,High,Safe,At Risk
45374.41666666666,March,286.5,96.3,1,28.35,7.89,7.97,2.79,3,3,0,0,29.1,33.9,24.1,0.73,3,24.26315789473684,3.684210526315789,8.433093897383273,0.3771660358561095,-0.002417712573460296,Yes,No,High,Safe,At Risk
45374.45833333334,March,286.5,96.3,1,28.35,7.89,7.97,2.79,3,3,1,1,29.1,33.9,24.1,0.73,3,24.31578947368421,3.421052631578947,8.439761981253888,0.3801542052579333,-0.0004968218192727032,No,No,High,Safe,At Risk
45374.5,March,286.5,96.3,1,28.35,7.89,7.97,2.79,3,3,0,0,29.1,33.9,24.1,0.73,3,24.36842105263158,3.157894736842105,8.446430065124503,0.383142374659757,0.001424068934914887,Yes,No,High,Safe,At Risk
45374.54166666666,March,286.5,96.3,1,28.35,7.89,7.97,2.79,3,3,0,0,29.1,33.9,24.1,0.73,3,24.42105263157895,2.894736842105263,8.453098148995117,0.3861305440615808,0.003344959689102478,No,No,High,Safe,At Risk
45374.58333333334,March,286.5,96.3,1,28.35,7.89,7.97,2.79,3,3,0,1,29.1,33.9,24.1,0.73,3,24.47368421052632,2.631578947368421,8.459766232865732,0.3891187134634045,0.00526585044329007,Yes,No,High,Safe,At Risk
45374.625,March,286.5,96.3,1,28.35,7.89,7.97,2.79,3,3,1,1,29.1,33.9,24.1,0.73,3,24.52631578947368,2.368421052631579,8.466434316736349,0.3921068828652283,0.007186741197477659,No,No,High,Safe,At Risk
45374.66666666666,March,286.5,96.3,1,28.35,7.89,7.97,2.79,3,3,0,0,29.1,33.9,24.1,0.73,3,24.57894736842105,2.105263157894737,8.473102400606964,0.395095052267052,0.009107631951665252,Yes,No,High,Safe,At Risk
45374.70833333334,March,286.5,96.3,1,28.35,7.89,7.97,2.79,3,3,0,0,29.1,33.9,24.1,0.73,3,24.63157894736842,1.842105263157895,8.479770484477578,0.3980832216688758,0.01102852270585284,No,No,High,Safe,At Risk
45374.75,March,286.5,96.3,1,28.35,7.89,7.97,2.79,3,3,0,0,29.1,33.9,24.1,0.73,3,24.68421052631579,1.578947368421053,8.486438568348193,0.4010713910706996,0.01294941346004043,Yes,No,High,Safe,At Risk
45374.79166666666,March,286.5,96.3,1,28.35,7.89,7.97,2.79,3,3,0,0,29.1,33.9,24.1,0.73,3,24.73684210526316,1.315789473684211,8.493106652218808,0.4040595604725233,0.01487030421422803,No,No,High,Safe,At Risk
45374.83333333334,March,286.5,96.3,1,28.35,7.89,7.97,2.79,3,3,1,0,29.1,33.9,24.1,0.73,3,24.78947368421053,1.052631578947369,8.499774736089423,0.4070477298743471,0.01679119496841561,Yes,No,High,Safe,At Risk
45374.875,March,286.5,96.3,1,28.35,7.89,7.97,2.79,3,3,0,0,29.1,33.9,24.1,0.73,3,24.84210526315789,0.7894736842105265,8.506442819960039,0.4100358992761708,0.01871208572260321,No,No,High,Safe,At Risk
45374.91666666666,March,286.5,96.3,1,28.35,7.89,7.97,2.79,3,3,0,0,29.1,33.9,24.1,0.73,3,24.89473684210526,0.5263157894736841,8.513110903830654,0.4130240686779946,0.0206329764767908,Yes,No,High,Safe,At Risk
45374.95833333334,March,286.5,96.3,1,28.35,7.89,7.97,2.79,3,3,0,0,29.1,33.9,24.1,0.73,3,24.94736842105263,0.2631578947368425,8.519778987701269,0.4160122380798184,0.02255386723097839,No,No,High,Safe,At Risk
45375,March,286.5,96.3,1,28.35,7.89,7.97,2.79,3,3,1,0,29.1,33.9,24.1,0.73,3,25,0,8.526447071571884,0.4190004074816421,0.02447475798516598,Yes,No,High,Safe,At Risk
45375.04166666666,March,286.5,96.3,1,28.35,7.89,7.97,2.79,3,3,0,0,29.1,33.9,24.1,0.73,3,25,1,7.886850995114703,0.9395399952809195,0.00795759272778216,No,No,High,Safe,At Risk
45375.08333333334,March,286.5,96.3,1,28.35,7.89,7.97,2.79,3,3,0,0,29.1,33.9,24.1,0.73,3,25,2,7.711528112451162,0.9499949564126083,0.01653984137663148,Yes,No,High,Safe,At Risk
45375.125,March,286.5,96.3,1,28.35,7.89,7.97,2.79,3,3,0,0,29.1,33.9,24.1,0.73,3,25,3,8.21844684303462,0.3089969410603706,0.8495326965296248,No,No,High,Safe,At Risk
45375.16666666666,March,286.5,96.3,1,28.35,7.89,7.97,2.79,3,3,0,0,29.1,33.9,24.1,0.73,3,25,4,7.926039605887091,0.9570566111629324,0.03148116391668164,Yes,No,High,Safe,At Risk
45375.20833333334,March,286.5,96.3,1,28.35,7.89,7.97,2.79,3,3,0,0,29.1,33.9,24.1,0.73,3,25,5,7.980000883179665,0.9872303010376908,-0.0297444352177977,No,No,High,Safe,At Risk
45375.25,March,286.5,96.3,1,28.35,7.89,7.97,2.79,3,3,1,0,29.1,33.9,24.1,0.73,3,25.05263157894737,4.736842105263158,7.989923405341229,0.9573427087748438,-0.02775458014672343,Yes,No,High,Safe,At Risk
45375.29166666666,March,286.5,96.3,1,28.35,7.89,7.97,2.79,3,3,0,0,29.1,33.9,24.1,0.73,3,25.10526315789474,4.473684210526316,7.999845927502792,0.9274551165119969,-0.02576472507564916,No,No,High,Safe,At Risk
45375.33333333334,March,286.5,96.3,1,28.35,7.89,7.97,2.79,3,3,0,0,29.1,33.9,24.1,0.73,3,25.15789473684211,4.210526315789473,8.009768449664357,0.8975675242491498,-0.02377487000457489,Yes,No,High,Safe,At Risk
45375.375,March,286.5,96.3,1,28.35,7.89,7.97,2.79,3,3,0,1,29.1,33.9,24.1,0.73,3,25.21052631578947,3.947368421052632,8.01969097182592,0.8676799319863028,-0.02178501493350063,No,No,High,Safe,At Risk
45375.41666666666,March,286.5,96.3,1,28.35,7.89,7.97,2.79,3,3,0,0,29.1,33.9,24.1,0.73,3,25.26315789473684,3.684210526315789,8.029613493987483,0.8377923397234558,-0.01979515986242636,Yes,No,High,Safe,At Risk
45375.45833333334,March,286.5,96.3,1,28.35,7.89,7.97,2.79,3,3,0,0,29.1,33.9,24.1,0.73,3,25.31578947368421,3.421052631578947,8.039536016149048,0.8079047474606088,-0.01780530479135209,No,No,High,Safe,At Risk
45375.5,March,286.5,96.3,1,28.35,7.89,7.97,2.79,3,3,0,0,29.1,33.9,24.1,0.73,3,25.36842105263158,3.157894736842105,8.049458538310612,0.7780171551977617,-0.01581544972027782,Yes,No,High,Safe,At Risk
45375.54166666666,March,286.5,96.3,1,28.35,7.89,7.97,2.79,3,3,0,1,29.1,33.9,24.1,0.73,3,25.42105263157895,2.894736842105263,8.059381060472175,0.7481295629349147,-0.01382559464920355,No,No,High,Safe,At Risk
45375.58333333334,March,286.5,96.3,1,28.35,7.89,7.97,2.79,3,3,0,0,29.1,33.9,24.1,0.73,3,25.47368421052632,2.631578947368421,8.069303582633738,0.7182419706720677,-0.01183573957812928,Yes,No,High,Safe,At Risk
45375.625,March,286.5,96.3,1,28.35,7.89,7.97,2.79,3,3,0,1,29.1,33.9,24.1,0.73,3,25.52631578947368,2.368421052631579,8.079226104795303,0.6883543784092208,-0.009845884507055015,No,No,High,Safe,At Risk
45375.66666666666,March,286.5,96.3,1,28.35,7.89,7.97,2.79,3,3,0,0,29.1,33.9,24.1,0.73,3,25.57894736842105,2.105263157894737,8.089148626956867,0.6584667861463738,-0.007856029435980749,Yes,No,High,Safe,At Risk
45375.70833333334,March,286.5,96.3,1,28.35,7.89,7.97,2.79,3,3,0,1,29.1,33.9,24.1,0.73,3,25.63157894736842,1.842105263157895,8.09907114911843,0.6285791938835268,-0.005866174364906478,No,No,High,Safe,At Risk
45375.75,March,286.5,96.3,1,28.35,7.89,7.97,2.79,3,3,0,0,29.1,33.9,24.1,0.73,3,25.68421052631579,1.578947368421053,8.108993671279993,0.5986916016206797,-0.003876319293832208,Yes,No,High,Safe,At Risk
45375.79166666666,March,286.5,96.3,1,28.35,7.89,7.97,2.79,3,3,0,0,29.1,33.9,24.1,0.73,3,25.73684210526316,1.315789473684211,8.118916193441558,0.5688040093578327,-0.001886464222757941,No,No,High,Safe,At Risk
45375.83333333334,March,286.5,96.3,1,28.35,7.89,7.97,2.79,3,3,0,0,29.1,33.9,24.1,0.73,3,25.78947368421053,1.052631578947369,8.128838715603122,0.5389164170949856,0.0001033908483163253,Yes,No,High,Safe,At Risk
45375.875,March,286.5,96.3,1,28.35,7.89,7.97,2.79,3,3,0,0,29.1,33.9,24.1,0.73,3,25.84210526315789,0.7894736842105265,8.138761237764685,0.5090288248321386,0.002093245919390595,No,No,High,Safe,At Risk
45375.91666666666,March,286.5,96.3,1,28.35,7.89,7.97,2.79,3,3,0,0,29.1,33.9,24.1,0.73,3,25.89473684210526,0.5263157894736841,8.148683759926248,0.4791412325692916,0.004083100990464866,Yes,No,High,Safe,At Risk
45375.95833333334,March,286.5,96.3,1,28.35,7.89,7.97,2.79,3,3,0,0,29.1,33.9,24.1,0.73,3,25.94736842105263,0.2631578947368425,8.158606282087813,0.4492536403064447,0.006072956061539136,No,No,High,Safe,At Risk
45376,March,286.5,96.3,1,28.35,7.89,7.97,2.79,3,3,0,0,29.1,33.9,24.1,0.73,3,26,0,8.168528804249377,0.4193660480435977,0.008062811132613401,Yes,No,High,Safe,At Risk
45376.04166666666,March,286.5,96.3,1,28.35,7.89,7.97,2.79,3,3,1,0,29.1,33.9,24.1,0.73,3,26,1,8.533404559374148,0.2876817521919757,0.1256374665255801,No,No,High,Safe,At Risk
45376.08333333334,March,286.5,96.3,1,28.35,7.89,7.97,2.79,3,3,1,0,29.1,33.9,24.1,0.73,3,26,2,8.034943208313553,0.335790887516851,0.4687109651630979,Yes,No,High,Safe,At Risk
45376.125,March,286.5,96.3,1,28.35,7.89,7.97,2.79,3,3,0,0,29.1,33.9,24.1,0.73,3,26,3,8.320400147386687,0.3144668821209703,0.8356913438773531,No,No,High,Safe,At Risk
45376.16666666666,March,286.5,96.3,1,28.35,7.89,7.97,2.79,3,3,0,1,29.1,33.9,24.1,0.73,3,26,4,7.708868854847682,0.9894717040788424,0.006109825137241691,Yes,No,High,Safe,At Risk
45376.20833333334,March,286.5,96.3,1,28.35,7.89,7.97,2.79,3,3,0,0,29.1,33.9,24.1,0.73,3,26,5,8.242242125694968,0.378652878722558,0.01766088334475355,No,No,High,Safe,At Risk
45376.25,March,286.5,96.3,1,28.35,7.89,7.97,2.79,3,3,0,0,29.1,33.9,24.1,0.73,3,26.05263157894737,4.736842105263158,8.233359817636744,0.3807253563257048,0.01775348886900067,Yes,No,High,Safe,At Risk
45376.29166666666,March,286.5,96.3,1,28.35,7.89,7.97,2.79,3,3,0,0,29.1,33.9,24.1,0.73,3,26.10526315789474,4.473684210526316,8.22447750957852,0.3827978339288516,0.01784609439324778,No,No,High,Safe,At Risk
45376.33333333334,March,286.5,96.3,1,28.35,7.89,7.97,2.79,3,3,0,0,29.1,33.9,24.1,0.73,3,26.15789473684211,4.210526315789473,8.215595201520296,0.3848703115319984,0.0179386999174949,Yes,No,High,Safe,At Risk
45376.375,March,286.5,96.3,1,28.35,7.89,7.97,2.79,3,3,0,0,29.1,33.9,24.1,0.73,3,26.21052631578947,3.947368421052632,8.206712893462072,0.3869427891351452,0.01803130544174202,No,No,High,Safe,At Risk
45376.41666666666,March,286.5,96.3,1,28.35,7.89,7.97,2.79,3,3,0,0,29.1,33.9,24.1,0.73,3,26.26315789473684,3.684210526315789,8.197830585403848,0.3890152667382921,0.01812391096598914,Yes,No,High,Safe,At Risk
45376.45833333334,March,286.5,96.3,1,28.35,7.89,7.97,2.79,3,3,1,0,29.1,33.9,24.1,0.73,3,26.31578947368421,3.421052631578947,8.188948277345624,0.3910877443414388,0.01821651649023625,No,No,High,Safe,At Risk
45376.5,March,286.5,96.3,1,28.35,7.89,7.97,2.79,3,3,0,0,29.1,33.9,24.1,0.73,3,26.36842105263158,3.157894736842105,8.1800659692874,0.3931602219445857,0.01830912201448337,Yes,No,High,Safe,At Risk
45376.54166666666,March,286.5,96.3,1,28.35,7.89,7.97,2.79,3,3,0,0,29.1,33.9,24.1,0.73,3,26.42105263157895,2.894736842105263,8.171183661229175,0.3952326995477325,0.01840172753873049,No,No,High,Safe,At Risk
45376.58333333334,March,286.5,96.3,1,28.35,7.89,7.97,2.79,3,3,0,0,29.1,33.9,24.1,0.73,3,26.47368421052632,2.631578947368421,8.162301353170951,0.3973051771508793,0.0184943330629776,Yes,No,High,Safe,At Risk
45376.625,March,286.5,96.3,1,28.35,7.89,7.97,2.79,3,3,0,0,29.1,33.9,24.1,0.73,3,26.52631578947368,2.368421052631579,8.153419045112726,0.3993776547540261,0.01858693858722472,No,No,High,Safe,At Risk
45376.66666666666,March,286.5,96.3,1,28.35,7.89,7.97,2.79,3,3,0,0,29.1,33.9,24.1,0.73,3,26.57894736842105,2.105263157894737,8.144536737054501,0.4014501323571729,0.01867954411147183,Yes,No,High,Safe,At Risk
45376.70833333334,March,286.5,96.3,1,28.35,7.89,7.97,2.79,3,3,0,0,29.1,33.9,24.1,0.73,3,26.63157894736842,1.842105263157895,8.135654428996277,0.4035226099603197,0.01877214963571895,No,No,High,Safe,At Risk
45376.75,March,286.5,96.3,1,28.35,7.89,7.97,2.79,3,3,0,0,29.1,33.9,24.1,0.73,3,26.68421052631579,1.578947368421053,8.126772120938053,0.4055950875634666,0.01886475515996607,Yes,No,High,Safe,At Risk
45376.79166666666,March,286.5,96.3,1,28.35,7.89,7.97,2.79,3,3,0,0,29.1,33.9,24.1,0.73,3,26.73684210526316,1.315789473684211,8.117889812879829,0.4076675651666133,0.01895736068421319,No,No,High,Safe,At Risk
45376.83333333334,March,286.5,96.3,1,28.35,7.89,7.97,2.79,3,3,0,0,29.1,33.9,24.1,0.73,3,26.78947368421053,1.052631578947369,8.109007504821605,0.4097400427697602,0.0190499662084603,Yes,No,High,Safe,At Risk
45376.875,March,286.5,96.3,1,28.35,7.89,7.97,2.79,3,3,0,0,29.1,33.9,24.1,0.73,3,26.84210526315789,0.7894736842105265,8.100125196763381,0.411812520372907,0.01914257173270742,No,No,High,Safe,At Risk
45376.91666666666,March,286.5,96.3,1,28.35,7.89,7.97,2.79,3,3,0,1,29.1,33.9,24.1,0.73,3,26.89473684210526,0.5263157894736841,8.091242888705157,0.4138849979760538,0.01923517725695454,Yes,No,High,Safe,At Risk
45376.95833333334,March,286.5,96.3,1,28.35,7.89,7.97,2.79,3,3,0,0,29.1,33.9,24.1,0.73,3,26.94736842105263,0.2631578947368425,8.082360580646933,0.4159574755792006,0.01932778278120165,No,No,High,Safe,At Risk
45377,March,286.5,96.3,1,28.35,7.89,7.97,2.79,3,3,0,0,29.1,33.9,24.1,0.73,3,27,0,8.073478272588709,0.4180299531823474,0.01942038830544877,Yes,No,High,Safe,At Risk
45377.04166666666,March,286.5,96.3,1,28.35,7.89,7.97,2.79,3,3,0,0,29.1,33.9,24.1,0.73,3,27,1,8.58181339004795,0.326022517202737,0.1299934713467,No,No,High,Safe,At Risk
45377.08333333334,March,286.5,96.3,1,28.35,7.89,7.97,2.79,3,3,0,1,29.1,33.9,24.1,0.73,3,27,2,8.075631990878145,0.3725790701473126,0.4395702816226874,Yes,No,High,Safe,At Risk
45377.125,March,286.5,96.3,1,28.35,7.89,7.97,2.79,3,3,0,1,29.1,33.9,24.1,0.73,3,27,3,8.173064527496607,0.2493538834308568,0.9271670228300934,No,No,High,Safe,At Risk
45377.16666666666,March,286.5,96.3,1,28.35,7.89,7.97,2.79,3,3,0,0,29.1,33.9,24.1,0.73,3,27,4,7.546426635802416,0.9501606142471397,0.001681980854539531,Yes,No,High,Safe,At Risk
45377.20833333334,March,286.5,96.3,1,28.35,7.89,7.97,2.79,3,3,1,0,29.1,33.9,24.1,0.73,3,27,5,8.018288141216976,0.3737956591620543,0.01921988577408796,No,No,High,Safe,At Risk
45377.25,March,286.5,96.3,1,28.35,7.89,7.97,2.79,3,3,0,1,29.1,33.9,24.1,0.73,3,27.05263157894737,4.736842105263158,8.001100897552464,0.404009487664745,0.01793465282406315,Yes,No,High,Safe,At Risk
45377.29166666666,March,286.5,96.3,1,28.35,7.89,7.97,2.79,3,3,1,0,29.1,33.9,24.1,0.73,3,27.10526315789474,4.473684210526316,7.983913653887953,0.4342233161674357,0.01664941987403835,No,No,High,Safe,At Risk
45377.33333333334,March,286.5,96.3,1,28.35,7.89,7.97,2.79,3,3,1,0,29.1,33.9,24.1,0.73,3,27.15789473684211,4.210526315789473,7.966726410223441,0.4644371446701264,0.01536418692401355,Yes,No,High,Safe,At Risk
45377.375,March,286.5,96.3,1,28.35,7.89,7.97,2.79,3,3,0,0,29.1,33.9,24.1,0.73,3,27.21052631578947,3.947368421052632,7.949539166558929,0.4946509731728171,0.01407895397398874,No,No,High,Safe,At Risk
45377.41666666666,March,286.5,96.3,1,28.35,7.89,7.97,2.79,3,3,0,0,29.1,33.9,24.1,0.73,3,27.26315789473684,3.684210526315789,7.932351922894417,0.5248648016755078,0.01279372102396394,Yes,No,High,Safe,At Risk
45377.45833333334,March,286.5,96.3,1,28.35,7.89,7.97,2.79,3,3,1,0,29.1,33.9,24.1,0.73,3,27.31578947368421,3.421052631578947,7.915164679229906,0.5550786301781985,0.01150848807393913,No,No,High,Safe,At Risk
45377.5,March,286.5,96.3,1,28.35,7.89,7.97,2.79,3,3,0,0,29.1,33.9,24.1,0.73,3,27.36842105263158,3.157894736842105,7.897977435565394,0.5852924586808892,0.01022325512391433,Yes,No,High,Safe,At Risk
45377.54166666666,March,286.5,96.3,1,28.35,7.89,7.97,2.79,3,3,0,0,29.1,33.9,24.1,0.73,3,27.42105263157895,2.894736842105263,7.880790191900883,0.6155062871835799,0.008938022173889525,No,No,High,Safe,At Risk
45377.58333333334,March,286.5,96.3,1,28.35,7.89,7.97,2.79,3,3,0,0,29.1,33.9,24.1,0.73,3,27.47368421052632,2.631578947368421,7.863602948236371,0.6457201156862706,0.00765278922386472,Yes,No,High,Safe,At Risk
45377.625,March,286.5,96.3,1,28.35,7.89,7.97,2.79,3,3,0,0,29.1,33.9,24.1,0.73,3,27.52631578947368,2.368421052631579,7.846415704571859,0.6759339441889614,0.006367556273839916,No,No,High,Safe,At Risk
45377.66666666666,March,286.5,96.3,1,28.35,7.89,7.97,2.79,3,3,0,0,29.1,33.9,24.1,0.73,3,27.57894736842105,2.105263157894737,7.829228460907347,0.706147772691652,0.005082323323815112,Yes,No,High,Safe,At Risk
45377.70833333334,March,286.5,96.3,1,28.35,7.89,7.97,2.79,3,3,0,0,29.1,33.9,24.1,0.73,3,27.63157894736842,1.842105263157895,7.812041217242836,0.7363616011943427,0.003797090373790307,No,No,High,Safe,At Risk
45377.75,March,286.5,96.3,1,28.35,7.89,7.97,2.79,3,3,0,0,29.1,33.9,24.1,0.73,3,27.68421052631579,1.578947368421053,7.794853973578324,0.7665754296970333,0.002511857423765501,Yes,No,High,Safe,At Risk
45377.79166666666,March,286.5,96.3,1,28.35,7.89,7.97,2.79,3,3,0,0,29.1,33.9,24.1,0.73,3,27.73684210526316,1.315789473684211,7.777666729913813,0.796789258199724,0.001226624473740699,No,No,High,Safe,At Risk
45377.83333333334,March,286.5,96.3,1,28.35,7.89,7.97,2.79,3,3,1,0,29.1,33.9,24.1,0.73,3,27.78947368421053,1.052631578947369,7.760479486249301,0.8270030867024147,-5.860847628410409E-05,Yes,No,High,Safe,At Risk
45377.875,March,286.5,96.3,1,28.35,7.89,7.97,2.79,3,3,0,0,29.1,33.9,24.1,0.73,3,27.84210526315789,0.7894736842105265,7.74329224258479,0.8572169152051055,-0.00134384142630891,No,No,High,Safe,At Risk
45377.91666666666,March,286.5,96.3,1,28.35,7.89,7.97,2.79,3,3,0,0,29.1,33.9,24.1,0.73,3,27.89473684210526,0.5263157894736841,7.726104998920277,0.8874307437077962,-0.002629074376333716,Yes,No,High,Safe,At Risk
45377.95833333334,March,286.5,96.3,1,28.35,7.89,7.97,2.79,3,3,0,0,29.1,33.9,24.1,0.73,3,27.94736842105263,0.2631578947368425,7.708917755255766,0.9176445722104869,-0.003914307326358519,No,No,High,Safe,At Risk
45378,March,286.5,96.3,1,28.35,7.89,7.97,2.79,3,3,0,0,29.1,33.9,24.1,0.73,3,28,0,7.691730511591254,0.9478584007131776,-0.005199540276383322,Yes,No,High,Safe,At Risk
45378.04166666666,March,286.5,96.3,1,28.35,7.89,7.97,2.79,3,3,0,0,29.1,33.9,24.1,0.73,3,28,1,8.343231114465649,0.3670884764640366,0.1177366759604799,No,No,High,Safe,At Risk
45378.08333333334,March,286.5,96.3,1,28.35,7.89,7.97,2.79,3,3,1,0,29.1,33.9,24.1,0.73,3,28,2,7.905980056364635,1.006052401568326,-0.04495149700046926,Yes,No,High,Safe,At Risk
45378.125,March,286.5,96.3,1,28.35,7.89,7.97,2.79,3,3,0,0,29.1,33.9,24.1,0.73,3,28,3,8.110001487959826,0.2438049221182895,0.9243027559631124,No,No,High,Safe,At Risk
45378.16666666666,March,286.5,96.3,1,28.35,7.89,7.97,2.79,3,3,1,0,29.1,33.9,24.1,0.73,3,28,4,8.225565694964626,0.2793878763474024,0.845158143100483,Yes,No,High,Safe,At Risk
45378.20833333334,March,286.5,96.3,1,28.35,7.89,7.97,2.79,3,3,0,0,29.1,33.9,24.1,0.73,3,28,5,8.176977719729402,0.3979621005192117,0.004335011498500724,No,No,High,Safe,At Risk
45378.25,March,286.3932967032967,96.2632967032967,1,28.34285714285715,7.873516483516483,7.969340659340659,2.803076923076923,3.010989010989011,3.010989010989011,0,0,29.1,33.9,24.1,0.7741758241758242,3.010989010989011,27.7032967032967,4.945054945054945,8.176331273477556,0.3978794487260403,0.004563571592109242,Yes,No,High,Safe,At Risk
45378.29166666666,March,286.2865934065934,96.22659340659341,1,28.33571428571429,7.857032967032967,7.968681318681319,2.816153846153846,3.021978021978022,3.021978021978022,0,0,29.1,33.9,24.1,0.8183516483516483,3.021978021978022,27.40659340659341,4.890109890109891,8.175684827225711,0.3977967969328689,0.004792131685717759,No,No,High,Safe,At Risk
45378.33333333334,March,286.1798901098901,96.1898901098901,1,28.32857142857143,7.84054945054945,7.968021978021977,2.829230769230769,3.032967032967033,3.032967032967033,0,1,29.1,33.9,24.1,0.8625274725274725,3.032967032967033,27.10989010989011,4.835164835164835,8.175038380973865,0.3977141451396975,0.005020691779326277,Yes,No,High,Safe,At Risk
45378.375,March,286.0731868131868,96.15318681318681,1,28.32142857142857,7.824065934065934,7.967362637362637,2.842307692307692,3.043956043956044,3.043956043956044,1,1,29.1,33.9,24.1,0.9067032967032966,3.043956043956044,26.81318681318681,4.78021978021978,8.174391934722019,0.3976314933465261,0.005249251872934796,No,No,High,Safe,At Risk
45378.41666666666,March,285.9664835164835,96.11648351648351,1,28.31428571428572,7.807582417582418,7.966703296703296,2.855384615384615,3.054945054945055,3.054945054945055,0,0,29.1,33.9,24.1,0.9508791208791209,3.054945054945055,26.51648351648352,4.725274725274725,8.173745488470173,0.3975488415533547,0.005477811966543313,Yes,No,High,Safe,At Risk
45378.45833333334,March,285.8597802197802,96.07978021978022,1,28.30714285714286,7.791098901098901,7.966043956043956,2.868461538461538,3.065934065934066,3.065934065934066,0,0,29.1,33.9,24.1,0.9950549450549451,3.065934065934066,26.21978021978022,4.670329670329671,8.173099042218327,0.3974661897601833,0.005706372060151831,No,No,High,Safe,At Risk
45378.5,March,285.7530769230769,96.04307692307692,1,28.3,7.774615384615385,7.965384615384616,2.881538461538462,3.076923076923077,3.076923076923077,0,1,29.1,33.9,24.1,1.039230769230769,3.076923076923077,25.92307692307692,4.615384615384615,8.172452595966481,0.3973835379670119,0.005934932153760349,Yes,No,High,Safe,At Risk
45378.54166666666,March,285.6463736263736,96.00637362637363,1,28.29285714285714,7.758131868131867,7.964725274725274,2.894615384615385,3.087912087912088,3.087912087912088,0,0,29.1,33.9,24.1,1.083406593406593,3.087912087912088,25.62637362637363,4.56043956043956,8.171806149714635,0.3973008861738405,0.006163492247368866,No,No,High,Safe,At Risk
45378.58333333334,March,285.5396703296703,95.96967032967032,1,28.28571428571429,7.741648351648351,7.964065934065934,2.907692307692308,3.098901098901099,3.098901098901099,0,1,29.1,33.9,24.1,1.127582417582417,3.098901098901099,25.32967032967033,4.505494505494505,8.17115970346279,0.3972182343806691,0.006392052340977384,Yes,No,High,Safe,At Risk
45378.625,March,285.432967032967,95.93296703296703,1,28.27857142857143,7.725164835164835,7.963406593406593,2.920769230769231,3.10989010989011,3.10989010989011,0,0,29.1,33.9,24.1,1.171758241758242,3.10989010989011,25.03296703296703,4.450549450549451,8.170513257210944,0.3971355825874976,0.006620612434585902,No,No,High,Safe,At Risk
45378.66666666666,March,285.3262637362637,95.89626373626373,1,28.27142857142857,7.708681318681318,7.962747252747253,2.933846153846154,3.120879120879121,3.120879120879121,0,0,29.1,33.9,24.1,1.215934065934066,3.120879120879121,24.73626373626374,4.395604395604396,8.169866810959098,0.3970529307943262,0.006849172528194419,Yes,No,High,Safe,At Risk
45378.70833333334,March,285.2195604395604,95.85956043956044,1,28.26428571428572,7.692197802197802,7.962087912087912,2.946923076923077,3.131868131868132,3.131868131868132,0,0,29.1,33.9,24.1,1.26010989010989,3.131868131868132,24.43956043956044,4.34065934065934,8.169220364707252,0.3969702790011548,0.007077732621802937,No,No,High,Safe,At Risk
45378.75,March,285.1128571428571,95.82285714285715,1,28.25714285714286,7.675714285714285,7.961428571428571,2.96,3.142857142857143,3.142857142857143,0,0,29.1,33.9,24.1,1.304285714285714,3.142857142857143,24.14285714285714,4.285714285714286,8.168573918455406,0.3968876272079834,0.007306292715411455,Yes,No,High,Safe,At Risk
45378.79166666666,March,285.0061538461538,95.78615384615384,1,28.25,7.659230769230769,7.96076923076923,2.973076923076923,3.153846153846154,3.153846153846154,0,0,29.1,33.9,24.1,1.348461538461538,3.153846153846154,23.84615384615385,4.230769230769231,8.16792747220356,0.396804975414812,0.007534852809019973,No,No,High,Safe,At Risk
45378.83333333334,March,284.8994505494505,95.74945054945054,1,28.24285714285714,7.642747252747252,7.96010989010989,2.986153846153846,3.164835164835165,3.164835164835165,1,0,29.1,33.9,24.1,1.392637362637362,3.164835164835165,23.54945054945055,4.175824175824176,8.167281025951715,0.3967223236216406,0.007763412902628491,Yes,No,High,Safe,At Risk
45378.875,March,284.7927472527472,95.71274725274725,1,28.23571428571429,7.626263736263736,7.959450549450549,2.999230769230769,3.175824175824176,3.175824175824176,0,0,29.1,33.9,24.1,1.436813186813187,3.175824175824176,23.25274725274725,4.12087912087912,8.166634579699869,0.3966396718284692,0.00799197299623701,No,No,High,Safe,At Risk
45378.91666666666,March,284.6860439560439,95.67604395604396,1,28.22857142857143,7.60978021978022,7.958791208791209,3.012307692307692,3.186813186813187,3.186813186813187,0,0,29.1,33.9,24.1,1.480989010989011,3.186813186813187,22.95604395604396,4.065934065934066,8.165988133448023,0.3965570200352978,0.008220533089845525,Yes,No,High,Safe,At Risk
45378.95833333334,March,284.5793406593407,95.63934065934066,1,28.22142857142857,7.593296703296703,7.958131868131868,3.025384615384616,3.197802197802198,3.197802197802198,0,0,29.1,33.9,24.1,1.525164835164835,3.197802197802198,22.65934065934066,4.010989010989011,8.165341687196177,0.3964743682421264,0.008449093183454045,No,No,High,Safe,At Risk
45379,March,284.4726373626374,95.60263736263735,1,28.21428571428572,7.576813186813187,7.957472527472527,3.038461538461538,3.208791208791209,3.208791208791209,1,0,29.1,33.9,24.1,1.569340659340659,3.208791208791209,22.36263736263736,3.956043956043956,8.164695240944331,0.396391716448955,0.008677653277062561,Yes,No,High,Safe,At Risk
45379.04166666666,March,284.3659340659341,95.56593406593406,1,28.20714285714286,7.56032967032967,7.956813186813187,3.051538461538462,3.21978021978022,3.21978021978022,0,0,29.1,33.9,24.1,1.613516483516483,3.21978021978022,22.06593406593407,3.901098901098901,8.164048794692485,0.3963090646557836,0.00890621337067108,No,No,High,Safe,At Risk
45379.08333333334,March,284.2592307692308,95.52923076923076,1,28.2,7.543846153846154,7.956153846153846,3.064615384615385,3.230769230769231,3.230769230769231,0,0,29.1,33.9,24.1,1.657692307692308,3.230769230769231,21.76923076923077,3.846153846153846,8.163402348440639,0.3962264128626122,0.009134773464279598,Yes,No,High,Safe,At Risk
45379.125,March,284.1525274725275,95.49252747252747,1,28.19285714285714,7.527362637362637,7.955494505494506,3.077692307692308,3.241758241758242,3.241758241758242,0,0,29.1,33.9,24.1,1.701868131868132,3.241758241758242,21.47252747252747,3.791208791208791,8.162755902188794,0.3961437610694408,0.009363333557888116,No,No,High,Safe,At Risk
45379.16666666666,March,284.0458241758242,95.45582417582418,1,28.18571428571429,7.510879120879121,7.954835164835164,3.090769230769231,3.252747252747253,3.252747252747253,1,0,29.1,33.9,24.1,1.746043956043956,3.252747252747253,21.17582417582418,3.736263736263736,8.162109455936948,0.3960611092762693,0.009591893651496633,Yes,No,High,Safe,At Risk
45379.20833333334,March,283.9391208791209,95.41912087912088,1,28.17857142857143,7.494395604395604,7.954175824175824,3.103846153846154,3.263736263736264,3.263736263736264,0,0,29.1,33.9,24.1,1.79021978021978,3.263736263736264,20.87912087912088,3.681318681318682,8.161463009685102,0.3959784574830979,0.009820453745105151,No,No,High,Safe,At Risk
45379.25,March,283.8324175824176,95.38241758241757,1,28.17142857142857,7.477912087912087,7.953516483516483,3.116923076923077,3.274725274725275,3.274725274725275,1,0,29.1,33.9,24.1,1.834395604395604,3.274725274725275,20.58241758241758,3.626373626373626,8.160816563433256,0.3958958056899265,0.01004901383871367,Yes,No,High,Safe,At Risk
45379.29166666666,March,283.7257142857143,95.34571428571428,1,28.16428571428571,7.461428571428571,7.952857142857143,3.13,3.285714285714286,3.285714285714286,0,0,29.1,33.9,24.1,1.878571428571428,3.285714285714286,20.28571428571428,3.571428571428571,8.16017011718141,0.3958131538967551,0.01027757393232219,No,No,High,Safe,At Risk
45379.33333333334,March,283.619010989011,95.30901098901099,1,28.15714285714286,7.444945054945054,7.952197802197802,3.143076923076923,3.296703296703297,3.296703296703297,0,1,29.1,33.9,24.1,1.922747252747253,3.296703296703297,19.98901098901099,3.516483516483516,8.159523670929564,0.3957305021035837,0.0105061340259307,Yes,No,High,Safe,At Risk
45379.375,March,283.5123076923077,95.27230769230769,1,28.15,7.428461538461538,7.951538461538461,3.156153846153846,3.307692307692307,3.307692307692307,0,0,29.1,33.9,24.1,1.966923076923077,3.307692307692307,19.69230769230769,3.461538461538462,8.158877224677719,0.3956478503104123,0.01073469411953922,No,No,High,Safe,At Risk
45379.41666666666,March,283.4056043956044,95.2356043956044,1,28.14285714285714,7.411978021978022,7.950879120879121,3.169230769230769,3.318681318681319,3.318681318681319,0,0,29.1,33.9,24.1,2.011098901098901,3.318681318681319,19.39560439560439,3.406593406593407,8.158230778425873,0.3955651985172409,0.01096325421314774,Yes,No,High,Safe,At Risk
45379.45833333334,March,283.2989010989011,95.19890109890109,1,28.13571428571429,7.395494505494505,7.95021978021978,3.182307692307692,3.32967032967033,3.32967032967033,0,0,29.1,33.9,24.1,2.055274725274725,3.32967032967033,19.0989010989011,3.351648351648352,8.157584332174027,0.3954825467240695,0.01119181430675626,No,No,High,Safe,At Risk
45379.5,March,283.1921978021978,95.1621978021978,1,28.12857142857143,7.379010989010989,7.94956043956044,3.195384615384615,3.340659340659341,3.340659340659341,0,0,29.1,33.9,24.1,2.099450549450549,3.340659340659341,18.8021978021978,3.296703296703297,8.156937885922181,0.3953998949308981,0.01142037440036478,Yes,No,High,Safe,At Risk
45379.54166666666,March,283.0854945054945,95.1254945054945,1,28.12142857142857,7.362527472527472,7.948901098901099,3.208461538461538,3.351648351648352,3.351648351648352,0,0,29.1,33.9,24.1,2.143626373626374,3.351648351648352,18.5054945054945,3.241758241758242,8.156291439670335,0.3953172431377266,0.01164893449397329,No,No,High,Safe,At Risk
45379.58333333334,March,282.9787912087912,95.08879120879121,1,28.11428571428571,7.346043956043956,7.948241758241758,3.221538461538461,3.362637362637363,3.362637362637363,0,0,29.1,33.9,24.1,2.187802197802197,3.362637362637363,18.20879120879121,3.186813186813187,8.155644993418489,0.3952345913445552,0.01187749458758181,Yes,No,High,Safe,At Risk
45379.625,March,282.8720879120879,95.05208791208791,1,28.10714285714286,7.329560439560439,7.947582417582417,3.234615384615385,3.373626373626374,3.373626373626374,0,1,29.1,33.9,24.1,2.231978021978022,3.373626373626374,17.91208791208791,3.131868131868132,8.154998547166644,0.3951519395513838,0.01210605468119033,No,No,High,Safe,At Risk
45379.66666666666,March,282.7653846153846,95.0153846153846,1,28.1,7.313076923076923,7.946923076923077,3.247692307692308,3.384615384615385,3.384615384615385,0,0,29.1,33.9,24.1,2.276153846153846,3.384615384615385,17.61538461538461,3.076923076923077,8.154352100914798,0.3950692877582124,0.01233461477479885,Yes,No,High,Safe,At Risk
45379.70833333334,March,282.6586813186813,94.97868131868131,1,28.09285714285714,7.296593406593407,7.946263736263736,3.260769230769231,3.395604395604396,3.395604395604396,0,0,29.1,33.9,24.1,2.32032967032967,3.395604395604396,17.31868131868132,3.021978021978022,8.153705654662952,0.394986635965041,0.01256317486840736,No,No,High,Safe,At Risk
45379.75,March,282.551978021978,94.94197802197802,1,28.08571428571429,7.280109890109889,7.945604395604396,3.273846153846154,3.406593406593406,3.406593406593406,1,0,29.1,33.9,24.1,2.364505494505494,3.406593406593406,17.02197802197802,2.967032967032967,8.153059208411106,0.3949039841718696,0.01279173496201588,Yes,No,High,Safe,At Risk
45379.79166666666,March,282.4452747252747,94.90527472527472,1,28.07857142857143,7.263626373626373,7.944945054945054,3.286923076923077,3.417582417582417,3.417582417582417,0,0,29.1,33.9,24.1,2.408681318681318,3.417582417582417,16.72527472527472,2.912087912087912,8.15241276215926,0.3948213323786982,0.0130202950556244,No,No,High,Safe,At Risk
45379.83333333334,March,282.3385714285714,94.86857142857143,1,28.07142857142857,7.247142857142856,7.944285714285714,3.3,3.428571428571429,3.428571428571429,0,0,29.1,33.9,24.1,2.452857142857143,3.428571428571429,16.42857142857143,2.857142857142857,8.151766315907414,0.3947386805855268,0.01324885514923292,Yes,No,High,Safe,At Risk
45379.875,March,282.2318681318682,94.83186813186813,1,28.06428571428571,7.23065934065934,7.943626373626373,3.313076923076923,3.43956043956044,3.43956043956044,1,0,29.1,33.9,24.1,2.497032967032967,3.43956043956044,16.13186813186813,2.802197802197802,8.151119869655568,0.3946560287923554,0.01347741524284143,No,No,High,Safe,At Risk
45379.91666666666,March,282.1251648351649,94.79516483516483,1,28.05714285714286,7.214175824175824,7.942967032967033,3.326153846153846,3.450549450549451,3.450549450549451,0,0,29.1,33.9,24.1,2.541208791208791,3.450549450549451,15.83516483516484,2.747252747252747,8.150473423403723,0.394573376999184,0.01370597533644995,Yes,No,High,Safe,At Risk
45379.95833333334,March,282.0184615384616,94.75846153846153,1,28.05,7.197692307692307,7.942307692307693,3.339230769230769,3.461538461538462,3.461538461538462,0,0,29.1,33.9,24.1,2.585384615384615,3.461538461538462,15.53846153846154,2.692307692307693,8.149826977151877,0.3944907252060126,0.01393453543005847,No,No,High,Safe,At Risk
45380,March,281.9117582417583,94.72175824175824,1,28.04285714285714,7.181208791208791,7.941648351648351,3.352307692307692,3.472527472527473,3.472527472527473,0,0,29.1,33.9,24.1,2.629560439560439,3.472527472527473,15.24175824175824,2.637362637362637,8.149180530900031,0.3944080734128412,0.01416309552366699,Yes,No,High,Safe,At Risk
45380.04166666666,March,281.805054945055,94.68505494505494,1,28.03571428571428,7.164725274725274,7.940989010989011,3.365384615384615,3.483516483516484,3.483516483516484,0,0,29.1,33.9,24.1,2.673736263736263,3.483516483516484,14.94505494505495,2.582417582417583,8.148534084648185,0.3943254216196698,0.01439165561727551,No,No,High,Safe,At Risk
45380.08333333334,March,281.6983516483517,94.64835164835165,1,28.02857142857143,7.148241758241758,7.94032967032967,3.378461538461539,3.494505494505495,3.494505494505495,0,0,29.1,33.9,24.1,2.717912087912087,3.494505494505495,14.64835164835165,2.527472527472527,8.147887638396339,0.3942427698264984,0.01462021571088402,Yes,No,High,Safe,At Risk
45380.125,March,281.5916483516484,94.61164835164834,1,28.02142857142857,7.131758241758241,7.93967032967033,3.391538461538461,3.505494505494505,3.505494505494505,1,0,29.1,33.9,24.1,2.762087912087912,3.505494505494505,14.35164835164835,2.472527472527473,8.147241192144492,0.394160118033327,0.01484877580449254,No,No,High,Safe,At Risk
45380.16666666666,March,281.4849450549451,94.57494505494505,1,28.01428571428572,7.115274725274725,7.939010989010989,3.404615384615385,3.516483516483516,3.516483516483516,0,0,29.1,33.9,24.1,2.806263736263736,3.516483516483516,14.05494505494505,2.417582417582417,8.146594745892646,0.3940774662401555,0.01507733589810106,Yes,No,High,Safe,At Risk
45380.20833333334,March,281.3782417582418,94.53824175824175,1,28.00714285714286,7.098791208791209,7.938351648351649,3.417692307692308,3.527472527472527,3.527472527472527,0,1,29.1,33.9,24.1,2.85043956043956,3.527472527472527,13.75824175824176,2.362637362637363,8.1459482996408,0.3939948144469841,0.01530589599170958,No,No,High,Safe,At Risk
45380.25,March,281.2715384615385,94.50153846153846,1,28,7.082307692307692,7.937692307692307,3.430769230769231,3.538461538461538,3.538461538461538,1,1,29.1,33.9,24.1,2.894615384615384,3.538461538461538,13.46153846153846,2.307692307692308,8.145301853388954,0.3939121626538127,0.01553445608531809,Yes,No,Normal,Safe,Stable
45380.29166666666,March,281.1648351648352,94.46483516483516,1,27.99285714285714,7.065824175824176,7.937032967032967,3.443846153846154,3.549450549450549,3.549450549450549,0,0,29.1,33.9,24.1,2.938791208791208,3.549450549450549,13.16483516483516,2.252747252747253,8.144655407137108,0.3938295108606413,0.01576301617892661,No,No,Normal,Safe,Stable
45380.33333333334,March,281.0581318681319,94.42813186813186,1,27.98571428571429,7.049340659340659,7.936373626373626,3.456923076923077,3.56043956043956,3.56043956043956,0,0,29.1,33.9,24.1,2.982967032967033,3.56043956043956,12.86813186813187,2.197802197802198,8.144008960885262,0.3937468590674699,0.01599157627253513,Yes,No,Normal,Safe,Stable
45380.375,March,280.9514285714286,94.39142857142856,1,27.97857142857143,7.032857142857143,7.935714285714286,3.47,3.571428571428572,3.571428571428572,1,0,29.1,33.9,24.1,3.027142857142857,3.571428571428572,12.57142857142857,2.142857142857143,8.143362514633417,0.3936642072742985,0.01622013636614365,No,No,Normal,Safe,Stable
45380.41666666666,March,280.8447252747253,94.35472527472527,1,27.97142857142857,7.016373626373626,7.935054945054945,3.483076923076923,3.582417582417583,3.582417582417583,0,0,29.1,33.9,24.1,3.071318681318681,3.582417582417583,12.27472527472528,2.087912087912088,8.142716068381571,0.3935815554811271,0.01644869645975217,Yes,No,Normal,Safe,Stable
45380.45833333334,March,280.738021978022,94.31802197802197,1,27.96428571428572,6.999890109890109,7.934395604395604,3.496153846153846,3.593406593406594,3.593406593406594,0,0,29.1,33.9,24.1,3.115494505494505,3.593406593406594,11.97802197802198,2.032967032967033,8.142069622129725,0.3934989036879557,0.01667725655336069,No,No,Normal,Safe,Stable
45380.5,March,280.6313186813187,94.28131868131868,1,27.95714285714286,6.983406593406593,7.933736263736264,3.509230769230769,3.604395604395604,3.604395604395604,0,0,29.1,33.9,24.1,3.159670329670329,3.604395604395604,11.68131868131868,1.978021978021978,8.141423175877879,0.3934162518947843,0.0169058166469692,Yes,No,Normal,Safe,Stable
45380.54166666666,March,280.5246153846154,94.24461538461539,1,27.95,6.966923076923076,7.933076923076923,3.522307692307693,3.615384615384615,3.615384615384615,0,0,29.1,33.9,24.1,3.203846153846154,3.615384615384615,11.38461538461538,1.923076923076923,8.140776729626033,0.3933336001016129,0.01713437674057772,No,No,Normal,Safe,Stable
45380.58333333334,March,280.4179120879121,94.20791208791208,1,27.94285714285714,6.95043956043956,7.932417582417583,3.535384615384615,3.626373626373626,3.626373626373626,1,0,29.1,33.9,24.1,3.248021978021978,3.626373626373626,11.08791208791209,1.868131868131868,8.140130283374187,0.3932509483084415,0.01736293683418624,Yes,No,Normal,Safe,Stable
45380.625,March,280.3112087912088,94.17120879120878,1,27.93571428571429,6.933956043956043,7.931758241758242,3.548461538461539,3.637362637362637,3.637362637362637,1,0,29.1,33.9,24.1,3.292197802197802,3.637362637362637,10.79120879120879,1.813186813186813,8.139483837122341,0.3931682965152701,0.01759149692779476,No,No,Normal,Safe,Stable
45380.66666666666,March,280.2045054945055,94.13450549450549,1,27.92857142857143,6.917472527472527,7.931098901098901,3.561538461538461,3.648351648351648,3.648351648351648,1,1,29.1,33.9,24.1,3.336373626373626,3.648351648351648,10.49450549450549,1.758241758241758,8.138837390870496,0.3930856447220987,0.01782005702140328,Yes,No,Normal,Safe,Stable
45380.70833333334,March,280.0978021978022,94.0978021978022,1,27.92142857142857,6.900989010989011,7.93043956043956,3.574615384615385,3.65934065934066,3.65934065934066,0,0,29.1,33.9,24.1,3.38054945054945,3.65934065934066,10.1978021978022,1.703296703296703,8.13819094461865,0.3930029929289273,0.01804861711501179,No,No,Normal,Safe,Stable
45380.75,March,279.9910989010989,94.0610989010989,1,27.91428571428571,6.884505494505494,7.92978021978022,3.587692307692308,3.670329670329671,3.670329670329671,0,0,29.1,33.9,24.1,3.424725274725275,3.670329670329671,9.901098901098901,1.648351648351648,8.137544498366804,0.3929203411357559,0.01827717720862031,Yes,No,Normal,Safe,Stable
45380.79166666666,March,279.8843956043956,94.02439560439559,1,27.90714285714286,6.868021978021978,7.929120879120879,3.600769230769231,3.681318681318682,3.681318681318682,1,1,29.1,33.9,24.1,3.468901098901099,3.681318681318682,9.604395604395606,1.593406593406594,8.136898052114958,0.3928376893425845,0.01850573730222883,No,No,Normal,Safe,Stable
45380.83333333334,March,279.7776923076923,93.9876923076923,1,27.9,6.851538461538461,7.928461538461539,3.613846153846154,3.692307692307693,3.692307692307693,1,0,29.1,33.9,24.1,3.513076923076923,3.692307692307693,9.307692307692307,1.538461538461538,8.136251605863112,0.392755037549413,0.01873429739583735,Yes,No,Normal,Safe,Stable
45380.875,March,279.670989010989,93.95098901098901,1,27.89285714285714,6.835054945054945,7.927802197802198,3.626923076923077,3.703296703296703,3.703296703296703,0,0,29.1,33.9,24.1,3.557252747252747,3.703296703296703,9.010989010989011,1.483516483516484,8.135605159611266,0.3926723857562416,0.01896285748944586,No,No,Normal,Safe,Stable
45380.91666666666,March,279.5642857142857,93.91428571428571,1,27.88571428571429,6.818571428571429,7.927142857142857,3.64,3.714285714285714,3.714285714285714,0,0,29.1,33.9,24.1,3.601428571428571,3.714285714285714,8.714285714285715,1.428571428571429,8.134958713359421,0.3925897339630702,0.01919141758305438,Yes,No,Normal,Safe,Stable
45380.95833333334,March,279.4575824175824,93.87758241758242,1,27.87857142857143,6.802087912087911,7.926483516483517,3.653076923076923,3.725274725274725,3.725274725274725,0,0,29.1,33.9,24.1,3.645604395604395,3.725274725274725,8.417582417582416,1.373626373626374,8.134312267107575,0.3925070821698988,0.0194199776766629,No,No,Normal,Safe,Stable
45381,March,279.3508791208791,93.84087912087911,1,27.87142857142857,6.785604395604395,7.925824175824176,3.666153846153846,3.736263736263736,3.736263736263736,0,1,29.1,33.9,24.1,3.689780219780219,3.736263736263736,8.12087912087912,1.318681318681319,8.133665820855729,0.3924244303767274,0.01964853777027142,Yes,No,Normal,Safe,Stable
45381.04166666666,March,279.2441758241758,93.80417582417581,1,27.86428571428571,6.769120879120878,7.925164835164836,3.679230769230769,3.747252747252747,3.747252747252747,0,0,29.1,33.9,24.1,3.733956043956044,3.747252747252747,7.824175824175825,1.263736263736264,8.133019374603883,0.392341778583556,0.01987709786387993,No,No,Normal,Safe,Stable
45381.08333333334,March,279.1374725274725,93.76747252747252,1,27.85714285714286,6.752637362637362,7.924505494505494,3.692307692307693,3.758241758241758,3.758241758241758,0,0,29.1,33.9,24.1,3.778131868131868,3.758241758241758,7.527472527472529,1.208791208791209,8.132372928352037,0.3922591267903845,0.02010565795748845,Yes,No,Normal,Safe,Stable
45381.125,March,279.0307692307692,93.73076923076923,1,27.85,6.736153846153845,7.923846153846154,3.705384615384615,3.769230769230769,3.769230769230769,1,0,29.1,33.9,24.1,3.822307692307692,3.769230769230769,7.23076923076923,1.153846153846154,8.131726482100191,0.3921764749972131,0.02033421805109697,No,No,Normal,Safe,Stable
45381.16666666666,March,278.9240659340659,93.69406593406593,1,27.84285714285714,6.719670329670329,7.923186813186813,3.718461538461538,3.78021978021978,3.78021978021978,0,0,29.1,33.9,24.1,3.866483516483516,3.78021978021978,6.934065934065934,1.098901098901099,8.131080035848345,0.3920938232040417,0.02056277814470549,Yes,No,Normal,Safe,Stable
45381.20833333334,March,278.8173626373626,93.65736263736264,1,27.83571428571429,6.703186813186813,7.922527472527473,3.731538461538461,3.791208791208791,3.791208791208791,0,0,29.1,33.9,24.1,3.91065934065934,3.791208791208791,6.637362637362639,1.043956043956044,8.1304335895965,0.3920111714108703,0.020791338238314,No,No,Normal,Safe,Stable
45381.25,March,278.7106593406593,93.62065934065933,1,27.82857142857143,6.686703296703296,7.921868131868132,3.744615384615384,3.802197802197802,3.802197802197802,0,0,29.1,33.9,24.1,3.954835164835164,3.802197802197802,6.340659340659339,0.9890109890109891,8.129787143344654,0.3919285196176989,0.02101989833192252,Yes,No,Normal,Safe,Stable
45381.29166666666,March,278.603956043956,93.58395604395604,1,27.82142857142857,6.67021978021978,7.921208791208791,3.757692307692308,3.813186813186813,3.813186813186813,0,0,29.1,33.9,24.1,3.999010989010988,3.813186813186813,6.043956043956044,0.9340659340659343,8.129140697092808,0.3918458678245275,0.02124845842553104,No,No,Normal,Safe,Stable
45381.33333333334,March,278.4972527472528,93.54725274725274,1,27.81428571428571,6.653736263736263,7.92054945054945,3.770769230769231,3.824175824175824,3.824175824175824,0,0,29.1,33.9,24.1,4.043186813186813,3.824175824175824,5.747252747252748,0.8791208791208796,8.128494250840962,0.3917632160313561,0.02147701851913956,Yes,No,Normal,Safe,Stable
45381.375,March,278.3905494505495,93.51054945054945,1,27.80714285714286,6.637252747252747,7.91989010989011,3.783846153846154,3.835164835164835,3.835164835164835,0,0,29.1,33.9,24.1,4.087362637362637,3.835164835164835,5.450549450549449,0.8241758241758239,8.127847804589116,0.3916805642381847,0.02170557861274807,No,No,Normal,Safe,Stable
45381.41666666666,March,278.2838461538462,93.47384615384615,1,27.8,6.620769230769231,7.91923076923077,3.796923076923077,3.846153846153846,3.846153846153846,1,0,29.1,33.9,24.1,4.131538461538462,3.846153846153846,5.153846153846153,0.7692307692307692,8.12720135833727,0.3915979124450133,0.02193413870635659,Yes,No,Normal,Safe,Stable
45381.45833333334,March,278.1771428571429,93.43714285714285,1,27.79285714285714,6.604285714285714,7.918571428571429,3.81,3.857142857142857,3.857142857142857,0,0,29.1,33.9,24.1,4.175714285714285,3.857142857142857,4.857142857142858,0.7142857142857144,8.126554912085425,0.3915152606518419,0.02216269879996511,No,No,Normal,Safe,Stable
45381.5,March,278.0704395604396,93.40043956043955,1,27.78571428571428,6.587802197802198,7.917912087912088,3.823076923076923,3.868131868131868,3.868131868131868,0,0,29.1,33.9,24.1,4.219890109890109,3.868131868131868,4.560439560439562,0.6593406593406597,8.125908465833579,0.3914326088586705,0.02239125889357363,Yes,No,Normal,Safe,Stable
45381.54166666666,March,277.9637362637363,93.36373626373626,1,27.77857142857143,6.571318681318681,7.917252747252747,3.836153846153846,3.879120879120879,3.879120879120879,0,0,29.1,33.9,24.1,4.264065934065933,3.879120879120879,4.263736263736263,0.604395604395604,8.125262019581733,0.3913499570654991,0.02261981898718214,No,No,Normal,Safe,Stable
45381.58333333334,March,277.857032967033,93.32703296703296,1,27.77142857142857,6.554835164835165,7.916593406593407,3.849230769230769,3.89010989010989,3.89010989010989,0,0,29.1,33.9,24.1,4.308241758241758,3.89010989010989,3.967032967032967,0.5494505494505493,8.124615573329887,0.3912673052723277,0.02284837908079066,Yes,No,Normal,Safe,Stable
45381.625,March,277.7503296703297,93.29032967032967,1,27.76428571428571,6.538351648351648,7.915934065934066,3.862307692307692,3.901098901098901,3.901098901098901,0,0,29.1,33.9,24.1,4.352417582417582,3.901098901098901,3.670329670329672,0.4945054945054945,8.123969127078041,0.3911846534791563,0.02307693917439918,No,No,Normal,Safe,Stable
45381.66666666666,March,277.6436263736264,93.25362637362636,1,27.75714285714286,6.521868131868132,7.915274725274726,3.875384615384616,3.912087912087912,3.912087912087912,0,0,29.1,33.9,24.1,4.396593406593406,3.912087912087912,3.373626373626372,0.4395604395604398,8.123322680826195,0.3911020016859849,0.0233054992680077,Yes,No,Normal,Safe,Stable
45381.70833333334,March,277.5369230769231,93.21692307692307,1,27.75,6.505384615384616,7.914615384615384,3.888461538461538,3.923076923076923,3.923076923076923,0,0,29.1,33.9,24.1,4.440769230769231,3.923076923076923,3.076923076923077,0.384615384615385,8.12267623457435,0.3910193498928135,0.02353405936161622,No,No,Normal,Safe,Stable
45381.75,March,277.4302197802198,93.18021978021977,1,27.74285714285714,6.488901098901098,7.913956043956044,3.901538461538462,3.934065934065934,3.934065934065934,0,0,29.1,33.9,24.1,4.484945054945054,3.934065934065934,2.780219780219781,0.3296703296703294,8.122029788322504,0.390936698099642,0.02376261945522474,Yes,No,Normal,Safe,Stable
45381.79166666666,March,277.3235164835165,93.14351648351648,1,27.73571428571428,6.472417582417582,7.913296703296703,3.914615384615384,3.945054945054945,3.945054945054945,1,0,29.1,33.9,24.1,4.529120879120878,3.945054945054945,2.483516483516482,0.2747252747252746,8.121383342070658,0.3908540463064706,0.02399117954883325,No,No,Normal,Safe,Stable
45381.83333333334,March,277.2168131868132,93.10681318681318,1,27.72857142857143,6.455934065934065,7.912637362637363,3.927692307692308,3.956043956043956,3.956043956043956,0,0,29.1,33.9,24.1,4.573296703296703,3.956043956043956,2.186813186813186,0.2197802197802199,8.120736895818812,0.3907713945132992,0.02421973964244177,Yes,No,Normal,Safe,Stable
45381.875,March,277.1101098901099,93.07010989010989,1,27.72142857142857,6.439450549450549,7.911978021978022,3.940769230769231,3.967032967032967,3.967032967032967,0,0,29.1,33.9,24.1,4.617472527472527,3.967032967032967,1.890109890109891,0.1648351648351651,8.120090449566966,0.3906887427201278,0.02444829973605029,No,No,Normal,Safe,Stable
45381.91666666666,March,277.0034065934066,93.03340659340658,1,27.71428571428572,6.422967032967033,7.911318681318681,3.953846153846154,3.978021978021978,3.978021978021978,0,0,29.1,33.9,24.1,4.661648351648351,3.978021978021978,1.593406593406595,0.1098901098901104,8.11944400331512,0.3906060909269564,0.02467685982965881,Yes,No,Normal,Safe,Stable
45381.95833333334,March,276.8967032967033,92.99670329670329,1,27.70714285714286,6.406483516483516,7.910659340659341,3.966923076923077,3.989010989010989,3.989010989010989,0,0,29.1,33.9,24.1,4.705824175824175,3.989010989010989,1.296703296703296,0.05494505494505475,8.118797557063274,0.390523439133785,0.02490541992326733,No,No,Normal,Safe,Stable
45382,April,276.79,92.95999999999999,1,27.7,6.39,7.91,3.98,4,4,0,1,29.1,33.9,24.1,4.75,4,1,0,8.118151110811429,0.3904407873406136,0.02513398001687584,Yes,No,Normal,Safe,Stable
45382.04166666666,April,276.79,92.95999999999999,1,27.7,6.39,7.91,3.98,4,4,0,1,29.1,33.9,24.1,4.75,4,1,1,8.138618251906765,0.9912957118030442,0.02111713199220084,No,No,Normal,Safe,Stable
45382.08333333334,April,276.79,92.95999999999999,1,27.7,6.39,7.91,3.98,4,4,1,0,29.1,33.9,24.1,4.75,4,1,2,8.383190447318043,0.2907054958647066,0.5232174284484539,Yes,No,Normal,Safe,Stable
45382.125,April,276.79,92.95999999999999,1,27.7,6.39,7.91,3.98,4,4,0,1,29.1,33.9,24.1,4.75,4,1,3,7.995174340406987,0.9241562226794198,0.01764319340778352,No,No,Normal,Safe,Stable
45382.16666666666,April,276.79,92.95999999999999,1,27.7,6.39,7.91,3.98,4,4,0,0,29.1,33.9,24.1,4.75,4,1,4,7.599971749809833,0.9300067430175343,0.006414578232916981,Yes,No,Normal,Safe,Stable
45382.20833333334,April,276.79,92.95999999999999,1,27.7,6.39,7.91,3.98,4,4,0,0,29.1,33.9,24.1,4.75,4,1,5,8.131883274480211,0.3938018108553407,0.005973157569564902,No,No,Normal,Safe,Stable
45382.25,April,276.79,92.95999999999999,1,27.7,6.39,7.91,3.98,4,4,0,0,29.1,33.9,24.1,4.75,4,1.052631578947368,4.736842105263158,8.114273822135264,0.395045050656859,0.005661995017882122,Yes,No,Normal,Safe,Stable
45382.29166666666,April,276.79,92.95999999999999,1,27.7,6.39,7.91,3.98,4,4,1,0,29.1,33.9,24.1,4.75,4,1.105263157894737,4.473684210526316,8.096664369790316,0.3962882904583772,0.005350832466199341,No,No,Normal,Safe,Stable
45382.33333333334,April,276.79,92.95999999999999,1,27.7,6.39,7.91,3.98,4,4,1,0,29.1,33.9,24.1,4.75,4,1.157894736842105,4.210526315789473,8.079054917445367,0.3975315302598954,0.005039669914516562,Yes,No,Normal,Safe,Stable
45382.375,April,276.79,92.95999999999999,1,27.7,6.39,7.91,3.98,4,4,1,0,29.1,33.9,24.1,4.75,4,1.210526315789474,3.947368421052632,8.061445465100419,0.3987747700614136,0.004728507362833781,No,No,Normal,Safe,Stable
45382.41666666666,April,276.79,92.95999999999999,1,27.7,6.39,7.91,3.98,4,4,0,0,29.1,33.9,24.1,4.75,4,1.263157894736842,3.684210526315789,8.043836012755472,0.4000180098629318,0.004417344811151001,Yes,No,Normal,Safe,Stable
45382.45833333334,April,276.79,92.95999999999999,1,27.7,6.39,7.91,3.98,4,4,0,0,29.1,33.9,24.1,4.75,4,1.315789473684211,3.421052631578947,8.026226560410525,0.40126124966445,0.00410618225946822,No,No,Normal,Safe,Stable
45382.5,April,276.79,92.95999999999999,1,27.7,6.39,7.91,3.98,4,4,0,0,29.1,33.9,24.1,4.75,4,1.368421052631579,3.157894736842105,8.008617108065577,0.4025044894659683,0.00379501970778544,Yes,No,Normal,Safe,Stable
45382.54166666666,April,276.79,92.95999999999999,1,27.7,6.39,7.91,3.98,4,4,0,0,29.1,33.9,24.1,4.75,4,1.421052631578947,2.894736842105263,7.991007655720629,0.4037477292674865,0.00348385715610266,No,No,Normal,Safe,Stable
45382.58333333334,April,276.79,92.95999999999999,1,27.7,6.39,7.91,3.98,4,4,0,0,29.1,33.9,24.1,4.75,4,1.473684210526316,2.631578947368421,7.973398203375681,0.4049909690690047,0.003172694604419879,Yes,No,Normal,Safe,Stable
45382.625,April,276.79,92.95999999999999,1,27.7,6.39,7.91,3.98,4,4,0,0,29.1,33.9,24.1,4.75,4,1.526315789473684,2.368421052631579,7.955788751030733,0.4062342088705229,0.002861532052737099,No,No,Normal,Safe,Stable
45382.66666666666,April,276.79,92.95999999999999,1,27.7,6.39,7.91,3.98,4,4,0,0,29.1,33.9,24.1,4.75,4,1.578947368421053,2.105263157894737,7.938179298685785,0.4074774486720412,0.002550369501054319,Yes,No,Normal,Safe,Stable
45382.70833333334,April,276.79,92.95999999999999,1,27.7,6.39,7.91,3.98,4,4,0,0,29.1,33.9,24.1,4.75,4,1.631578947368421,1.842105263157895,7.920569846340838,0.4087206884735594,0.002239206949371539,No,No,Normal,Safe,Stable
45382.75,April,276.79,92.95999999999999,1,27.7,6.39,7.91,3.98,4,4,0,0,29.1,33.9,24.1,4.75,4,1.684210526315789,1.578947368421053,7.902960393995889,0.4099639282750776,0.001928044397688758,Yes,No,Normal,Safe,Stable
45382.79166666666,April,276.79,92.95999999999999,1,27.7,6.39,7.91,3.98,4,4,0,0,29.1,33.9,24.1,4.75,4,1.736842105263158,1.315789473684211,7.885350941650942,0.4112071680765958,0.001616881846005979,No,No,Normal,Safe,Stable
45382.83333333334,April,276.79,92.95999999999999,1,27.7,6.39,7.91,3.98,4,4,0,0,29.1,33.9,24.1,4.75,4,1.789473684210526,1.052631578947369,7.867741489305994,0.412450407878114,0.001305719294323198,Yes,No,Normal,Safe,Stable
45382.875,April,276.79,92.95999999999999,1,27.7,6.39,7.91,3.98,4,4,1,0,29.1,33.9,24.1,4.75,4,1.842105263157895,0.7894736842105265,7.850132036961046,0.4136936476796322,0.0009945567426404177,No,No,Normal,Safe,Stable
45382.91666666666,April,276.79,92.95999999999999,1,27.7,6.39,7.91,3.98,4,4,0,0,29.1,33.9,24.1,4.75,4,1.894736842105263,0.5263157894736841,7.832522584616099,0.4149368874811505,0.0006833941909576372,Yes,No,Normal,Safe,Stable
45382.95833333334,April,276.79,92.95999999999999,1,27.7,6.39,7.91,3.98,4,4,0,0,29.1,33.9,24.1,4.75,4,1.947368421052631,0.2631578947368425,7.81491313227115,0.4161801272826687,0.0003722316392748568,No,No,Normal,Safe,Stable
45383,April,276.79,92.95999999999999,1,27.7,6.39,7.91,3.98,4,4,0,0,29.1,33.9,24.1,4.75,4,2,0,7.797303679926203,0.4174233670841869,6.106908759207635E-05,Yes,No,Normal,Safe,Stable
45383.04166666666,April,276.79,92.95999999999999,1,27.7,6.39,7.91,3.98,4,4,0,0,29.1,33.9,24.1,4.75,4,2,1,8.040870658269219,0.9726500316075776,0.008547896756877844,No,No,Normal,Safe,Stable
45383.08333333334,April,276.79,92.95999999999999,1,27.7,6.39,7.91,3.98,4,4,0,0,29.1,33.9,24.1,4.75,4,2,2,7.980925411842777,0.9605367738048682,0.0006845525231226834,Yes,No,Normal,Safe,Stable
45383.125,April,276.79,92.95999999999999,1,27.7,6.39,7.91,3.98,4,4,1,0,29.1,33.9,24.1,4.75,4,2,3,8.290735573594654,0.1871359504316392,0.8933252875892687,No,No,Normal,Safe,Stable
45383.16666666666,April,276.79,92.95999999999999,1,27.7,6.39,7.91,3.98,4,4,0,0,29.1,33.9,24.1,4.75,4,2,4,8.395882810898817,0.3195302223644193,0.8490706170411157,Yes,No,Normal,Safe,Stable
45383.20833333334,April,276.79,92.95999999999999,1,27.7,6.39,7.91,3.98,4,4,0,0,29.1,33.9,24.1,4.75,4,2,5,7.757016944000095,0.395617097085006,0.02002294478841094,No,No,Normal,Safe,Stable
45383.25,April,276.79,92.95999999999999,1,27.7,6.39,7.91,3.98,4,4,0,0,29.1,33.9,24.1,4.75,4,2.052631578947369,4.736842105263158,7.766421074479525,0.3955653484573979,0.02050873855044694,Yes,No,Normal,Safe,Stable
45383.29166666666,April,276.79,92.95999999999999,1,27.7,6.39,7.91,3.98,4,4,0,1,29.1,33.9,24.1,4.75,4,2.105263157894737,4.473684210526316,7.775825204958955,0.3955135998297899,0.02099453231248295,No,No,Normal,Safe,Stable
45383.33333333334,April,276.79,92.95999999999999,1,27.7,6.39,7.91,3.98,4,4,0,0,29.1,33.9,24.1,4.75,4,2.157894736842105,4.210526315789473,7.785229335438384,0.3954618512021818,0.02148032607451895,Yes,No,Normal,Safe,Stable
45383.375,April,276.79,92.95999999999999,1,27.7,6.39,7.91,3.98,4,4,1,0,29.1,33.9,24.1,4.75,4,2.210526315789473,3.947368421052632,7.794633465917814,0.3954101025745738,0.02196611983655495,No,No,Normal,Safe,Stable
45383.41666666666,April,276.79,92.95999999999999,1,27.7,6.39,7.91,3.98,4,4,0,0,29.1,33.9,24.1,4.75,4,2.263157894736842,3.684210526315789,7.804037596397244,0.3953583539469657,0.02245191359859096,Yes,No,Normal,Safe,Stable
45383.45833333334,April,276.79,92.95999999999999,1,27.7,6.39,7.91,3.98,4,4,1,0,29.1,33.9,24.1,4.75,4,2.315789473684211,3.421052631578947,7.813441726876674,0.3953066053193577,0.02293770736062696,No,No,Normal,Safe,Stable
45383.5,April,276.79,92.95999999999999,1,27.7,6.39,7.91,3.98,4,4,1,1,29.1,33.9,24.1,4.75,4,2.368421052631579,3.157894736842105,7.822845857356103,0.3952548566917496,0.02342350112266296,Yes,No,Normal,Safe,Stable
45383.54166666666,April,276.79,92.95999999999999,1,27.7,6.39,7.91,3.98,4,4,0,0,29.1,33.9,24.1,4.75,4,2.421052631578947,2.894736842105263,7.832249987835533,0.3952031080641416,0.02390929488469896,No,No,Normal,Safe,Stable
45383.58333333334,April,276.79,92.95999999999999,1,27.7,6.39,7.91,3.98,4,4,0,0,29.1,33.9,24.1,4.75,4,2.473684210526316,2.631578947368421,7.841654118314962,0.3951513594365335,0.02439508864673497,Yes,No,Normal,Safe,Stable
45383.625,April,276.79,92.95999999999999,1,27.7,6.39,7.91,3.98,4,4,0,0,29.1,33.9,24.1,4.75,4,2.526315789473684,2.368421052631579,7.851058248794392,0.3950996108089255,0.02488088240877097,No,No,Normal,Safe,Stable
45383.66666666666,April,276.79,92.95999999999999,1,27.7,6.39,7.91,3.98,4,4,0,1,29.1,33.9,24.1,4.75,4,2.578947368421053,2.105263157894737,7.860462379273822,0.3950478621813174,0.02536667617080697,Yes,No,Normal,Safe,Stable
45383.70833333334,April,276.79,92.95999999999999,1,27.7,6.39,7.91,3.98,4,4,0,0,29.1,33.9,24.1,4.75,4,2.631578947368421,1.842105263157895,7.869866509753251,0.3949961135537093,0.02585246993284297,No,No,Normal,Safe,Stable
45383.75,April,276.79,92.95999999999999,1,27.7,6.39,7.91,3.98,4,4,0,0,29.1,33.9,24.1,4.75,4,2.684210526315789,1.578947368421053,7.879270640232681,0.3949443649261013,0.02633826369487897,Yes,No,Normal,Safe,Stable
45383.79166666666,April,276.79,92.95999999999999,1,27.7,6.39,7.91,3.98,4,4,0,0,29.1,33.9,24.1,4.75,4,2.736842105263158,1.315789473684211,7.888674770712111,0.3948926162984933,0.02682405745691498,No,No,Normal,Safe,Stable
45383.83333333334,April,276.79,92.95999999999999,1,27.7,6.39,7.91,3.98,4,4,0,1,29.1,33.9,24.1,4.75,4,2.789473684210527,1.052631578947369,7.898078901191541,0.3948408676708852,0.02730985121895098,Yes,No,Normal,Safe,Stable
45383.875,April,276.79,92.95999999999999,1,27.7,6.39,7.91,3.98,4,4,0,0,29.1,33.9,24.1,4.75,4,2.842105263157895,0.7894736842105265,7.907483031670971,0.3947891190432772,0.02779564498098698,No,No,Normal,Safe,Stable
45383.91666666666,April,276.79,92.95999999999999,1,27.7,6.39,7.91,3.98,4,4,0,0,29.1,33.9,24.1,4.75,4,2.894736842105263,0.5263157894736841,7.9168871621504,0.3947373704156691,0.02828143874302298,Yes,No,Normal,Safe,Stable
45383.95833333334,April,276.79,92.95999999999999,1,27.7,6.39,7.91,3.98,4,4,0,0,29.1,33.9,24.1,4.75,4,2.947368421052631,0.2631578947368425,7.92629129262983,0.394685621788061,0.02876723250505899,No,No,Normal,Safe,Stable
45384,April,276.79,92.95999999999999,1,27.7,6.39,7.91,3.98,4,4,0,0,29.1,33.9,24.1,4.75,4,3,0,7.93569542310926,0.394633873160453,0.02925302626709499,Yes,No,Normal,Safe,Stable
45384.04166666666,April,276.79,92.95999999999999,1,27.7,6.39,7.91,3.98,4,4,0,0,29.1,33.9,24.1,4.75,4,3,1,8.580978632946939,0.3346672943838385,0.1052704175023092,No,No,Normal,Safe,Stable
45384.08333333334,April,276.79,92.95999999999999,1,27.7,6.39,7.91,3.98,4,4,1,0,29.1,33.9,24.1,4.75,4,3,2,8.391311911964678,0.3595557688995606,0.4492514781332909,Yes,No,Normal,Safe,Stable
45384.125,April,276.79,92.95999999999999,1,27.7,6.39,7.91,3.98,4,4,0,0,29.1,33.9,24.1,4.75,4,3,3,8.416129960312054,0.1801473480564122,0.8774440002206199,No,No,Normal,Safe,Stable
45384.16666666666,April,276.79,92.95999999999999,1,27.7,6.39,7.91,3.98,4,4,1,0,29.1,33.9,24.1,4.75,4,3,4,7.628520625450134,0.9853470997393283,0.01375384415701249,Yes,No,Normal,Safe,Stable
45384.20833333334,April,276.79,92.95999999999999,1,27.7,6.39,7.91,3.98,4,4,0,0,29.1,33.9,24.1,4.75,4,3,5,8.340766262561083,0.4230568377260387,0.01276450986937273,No,No,Normal,Safe,Stable
45384.25,April,276.79,92.95999999999999,1,27.7,6.39,7.91,3.98,4,4,0,0,29.1,33.9,24.1,4.75,4,3.052631578947369,4.736842105263158,8.329950267657807,0.4524498021471661,0.01098365732448786,Yes,No,Normal,Safe,Stable
45384.29166666666,April,276.79,92.95999999999999,1,27.7,6.39,7.91,3.98,4,4,0,0,29.1,33.9,24.1,4.75,4,3.105263157894737,4.473684210526316,8.319134272754534,0.4818427665682936,0.009202804779602997,No,No,Normal,Safe,Stable
45384.33333333334,April,276.79,92.95999999999999,1,27.7,6.39,7.91,3.98,4,4,0,0,29.1,33.9,24.1,4.75,4,3.157894736842105,4.210526315789473,8.308318277851258,0.511235730989421,0.007421952234718129,Yes,No,Normal,Safe,Stable
45384.375,April,276.79,92.95999999999999,1,27.7,6.39,7.91,3.98,4,4,1,0,29.1,33.9,24.1,4.75,4,3.210526315789473,3.947368421052632,8.297502282947985,0.5406286954105484,0.005641099689833263,No,No,Normal,Safe,Stable
45384.41666666666,April,276.79,92.95999999999999,1,27.7,6.39,7.91,3.98,4,4,0,0,29.1,33.9,24.1,4.75,4,3.263157894736842,3.684210526315789,8.286686288044709,0.5700216598316759,0.003860247144948396,Yes,No,Normal,Safe,Stable
45384.45833333334,April,276.79,92.95999999999999,1,27.7,6.39,7.91,3.98,4,4,0,0,29.1,33.9,24.1,4.75,4,3.315789473684211,3.421052631578947,8.275870293141436,0.5994146242528032,0.002079394600063528,No,No,Normal,Safe,Stable
45384.5,April,276.79,92.95999999999999,1,27.7,6.39,7.91,3.98,4,4,0,0,29.1,33.9,24.1,4.75,4,3.368421052631579,3.157894736842105,8.265054298238161,0.6288075886739307,0.0002985420551786626,Yes,No,Normal,Safe,Stable
45384.54166666666,April,276.79,92.95999999999999,1,27.7,6.39,7.91,3.98,4,4,0,0,29.1,33.9,24.1,4.75,4,3.421052631578947,2.894736842105263,8.254238303334885,0.6582005530950581,-0.001482310489706205,No,No,Normal,Safe,Stable
45384.58333333334,April,276.79,92.95999999999999,1,27.7,6.39,7.91,3.98,4,4,0,0,29.1,33.9,24.1,4.75,4,3.473684210526316,2.631578947368421,8.243422308431612,0.6875935175161856,-0.003263163034591073,Yes,No,Normal,Safe,Stable
45384.625,April,276.79,92.95999999999999,1,27.7,6.39,7.91,3.98,4,4,0,0,29.1,33.9,24.1,4.75,4,3.526315789473684,2.368421052631579,8.232606313528336,0.716986481937313,-0.005044015579475938,No,No,Normal,Safe,Stable
45384.66666666666,April,276.79,92.95999999999999,1,27.7,6.39,7.91,3.98,4,4,0,0,29.1,33.9,24.1,4.75,4,3.578947368421053,2.105263157894737,8.221790318625063,0.7463794463584403,-0.006824868124360804,Yes,No,Normal,Safe,Stable
45384.70833333334,April,276.79,92.95999999999999,1,27.7,6.39,7.91,3.98,4,4,0,0,29.1,33.9,24.1,4.75,4,3.631578947368421,1.842105263157895,8.210974323721787,0.7757724107795678,-0.008605720669245673,No,No,Normal,Safe,Stable
45384.75,April,276.79,92.95999999999999,1,27.7,6.39,7.91,3.98,4,4,0,0,29.1,33.9,24.1,4.75,4,3.684210526315789,1.578947368421053,8.200158328818512,0.8051653752006953,-0.01038657321413054,Yes,No,Normal,Safe,Stable
45384.79166666666,April,276.79,92.95999999999999,1,27.7,6.39,7.91,3.98,4,4,0,0,29.1,33.9,24.1,4.75,4,3.736842105263158,1.315789473684211,8.189342333915238,0.8345583396218227,-0.01216742575901541,No,No,Normal,Safe,Stable
45384.83333333334,April,276.79,92.95999999999999,1,27.7,6.39,7.91,3.98,4,4,0,0,29.1,33.9,24.1,4.75,4,3.789473684210527,1.052631578947369,8.178526339011963,0.8639513040429501,-0.01394827830390027,Yes,No,Normal,Safe,Stable
45384.875,April,276.79,92.95999999999999,1,27.7,6.39,7.91,3.98,4,4,0,0,29.1,33.9,24.1,4.75,4,3.842105263157895,0.7894736842105265,8.16771034410869,0.8933442684640776,-0.01572913084878514,No,No,Normal,Safe,Stable
45384.91666666666,April,276.79,92.95999999999999,1,27.7,6.39,7.91,3.98,4,4,0,0,29.1,33.9,24.1,4.75,4,3.894736842105263,0.5263157894736841,8.156894349205414,0.922737232885205,-0.01750998339367001,Yes,No,Normal,Safe,Stable
45384.95833333334,April,276.79,92.95999999999999,1,27.7,6.39,7.91,3.98,4,4,0,0,29.1,33.9,24.1,4.75,4,3.947368421052631,0.2631578947368425,8.146078354302141,0.9521301973063323,-0.01929083593855488,No,No,Normal,Safe,Stable
45385,April,276.79,92.95999999999999,1,27.7,6.39,7.91,3.98,4,4,0,0,29.1,33.9,24.1,4.75,4,4,0,8.135262359398865,0.9815231617274599,-0.02107168848343974,Yes,No,Normal,Safe,Stable
45385.04166666666,April,276.79,92.95999999999999,1,27.7,6.39,7.91,3.98,4,4,0,0,29.1,33.9,24.1,4.75,4,4,1,8.346066602887035,0.3370300699431085,0.113789421791673,No,No,Normal,Safe,Stable
45385.08333333334,April,276.79,92.95999999999999,1,27.7,6.39,7.91,3.98,4,4,0,0,29.1,33.9,24.1,4.75,4,4,2,8.282888111115819,0.9341615880405646,-0.007862967656469801,Yes,No,Normal,Safe,Stable
45385.125,April,276.79,92.95999999999999,1,27.7,6.39,7.91,3.98,4,4,0,0,29.1,33.9,24.1,4.75,4,4,3,8.16321079124735,0.337801092791811,0.857950373624418,No,No,Normal,Safe,Stable
45385.16666666666,April,276.79,92.95999999999999,1,27.7,6.39,7.91,3.98,4,4,0,0,29.1,33.9,24.1,4.75,4,4,4,8.246717370436269,0.9907428902182445,0.02440683030886437,Yes,No,Normal,Safe,Stable
45385.20833333334,April,276.79,92.95999999999999,1,27.7,6.39,7.91,3.98,4,4,0,1,29.1,33.9,24.1,4.75,4,4,5,8.021151376065268,0.3647099203940379,0.01755521691411003,No,No,Normal,Safe,Stable
45385.25,April,276.79,92.95999999999999,1,27.7,6.39,7.91,3.98,4,4,0,0,29.1,33.9,24.1,4.75,4,4.052631578947368,4.736842105263158,8.006638607647174,0.3955228651524131,0.01648817594696993,Yes,No,Normal,Safe,Stable
45385.29166666666,April,276.79,92.95999999999999,1,27.7,6.39,7.91,3.98,4,4,0,0,29.1,33.9,24.1,4.75,4,4.105263157894737,4.473684210526316,7.992125839229081,0.4263358099107885,0.01542113497982982,No,No,Normal,Safe,Stable
45385.33333333334,April,276.79,92.95999999999999,1,27.7,6.39,7.91,3.98,4,4,1,0,29.1,33.9,24.1,4.75,4,4.157894736842105,4.210526315789473,7.977613070810987,0.4571487546691637,0.01435409401268972,Yes,No,Normal,Safe,Stable
45385.375,April,276.79,92.95999999999999,1,27.7,6.39,7.91,3.98,4,4,0,0,29.1,33.9,24.1,4.75,4,4.210526315789473,3.947368421052632,7.963100302392893,0.487961699427539,0.01328705304554961,No,No,Normal,Safe,Stable
45385.41666666666,April,276.79,92.95999999999999,1,27.7,6.39,7.91,3.98,4,4,1,0,29.1,33.9,24.1,4.75,4,4.263157894736842,3.684210526315789,7.948587533974799,0.5187746441859142,0.01222001207840951,Yes,No,Normal,Safe,Stable
45385.45833333334,April,276.79,92.95999999999999,1,27.7,6.39,7.91,3.98,4,4,0,0,29.1,33.9,24.1,4.75,4,4.315789473684211,3.421052631578947,7.934074765556706,0.5495875889442896,0.0111529711112694,No,No,Normal,Safe,Stable
45385.5,April,276.79,92.95999999999999,1,27.7,6.39,7.91,3.98,4,4,0,0,29.1,33.9,24.1,4.75,4,4.368421052631579,3.157894736842105,7.919561997138612,0.5804005337026648,0.0100859301441293,Yes,No,Normal,Safe,Stable
45385.54166666666,April,276.79,92.95999999999999,1,27.7,6.39,7.91,3.98,4,4,0,0,29.1,33.9,24.1,4.75,4,4.421052631578947,2.894736842105263,7.905049228720519,0.6112134784610401,0.009018889176989196,No,No,Normal,Safe,Stable
45385.58333333334,April,276.79,92.95999999999999,1,27.7,6.39,7.91,3.98,4,4,1,0,29.1,33.9,24.1,4.75,4,4.473684210526316,2.631578947368421,7.890536460302426,0.6420264232194154,0.007951848209849092,Yes,No,Normal,Safe,Stable
45385.625,April,276.79,92.95999999999999,1,27.7,6.39,7.91,3.98,4,4,0,0,29.1,33.9,24.1,4.75,4,4.526315789473684,2.368421052631579,7.876023691884331,0.6728393679777906,0.006884807242708988,No,No,Normal,Safe,Stable
45385.66666666666,April,276.79,92.95999999999999,1,27.7,6.39,7.91,3.98,4,4,0,0,29.1,33.9,24.1,4.75,4,4.578947368421053,2.105263157894737,7.861510923466238,0.7036523127361659,0.005817766275568884,Yes,No,Normal,Safe,Stable
45385.70833333334,April,276.79,92.95999999999999,1,27.7,6.39,7.91,3.98,4,4,0,0,29.1,33.9,24.1,4.75,4,4.631578947368421,1.842105263157895,7.846998155048144,0.7344652574945412,0.00475072530842878,No,No,Normal,Safe,Stable
45385.75,April,276.79,92.95999999999999,1,27.7,6.39,7.91,3.98,4,4,0,0,29.1,33.9,24.1,4.75,4,4.684210526315789,1.578947368421053,7.832485386630051,0.7652782022529165,0.003683684341288676,Yes,No,Normal,Safe,Stable
45385.79166666666,April,276.79,92.95999999999999,1,27.7,6.39,7.91,3.98,4,4,0,0,29.1,33.9,24.1,4.75,4,4.736842105263158,1.315789473684211,7.817972618211957,0.7960911470112917,0.002616643374148572,No,No,Normal,Safe,Stable
45385.83333333334,April,276.79,92.95999999999999,1,27.7,6.39,7.91,3.98,4,4,0,0,29.1,33.9,24.1,4.75,4,4.789473684210527,1.052631578947369,7.803459849793864,0.8269040917696671,0.001549602407008466,Yes,No,Normal,Safe,Stable
45385.875,April,276.79,92.95999999999999,1,27.7,6.39,7.91,3.98,4,4,0,0,29.1,33.9,24.1,4.75,4,4.842105263157895,0.7894736842105265,7.78894708137577,0.8577170365280423,0.0004825614398683634,No,No,Normal,Safe,Stable
45385.91666666666,April,276.79,92.95999999999999,1,27.7,6.39,7.91,3.98,4,4,0,0,29.1,33.9,24.1,4.75,4,4.894736842105263,0.5263157894736841,7.774434312957676,0.8885299812864176,-0.000584479527271739,Yes,No,Normal,Safe,Stable
45385.95833333334,April,276.79,92.95999999999999,1,27.7,6.39,7.91,3.98,4,4,1,0,29.1,33.9,24.1,4.75,4,4.947368421052632,0.2631578947368425,7.759921544539583,0.919342926044793,-0.001651520494411845,No,No,Normal,Safe,Stable
45386,April,276.79,92.95999999999999,1,27.7,6.39,7.91,3.98,4,4,1,0,29.1,33.9,24.1,4.75,4,5,0,7.745408776121489,0.9501558708031681,-0.002718561461551947,Yes,No,Normal,Safe,Stable
45386.04166666666,April,276.79,92.95999999999999,1,27.7,6.39,7.91,3.98,4,4,0,0,29.1,33.9,24.1,4.75,4,5,1,8.404548885961576,0.3210962436232115,0.1103617505748014,No,No,Normal,Safe,Stable
45386.08333333334,April,276.79,92.95999999999999,1,27.7,6.39,7.91,3.98,4,4,0,0,29.1,33.9,24.1,4.75,4,5,2,7.947520651269963,0.3120115050602337,0.4223297640379567,Yes,No,Normal,Safe,Stable
45386.125,April,276.79,92.95999999999999,1,27.7,6.39,7.91,3.98,4,4,1,0,29.1,33.9,24.1,4.75,4,5,3,8.274241700716102,0.5614614273157236,-0.0007800270533629555,No,No,Normal,Safe,Stable
45386.16666666666,April,276.79,92.95999999999999,1,27.7,6.39,7.91,3.98,4,4,0,0,29.1,33.9,24.1,4.75,4,5,4,8.111063007852465,0.2853375548732971,0.8454341890780044,Yes,No,Normal,Safe,Stable
45386.20833333334,April,276.79,92.95999999999999,1,27.7,6.39,7.91,3.98,4,4,0,0,29.1,33.9,24.1,4.75,4,5,5,8.297540274871059,0.3761499324710274,0.004293838376458962,No,No,Normal,Safe,Stable
45386.25,April,276.79,92.95999999999999,1,27.7,6.39,7.91,3.98,4,4,0,0,29.1,33.9,24.1,4.75,4,5.052631578947368,4.736842105263158,8.300540935002024,0.3777558357352964,0.005692024868011084,Yes,No,Normal,Safe,Stable
45386.29166666666,April,276.79,92.95999999999999,1,27.7,6.39,7.91,3.98,4,4,0,0,29.1,33.9,24.1,4.75,4,5.105263157894737,4.473684210526316,8.303541595132991,0.3793617389995654,0.007090211359563208,No,No,Normal,Safe,Stable
45386.33333333334,April,276.79,92.95999999999999,1,27.7,6.39,7.91,3.98,4,4,0,0,29.1,33.9,24.1,4.75,4,5.157894736842105,4.210526315789473,8.306542255263956,0.3809676422638343,0.008488397851115331,Yes,No,Normal,Safe,Stable
45386.375,April,276.79,92.95999999999999,1,27.7,6.39,7.91,3.98,4,4,0,0,29.1,33.9,24.1,4.75,4,5.210526315789473,3.947368421052632,8.309542915394921,0.3825735455281033,0.009886584342667454,No,No,Normal,Safe,Stable
45386.41666666666,April,276.79,92.95999999999999,1,27.7,6.39,7.91,3.98,4,4,0,0,29.1,33.9,24.1,4.75,4,5.263157894736842,3.684210526315789,8.312543575525888,0.3841794487923723,0.01128477083421958,Yes,No,Normal,Safe,Stable
45386.45833333334,April,276.79,92.95999999999999,1,27.7,6.39,7.91,3.98,4,4,0,0,29.1,33.9,24.1,4.75,4,5.315789473684211,3.421052631578947,8.315544235656853,0.3857853520566413,0.0126829573257717,No,No,Normal,Safe,Stable
45386.5,April,276.79,92.95999999999999,1,27.7,6.39,7.91,3.98,4,4,0,0,29.1,33.9,24.1,4.75,4,5.368421052631579,3.157894736842105,8.31854489578782,0.3873912553209102,0.01408114381732382,Yes,No,Normal,Safe,Stable
45386.54166666666,April,276.79,92.95999999999999,1,27.7,6.39,7.91,3.98,4,4,1,0,29.1,33.9,24.1,4.75,4,5.421052631578947,2.894736842105263,8.321545555918785,0.3889971585851792,0.01547933030887595,No,No,Normal,Safe,Stable
45386.58333333334,April,276.79,92.95999999999999,1,27.7,6.39,7.91,3.98,4,4,1,0,29.1,33.9,24.1,4.75,4,5.473684210526316,2.631578947368421,8.32454621604975,0.3906030618494482,0.01687751680042807,Yes,No,Normal,Safe,Stable
45386.625,April,276.79,92.95999999999999,1,27.7,6.39,7.91,3.98,4,4,0,0,29.1,33.9,24.1,4.75,4,5.526315789473684,2.368421052631579,8.327546876180717,0.3922089651137172,0.01827570329198019,No,No,Normal,Safe,Stable
45386.66666666666,April,276.79,92.95999999999999,1,27.7,6.39,7.91,3.98,4,4,0,0,29.1,33.9,24.1,4.75,4,5.578947368421053,2.105263157894737,8.330547536311682,0.3938148683779861,0.01967388978353232,Yes,No,Normal,Safe,Stable
45386.70833333334,April,276.79,92.95999999999999,1,27.7,6.39,7.91,3.98,4,4,0,0,29.1,33.9,24.1,4.75,4,5.631578947368421,1.842105263157895,8.333548196442647,0.3954207716422551,0.02107207627508444,No,No,Normal,Safe,Stable
45386.75,April,276.79,92.95999999999999,1,27.7,6.39,7.91,3.98,4,4,0,0,29.1,33.9,24.1,4.75,4,5.684210526315789,1.578947368421053,8.336548856573614,0.397026674906524,0.02247026276663656,Yes,No,Normal,Safe,Stable
45386.79166666666,April,276.79,92.95999999999999,1,27.7,6.39,7.91,3.98,4,4,0,0,29.1,33.9,24.1,4.75,4,5.736842105263158,1.315789473684211,8.339549516704579,0.3986325781707931,0.02386844925818869,No,No,Normal,Safe,Stable
45386.83333333334,April,276.79,92.95999999999999,1,27.7,6.39,7.91,3.98,4,4,1,0,29.1,33.9,24.1,4.75,4,5.789473684210527,1.052631578947369,8.342550176835546,0.400238481435062,0.02526663574974081,Yes,No,Normal,Safe,Stable
45386.875,April,276.79,92.95999999999999,1,27.7,6.39,7.91,3.98,4,4,1,0,29.1,33.9,24.1,4.75,4,5.842105263157895,0.7894736842105265,8.345550836966511,0.401844384699331,0.02666482224129293,No,No,Normal,Safe,Stable
45386.91666666666,April,276.79,92.95999999999999,1,27.7,6.39,7.91,3.98,4,4,1,0,29.1,33.9,24.1,4.75,4,5.894736842105263,0.5263157894736841,8.348551497097477,0.4034502879635999,0.02806300873284506,Yes,No,Normal,Safe,Stable
45386.95833333334,April,276.79,92.95999999999999,1,27.7,6.39,7.91,3.98,4,4,0,0,29.1,33.9,24.1,4.75,4,5.947368421052632,0.2631578947368425,8.351552157228443,0.405056191227869,0.02946119522439718,No,No,Normal,Safe,Stable
45387,April,276.79,92.95999999999999,1,27.7,6.39,7.91,3.98,4,4,0,0,29.1,33.9,24.1,4.75,4,6,0,8.354552817359409,0.4066620944921379,0.0308593817159493,Yes,No,Normal,Safe,Stable
45387.04166666666,April,276.79,92.95999999999999,1,27.7,6.39,7.91,3.98,4,4,0,0,29.1,33.9,24.1,4.75,4,6,1,8.41130922338327,0.3441337197903647,0.1108474067052048,No,No,Normal,Safe,Stable
45387.08333333334,April,276.79,92.95999999999999,1,27.7,6.39,7.91,3.98,4,4,1,0,29.1,33.9,24.1,4.75,4,6,2,7.61216025633439,1.022640087248467,0.0008171554505205901,Yes,No,Normal,Safe,Stable
45387.125,April,276.79,92.95999999999999,1,27.7,6.39,7.91,3.98,4,4,0,0,29.1,33.9,24.1,4.75,4,6,3,7.884810883532881,0.2846158929381152,0.8263403588419194,No,No,Normal,Safe,Stable
45387.16666666666,April,276.79,92.95999999999999,1,27.7,6.39,7.91,3.98,4,4,0,0,29.1,33.9,24.1,4.75,4,6,4,7.966892397516524,0.2165477074078553,0.9928269168458763,Yes,No,Normal,Safe,Stable
45387.20833333334,April,276.79,92.95999999999999,1,27.7,6.39,7.91,3.98,4,4,0,0,29.1,33.9,24.1,4.75,4,6,5,8.552241741590196,0.3945911978666979,0.0241196246127183,No,No,Normal,Safe,Stable
45387.25,April,276.79,92.95999999999999,1,27.7,6.39,7.91,3.98,4,4,1,0,29.1,33.9,24.1,4.75,4,6.052631578947368,4.736842105263158,8.520180585566051,0.3966611033678337,0.02312851816760504,Yes,No,Normal,Safe,Stable
45387.29166666666,April,276.79,92.95999999999999,1,27.7,6.39,7.91,3.98,4,4,1,0,29.1,33.9,24.1,4.75,4,6.105263157894737,4.473684210526316,8.488119429541904,0.3987310088689696,0.02213741172249178,No,No,Normal,Safe,Stable
45387.33333333334,April,276.79,92.95999999999999,1,27.7,6.39,7.91,3.98,4,4,0,0,29.1,33.9,24.1,4.75,4,6.157894736842105,4.210526315789473,8.456058273517758,0.4008009143701053,0.02114630527737853,Yes,No,Normal,Safe,Stable
45387.375,April,276.79,92.95999999999999,1,27.7,6.39,7.91,3.98,4,4,0,0,29.1,33.9,24.1,4.75,4,6.210526315789473,3.947368421052632,8.423997117493613,0.4028708198712412,0.02015519883226527,No,No,Normal,Safe,Stable
45387.41666666666,April,276.79,92.95999999999999,1,27.7,6.39,7.91,3.98,4,4,1,0,29.1,33.9,24.1,4.75,4,6.263157894736842,3.684210526315789,8.391935961469466,0.404940725372377,0.01916409238715202,Yes,No,Normal,Safe,Stable
45387.45833333334,April,276.79,92.95999999999999,1,27.7,6.39,7.91,3.98,4,4,0,0,29.1,33.9,24.1,4.75,4,6.315789473684211,3.421052631578947,8.359874805445321,0.4070106308735129,0.01817298594203876,No,No,Normal,Safe,Stable
45387.5,April,276.79,92.95999999999999,1,27.7,6.39,7.91,3.98,4,4,0,0,29.1,33.9,24.1,4.75,4,6.368421052631579,3.157894736842105,8.327813649421174,0.4090805363746487,0.0171818794969255,Yes,No,Normal,Safe,Stable
45387.54166666666,April,276.79,92.95999999999999,1,27.7,6.39,7.91,3.98,4,4,0,0,29.1,33.9,24.1,4.75,4,6.421052631578947,2.894736842105263,8.295752493397028,0.4111504418757845,0.01619077305181225,No,No,Normal,Safe,Stable
45387.58333333334,April,276.79,92.95999999999999,1,27.7,6.39,7.91,3.98,4,4,1,0,29.1,33.9,24.1,4.75,4,6.473684210526316,2.631578947368421,8.263691337372883,0.4132203473769203,0.01519966660669899,Yes,No,Normal,Safe,Stable
45387.625,April,276.79,92.95999999999999,1,27.7,6.39,7.91,3.98,4,4,0,0,29.1,33.9,24.1,4.75,4,6.526315789473684,2.368421052631579,8.231630181348736,0.4152902528780562,0.01420856016158573,No,No,Normal,Safe,Stable
45387.66666666666,April,276.79,92.95999999999999,1,27.7,6.39,7.91,3.98,4,4,0,1,29.1,33.9,24.1,4.75,4,6.578947368421053,2.105263157894737,8.199569025324591,0.417360158379192,0.01321745371647248,Yes,No,Normal,Safe,Stable
45387.70833333334,April,276.79,92.95999999999999,1,27.7,6.39,7.91,3.98,4,4,0,0,29.1,33.9,24.1,4.75,4,6.631578947368421,1.842105263157895,8.167507869300445,0.4194300638803278,0.01222634727135922,No,No,Normal,Safe,Stable
45387.75,April,276.79,92.95999999999999,1,27.7,6.39,7.91,3.98,4,4,0,1,29.1,33.9,24.1,4.75,4,6.684210526315789,1.578947368421053,8.135446713276298,0.4214999693814636,0.01123524082624596,Yes,No,Normal,Safe,Stable
45387.79166666666,April,276.79,92.95999999999999,1,27.7,6.39,7.91,3.98,4,4,0,0,29.1,33.9,24.1,4.75,4,6.736842105263158,1.315789473684211,8.103385557252153,0.4235698748825995,0.01024413438113271,No,No,Normal,Safe,Stable
45387.83333333334,April,276.79,92.95999999999999,1,27.7,6.39,7.91,3.98,4,4,0,0,29.1,33.9,24.1,4.75,4,6.789473684210527,1.052631578947369,8.071324401228008,0.4256397803837353,0.00925302793601945,Yes,No,Normal,Safe,Stable
45387.875,April,276.79,92.95999999999999,1,27.7,6.39,7.91,3.98,4,4,0,0,29.1,33.9,24.1,4.75,4,6.842105263157895,0.7894736842105265,8.039263245203861,0.4277096858848711,0.008261921490906193,No,No,Normal,Safe,Stable
45387.91666666666,April,276.79,92.95999999999999,1,27.7,6.39,7.91,3.98,4,4,0,1,29.1,33.9,24.1,4.75,4,6.894736842105263,0.5263157894736841,8.007202089179716,0.4297795913860069,0.007270815045792935,Yes,No,Normal,Safe,Stable
45387.95833333334,April,276.79,92.95999999999999,1,27.7,6.39,7.91,3.98,4,4,0,0,29.1,33.9,24.1,4.75,4,6.947368421052632,0.2631578947368425,7.975140933155569,0.4318494968871427,0.006279708600679678,No,No,Normal,Safe,Stable
45388,April,276.79,92.95999999999999,1,27.7,6.39,7.91,3.98,4,4,0,0,29.1,33.9,24.1,4.75,4,7,0,7.943079777131423,0.4339194023882786,0.00528860215556642,Yes,No,Normal,Safe,Stable
45388.04166666666,April,276.79,92.95999999999999,1,27.7,6.39,7.91,3.98,4,4,0,0,29.1,33.9,24.1,4.75,4,7,1,8.003630625808647,0.3541245344488253,0.1062151973949335,No,No,Normal,Safe,Stable
45388.08333333334,April,276.79,92.95999999999999,1,27.7,6.39,7.91,3.98,4,4,1,0,29.1,33.9,24.1,4.75,4,7,2,7.855631321334073,1.010105101346113,0.007696996211953207,Yes,No,Normal,Safe,Stable
45388.125,April,276.79,92.95999999999999,1,27.7,6.39,7.91,3.98,4,4,1,0,29.1,33.9,24.1,4.75,4,7,3,7.617239420093651,0.9643372192758422,0.01948599134287616,No,No,Normal,Safe,Stable
45388.16666666666,April,276.79,92.95999999999999,1,27.7,6.39,7.91,3.98,4,4,0,0,29.1,33.9,24.1,4.75,4,7,4,8.228390813750597,0.1998925392608699,0.8417686318551186,Yes,No,Normal,Safe,Stable
45388.20833333334,April,276.79,92.95999999999999,1,27.7,6.39,7.91,3.98,4,4,0,0,29.1,33.9,24.1,4.75,4,7,5,8.534522769109058,0.404471927739456,0.03721529989870587,No,No,Normal,Safe,Stable
45388.25,April,276.79,92.95999999999999,1,27.7,6.39,7.91,3.98,4,4,0,0,29.1,33.9,24.1,4.75,4,7.052631578947368,4.736842105263158,8.512179833703808,0.4051140863102221,0.03625672845508016,Yes,No,Normal,Safe,Stable
45388.29166666666,April,276.79,92.95999999999999,1,27.7,6.39,7.91,3.98,4,4,0,0,29.1,33.9,24.1,4.75,4,7.105263157894737,4.473684210526316,8.489836898298559,0.4057562448809882,0.03529815701145446,No,No,Normal,Safe,Stable
45388.33333333334,April,276.79,92.95999999999999,1,27.7,6.39,7.91,3.98,4,4,0,1,29.1,33.9,24.1,4.75,4,7.157894736842105,4.210526315789473,8.467493962893309,0.4063984034517543,0.03433958556782875,Yes,No,Normal,Safe,Stable
45388.375,April,276.79,92.95999999999999,1,27.7,6.39,7.91,3.98,4,4,0,0,29.1,33.9,24.1,4.75,4,7.210526315789473,3.947368421052632,8.445151027488061,0.4070405620225203,0.03338101412420304,No,No,Normal,Safe,Stable
45388.41666666666,April,276.79,92.95999999999999,1,27.7,6.39,7.91,3.98,4,4,0,0,29.1,33.9,24.1,4.75,4,7.263157894736842,3.684210526315789,8.422808092082811,0.4076827205932864,0.03242244268057734,Yes,No,Normal,Safe,Stable
45388.45833333334,April,276.79,92.95999999999999,1,27.7,6.39,7.91,3.98,4,4,0,0,29.1,33.9,24.1,4.75,4,7.315789473684211,3.421052631578947,8.400465156677562,0.4083248791640525,0.03146387123695164,No,No,Normal,Safe,Stable
45388.5,April,276.79,92.95999999999999,1,27.7,6.39,7.91,3.98,4,4,0,0,29.1,33.9,24.1,4.75,4,7.368421052631579,3.157894736842105,8.378122221272312,0.4089670377348186,0.03050529979332593,Yes,No,Normal,Safe,Stable
45388.54166666666,April,276.79,92.95999999999999,1,27.7,6.39,7.91,3.98,4,4,0,0,29.1,33.9,24.1,4.75,4,7.421052631578947,2.894736842105263,8.355779285867063,0.4096091963055846,0.02954672834970022,No,No,Normal,Safe,Stable
45388.58333333334,April,276.79,92.95999999999999,1,27.7,6.39,7.91,3.98,4,4,0,0,29.1,33.9,24.1,4.75,4,7.473684210526316,2.631578947368421,8.333436350461813,0.4102513548763507,0.02858815690607452,Yes,No,Normal,Safe,Stable
45388.625,April,276.79,92.95999999999999,1,27.7,6.39,7.91,3.98,4,4,1,0,29.1,33.9,24.1,4.75,4,7.526315789473684,2.368421052631579,8.311093415056565,0.4108935134471168,0.02762958546244881,No,No,Normal,Safe,Stable
45388.66666666666,April,276.79,92.95999999999999,1,27.7,6.39,7.91,3.98,4,4,0,0,29.1,33.9,24.1,4.75,4,7.578947368421053,2.105263157894737,8.288750479651315,0.4115356720178829,0.02667101401882311,Yes,No,Normal,Safe,Stable
45388.70833333334,April,276.79,92.95999999999999,1,27.7,6.39,7.91,3.98,4,4,0,1,29.1,33.9,24.1,4.75,4,7.631578947368421,1.842105263157895,8.266407544246066,0.4121778305886489,0.0257124425751974,No,No,Normal,Safe,Stable
45388.75,April,276.79,92.95999999999999,1,27.7,6.39,7.91,3.98,4,4,0,0,29.1,33.9,24.1,4.75,4,7.684210526315789,1.578947368421053,8.244064608840816,0.412819989159415,0.02475387113157169,Yes,No,Normal,Safe,Stable
45388.79166666666,April,276.79,92.95999999999999,1,27.7,6.39,7.91,3.98,4,4,0,1,29.1,33.9,24.1,4.75,4,7.736842105263158,1.315789473684211,8.221721673435567,0.4134621477301811,0.02379529968794599,No,No,Normal,Safe,Stable
45388.83333333334,April,276.79,92.95999999999999,1,27.7,6.39,7.91,3.98,4,4,0,0,29.1,33.9,24.1,4.75,4,7.789473684210527,1.052631578947369,8.199378738030317,0.4141043063009472,0.02283672824432028,Yes,No,Normal,Safe,Stable
45388.875,April,276.79,92.95999999999999,1,27.7,6.39,7.91,3.98,4,4,1,0,29.1,33.9,24.1,4.75,4,7.842105263157895,0.7894736842105265,8.177035802625069,0.4147464648717132,0.02187815680069458,No,No,Normal,Safe,Stable
45388.91666666666,April,276.79,92.95999999999999,1,27.7,6.39,7.91,3.98,4,4,0,0,29.1,33.9,24.1,4.75,4,7.894736842105263,0.5263157894736841,8.154692867219818,0.4153886234424793,0.02091958535706887,Yes,No,Normal,Safe,Stable
45388.95833333334,April,276.79,92.95999999999999,1,27.7,6.39,7.91,3.98,4,4,1,0,29.1,33.9,24.1,4.75,4,7.947368421052632,0.2631578947368425,8.13234993181457,0.4160307820132454,0.01996101391344317,No,No,Normal,Safe,Stable
45389,April,276.79,92.95999999999999,1,27.7,6.39,7.91,3.98,4,4,0,0,29.1,33.9,24.1,4.75,4,8,0,8.11000699640932,0.4166729405840115,0.01900244246981746,Yes,No,Normal,Safe,Stable
45389.04166666666,April,276.79,92.95999999999999,1,27.7,6.39,7.91,3.98,4,4,0,0,29.1,33.9,24.1,4.75,4,8,1,7.972430270275704,0.3186861825060173,0.134513529978196,No,No,Normal,Safe,Stable
45389.08333333334,April,276.79,92.95999999999999,1,27.7,6.39,7.91,3.98,4,4,1,0,29.1,33.9,24.1,4.75,4,8,2,7.907110912378544,0.9504111441421913,-0.0410935208964869,Yes,No,Normal,Safe,Stable
45389.125,April,276.79,92.95999999999999,1,27.7,6.39,7.91,3.98,4,4,0,0,29.1,33.9,24.1,4.75,4,8,3,8.026842830672152,0.4407844658973544,0.04066974306440086,No,No,Normal,Safe,Stable
45389.16666666666,April,276.79,92.95999999999999,1,27.7,6.39,7.91,3.98,4,4,0,0,29.1,33.9,24.1,4.75,4,8,4,8.225348411515094,0.2892142461779088,0.9403558784830615,Yes,No,Normal,Safe,Stable
45389.20833333334,April,276.79,92.95999999999999,1,27.7,6.39,7.91,3.98,4,4,0,0,29.1,33.9,24.1,4.75,4,8,5,7.680727003288933,0.9471249453166727,0.003862991936658518,No,No,Normal,Safe,Stable
45389.25,April,276.79,92.95999999999999,1,27.7,6.39,7.91,3.98,4,4,0,0,29.1,33.9,24.1,4.75,4,8.052631578947368,4.736842105263158,7.699906913546737,0.919409183955352,0.00541900185745805,Yes,No,Normal,Safe,Stable
45389.29166666666,April,276.79,92.95999999999999,1,27.7,6.39,7.91,3.98,4,4,0,0,29.1,33.9,24.1,4.75,4,8.105263157894736,4.473684210526316,7.719086823804542,0.8916934225940312,0.006975011778257581,No,No,Normal,Safe,Stable
45389.33333333334,April,276.79,92.95999999999999,1,27.7,6.39,7.91,3.98,4,4,0,0,29.1,33.9,24.1,4.75,4,8.157894736842104,4.210526315789473,7.738266734062347,0.8639776612327105,0.008531021699057112,Yes,No,Normal,Safe,Stable
45389.375,April,276.79,92.95999999999999,1,27.7,6.39,7.91,3.98,4,4,0,0,29.1,33.9,24.1,4.75,4,8.210526315789474,3.947368421052632,7.757446644320152,0.8362618998713898,0.01008703161985664,No,No,Normal,Safe,Stable
45389.41666666666,April,276.79,92.95999999999999,1,27.7,6.39,7.91,3.98,4,4,1,0,29.1,33.9,24.1,4.75,4,8.263157894736842,3.684210526315789,7.776626554577956,0.8085461385100691,0.01164304154065617,Yes,No,Normal,Safe,Stable
45389.45833333334,April,276.79,92.95999999999999,1,27.7,6.39,7.91,3.98,4,4,1,0,29.1,33.9,24.1,4.75,4,8.315789473684211,3.421052631578947,7.795806464835761,0.7808303771487484,0.01319905146145571,No,No,Normal,Safe,Stable
45389.5,April,276.79,92.95999999999999,1,27.7,6.39,7.91,3.98,4,4,0,0,29.1,33.9,24.1,4.75,4,8.368421052631579,3.157894736842105,7.814986375093565,0.7531146157874276,0.01475506138225524,Yes,No,Normal,Safe,Stable
45389.54166666666,April,276.79,92.95999999999999,1,27.7,6.39,7.91,3.98,4,4,0,0,29.1,33.9,24.1,4.75,4,8.421052631578947,2.894736842105263,7.834166285351371,0.7253988544261069,0.01631107130305477,No,No,Normal,Safe,Stable
45389.58333333334,April,276.79,92.95999999999999,1,27.7,6.39,7.91,3.98,4,4,0,0,29.1,33.9,24.1,4.75,4,8.473684210526315,2.631578947368421,7.853346195609175,0.6976830930647862,0.0178670812238543,Yes,No,Normal,Safe,Stable
45389.625,April,276.79,92.95999999999999,1,27.7,6.39,7.91,3.98,4,4,1,0,29.1,33.9,24.1,4.75,4,8.526315789473685,2.368421052631579,7.87252610586698,0.6699673317034653,0.01942309114465383,No,No,Normal,Safe,Stable
45389.66666666666,April,276.79,92.95999999999999,1,27.7,6.39,7.91,3.98,4,4,0,0,29.1,33.9,24.1,4.75,4,8.578947368421053,2.105263157894737,7.891706016124784,0.6422515703421446,0.02097910106545336,Yes,No,Normal,Safe,Stable
45389.70833333334,April,276.79,92.95999999999999,1,27.7,6.39,7.91,3.98,4,4,0,0,29.1,33.9,24.1,4.75,4,8.631578947368421,1.842105263157895,7.91088592638259,0.6145358089808239,0.0225351109862529,No,No,Normal,Safe,Stable
45389.75,April,276.79,92.95999999999999,1,27.7,6.39,7.91,3.98,4,4,1,0,29.1,33.9,24.1,4.75,4,8.684210526315789,1.578947368421053,7.930065836640394,0.5868200476195032,0.02409112090705243,Yes,No,Normal,Safe,Stable
45389.79166666666,April,276.79,92.95999999999999,1,27.7,6.39,7.91,3.98,4,4,0,0,29.1,33.9,24.1,4.75,4,8.736842105263158,1.315789473684211,7.949245746898199,0.5591042862581825,0.02564713082785196,No,No,Normal,Safe,Stable
45389.83333333334,April,276.79,92.95999999999999,1,27.7,6.39,7.91,3.98,4,4,0,0,29.1,33.9,24.1,4.75,4,8.789473684210526,1.052631578947369,7.968425657156003,0.5313885248968617,0.02720314074865149,Yes,No,Normal,Safe,Stable
45389.875,April,276.79,92.95999999999999,1,27.7,6.39,7.91,3.98,4,4,0,0,29.1,33.9,24.1,4.75,4,8.842105263157894,0.7894736842105265,7.987605567413808,0.503672763535541,0.02875915066945102,No,No,Normal,Safe,Stable
45389.91666666666,April,276.79,92.95999999999999,1,27.7,6.39,7.91,3.98,4,4,0,1,29.1,33.9,24.1,4.75,4,8.894736842105264,0.5263157894736841,8.006785477671613,0.4759570021742203,0.03031516059025055,Yes,No,Normal,Safe,Stable
45389.95833333334,April,276.79,92.95999999999999,1,27.7,6.39,7.91,3.98,4,4,1,0,29.1,33.9,24.1,4.75,4,8.947368421052632,0.2631578947368425,8.025965387929418,0.4482412408128996,0.03187117051105008,No,No,Normal,Safe,Stable
45390,April,276.79,92.95999999999999,1,27.7,6.39,7.91,3.98,4,4,0,0,29.1,33.9,24.1,4.75,4,9,0,8.045145298187222,0.4205254794515788,0.03342718043184961,Yes,No,Normal,Safe,Stable
45390.04166666666,April,276.79,92.95999999999999,1,27.7,6.39,7.91,3.98,4,4,0,0,29.1,33.9,24.1,4.75,4,9,1,8.144082261180698,0.3389770675314515,0.1076737693562101,No,No,Normal,Safe,Stable
45390.08333333334,April,276.79,92.95999999999999,1,27.7,6.39,7.91,3.98,4,4,0,0,29.1,33.9,24.1,4.75,4,9,2,7.894047197146373,0.9441731700903494,0.002757444996830665,Yes,No,Normal,Safe,Stable
45390.125,April,276.79,92.95999999999999,1,27.7,6.39,7.91,3.98,4,4,0,0,29.1,33.9,24.1,4.75,4,9,3,8.148479354781395,0.9779637178033097,-0.0303506917104611,No,No,Normal,Safe,Stable
45390.16666666666,April,276.79,92.95999999999999,1,27.7,6.39,7.91,3.98,4,4,0,1,29.1,33.9,24.1,4.75,4,9,4,8.900171159113427,0.2079373806674882,0.9648423501773149,Yes,No,Normal,Safe,Stable
45390.20833333334,April,276.79,92.95999999999999,1,27.7,6.39,7.91,3.98,4,4,1,1,29.1,33.9,24.1,4.75,4,9,5,8.286132393333762,0.3812364406624046,0.02569480205562553,No,No,Normal,Safe,Stable
45390.25,April,276.79,92.95999999999999,1,27.7,6.39,7.91,3.98,4,4,0,0,29.1,33.9,24.1,4.75,4,9.052631578947368,4.736842105263158,8.288466171603099,0.382325304573806,0.02521980502708832,Yes,No,Normal,Safe,Stable
45390.29166666666,April,276.79,92.95999999999999,1,27.7,6.39,7.91,3.98,4,4,0,0,29.1,33.9,24.1,4.75,4,9.105263157894736,4.473684210526316,8.290799949872437,0.3834141684852074,0.0247448079985511,No,No,Normal,Safe,Stable
45390.33333333334,April,276.79,92.95999999999999,1,27.7,6.39,7.91,3.98,4,4,0,0,29.1,33.9,24.1,4.75,4,9.157894736842104,4.210526315789473,8.293133728141772,0.3845030323966089,0.02426981097001389,Yes,No,Normal,Safe,Stable
45390.375,April,276.79,92.95999999999999,1,27.7,6.39,7.91,3.98,4,4,0,0,29.1,33.9,24.1,4.75,4,9.210526315789474,3.947368421052632,8.295467506411109,0.3855918963080103,0.02379481394147667,No,No,Normal,Safe,Stable
45390.41666666666,April,276.79,92.95999999999999,1,27.7,6.39,7.91,3.98,4,4,1,0,29.1,33.9,24.1,4.75,4,9.263157894736842,3.684210526315789,8.297801284680446,0.3866807602194117,0.02331981691293946,Yes,No,Normal,Safe,Stable
45390.45833333334,April,276.79,92.95999999999999,1,27.7,6.39,7.91,3.98,4,4,0,0,29.1,33.9,24.1,4.75,4,9.315789473684211,3.421052631578947,8.300135062949783,0.3877696241308131,0.02284481988440224,No,No,Normal,Safe,Stable
45390.5,April,276.79,92.95999999999999,1,27.7,6.39,7.91,3.98,4,4,0,0,29.1,33.9,24.1,4.75,4,9.368421052631579,3.157894736842105,8.30246884121912,0.3888584880422146,0.02236982285586503,Yes,No,Normal,Safe,Stable
45390.54166666666,April,276.79,92.95999999999999,1,27.7,6.39,7.91,3.98,4,4,0,0,29.1,33.9,24.1,4.75,4,9.421052631578947,2.894736842105263,8.304802619488456,0.389947351953616,0.02189482582732781,No,No,Normal,Safe,Stable
45390.58333333334,April,276.79,92.95999999999999,1,27.7,6.39,7.91,3.98,4,4,0,0,29.1,33.9,24.1,4.75,4,9.473684210526315,2.631578947368421,8.307136397757793,0.3910362158650174,0.0214198287987906,Yes,No,Normal,Safe,Stable
45390.625,April,276.79,92.95999999999999,1,27.7,6.39,7.91,3.98,4,4,1,0,29.1,33.9,24.1,4.75,4,9.526315789473685,2.368421052631579,8.30947017602713,0.3921250797764189,0.02094483177025338,No,No,Normal,Safe,Stable
45390.66666666666,April,276.79,92.95999999999999,1,27.7,6.39,7.91,3.98,4,4,0,0,29.1,33.9,24.1,4.75,4,9.578947368421053,2.105263157894737,8.311803954296467,0.3932139436878203,0.02046983474171617,Yes,No,Normal,Safe,Stable
45390.70833333334,April,276.79,92.95999999999999,1,27.7,6.39,7.91,3.98,4,4,0,0,29.1,33.9,24.1,4.75,4,9.631578947368421,1.842105263157895,8.314137732565802,0.3943028075992217,0.01999483771317895,No,No,Normal,Safe,Stable
45390.75,April,276.79,92.95999999999999,1,27.7,6.39,7.91,3.98,4,4,0,0,29.1,33.9,24.1,4.75,4,9.684210526315789,1.578947368421053,8.316471510835139,0.3953916715106232,0.01951984068464174,Yes,No,Normal,Safe,Stable
45390.79166666666,April,276.79,92.95999999999999,1,27.7,6.39,7.91,3.98,4,4,1,0,29.1,33.9,24.1,4.75,4,9.736842105263158,1.315789473684211,8.318805289104477,0.3964805354220245,0.01904484365610452,No,No,Normal,Safe,Stable
45390.83333333334,April,276.79,92.95999999999999,1,27.7,6.39,7.91,3.98,4,4,0,0,29.1,33.9,24.1,4.75,4,9.789473684210526,1.052631578947369,8.321139067373814,0.397569399333426,0.01856984662756731,Yes,No,Normal,Safe,Stable
45390.875,April,276.79,92.95999999999999,1,27.7,6.39,7.91,3.98,4,4,1,0,29.1,33.9,24.1,4.75,4,9.842105263157894,0.7894736842105265,8.323472845643151,0.3986582632448274,0.01809484959903009,No,No,Normal,Safe,Stable
45390.91666666666,April,276.79,92.95999999999999,1,27.7,6.39,7.91,3.98,4,4,1,0,29.1,33.9,24.1,4.75,4,9.894736842105264,0.5263157894736841,8.325806623912486,0.3997471271562288,0.01761985257049288,Yes,No,Normal,Safe,Stable
45390.95833333334,April,276.79,92.95999999999999,1,27.7,6.39,7.91,3.98,4,4,0,0,29.1,33.9,24.1,4.75,4,9.947368421052632,0.2631578947368425,8.328140402181823,0.4008359910676302,0.01714485554195566,No,No,Normal,Safe,Stable
45391,April,276.79,92.95999999999999,1,27.7,6.39,7.91,3.98,4,4,0,0,29.1,33.9,24.1,4.75,4,10,0,8.33047418045116,0.4019248549790317,0.01666985851341845,Yes,No,Normal,Safe,Stable
45391.04166666666,April,276.79,92.95999999999999,1,27.7,6.39,7.91,3.98,4,4,0,0,29.1,33.9,24.1,4.75,4,10,1,8.312118553245966,0.3221039260848154,0.1338790006803958,No,No,Normal,Safe,Stable
45391.08333333334,April,276.79,92.95999999999999,1,27.7,6.39,7.91,3.98,4,4,0,0,29.1,33.9,24.1,4.75,4,10,2,8.227707307352404,0.2926524868692243,0.5224786476600165,Yes,No,Normal,Safe,Stable
45391.125,April,276.79,92.95999999999999,1,27.7,6.39,7.91,3.98,4,4,0,0,29.1,33.9,24.1,4.75,4,10,3,7.907413334370462,0.3233903210549463,0.8454416690585222,No,No,Normal,Safe,Stable
45391.16666666666,April,276.79,92.95999999999999,1,27.7,6.39,7.91,3.98,4,4,0,0,29.1,33.9,24.1,4.75,4,10,4,7.886980322704791,0.96118035625555,0.01388191670016782,Yes,No,Normal,Safe,Stable
45391.20833333334,April,276.79,92.95999999999999,1,27.7,6.39,7.91,3.98,4,4,0,0,29.1,33.9,24.1,4.75,4,10,5,8.587390758237619,0.3977286094425029,-0.00573011908319203,No,No,Normal,Safe,Stable
45391.25,April,276.79,92.95999999999999,1,27.7,6.39,7.91,3.98,4,4,0,0,29.1,33.9,24.1,4.75,4,10.05263157894737,4.736842105263158,8.534584939808763,0.4265836694063895,-0.004666042767970753,Yes,No,Normal,Safe,Stable
45391.29166666666,April,276.79,92.95999999999999,1,27.7,6.39,7.91,3.98,4,4,0,0,29.1,33.9,24.1,4.75,4,10.10526315789474,4.473684210526316,8.481779121379905,0.4554387293702761,-0.003601966452749477,No,No,Normal,Safe,Stable
45391.33333333334,April,276.79,92.95999999999999,1,27.7,6.39,7.91,3.98,4,4,1,0,29.1,33.9,24.1,4.75,4,10.1578947368421,4.210526315789473,8.428973302951048,0.4842937893341628,-0.0025378901375282,Yes,No,Normal,Safe,Stable
45391.375,April,276.79,92.95999999999999,1,27.7,6.39,7.91,3.98,4,4,1,1,29.1,33.9,24.1,4.75,4,10.21052631578947,3.947368421052632,8.376167484522192,0.5131488492980494,-0.001473813822306923,No,No,Normal,Safe,Stable
45391.41666666666,April,276.79,92.95999999999999,1,27.7,6.39,7.91,3.98,4,4,0,0,29.1,33.9,24.1,4.75,4,10.26315789473684,3.684210526315789,8.323361666093335,0.542003909261936,-0.0004097375070856463,Yes,No,Normal,Safe,Stable
45391.45833333334,April,276.79,92.95999999999999,1,27.7,6.39,7.91,3.98,4,4,0,0,29.1,33.9,24.1,4.75,4,10.31578947368421,3.421052631578947,8.270555847664477,0.5708589692258227,0.0006543388081356304,No,No,Normal,Safe,Stable
45391.5,April,276.79,92.95999999999999,1,27.7,6.39,7.91,3.98,4,4,0,0,29.1,33.9,24.1,4.75,4,10.36842105263158,3.157894736842105,8.217750029235621,0.5997140291897093,0.001718415123356907,Yes,No,Normal,Safe,Stable
45391.54166666666,April,276.79,92.95999999999999,1,27.7,6.39,7.91,3.98,4,4,0,0,29.1,33.9,24.1,4.75,4,10.42105263157895,2.894736842105263,8.164944210806764,0.628569089153596,0.002782491438578184,No,No,Normal,Safe,Stable
45391.58333333334,April,276.79,92.95999999999999,1,27.7,6.39,7.91,3.98,4,4,1,0,29.1,33.9,24.1,4.75,4,10.47368421052632,2.631578947368421,8.112138392377908,0.6574241491174826,0.003846567753799461,Yes,No,Normal,Safe,Stable
45391.625,April,276.79,92.95999999999999,1,27.7,6.39,7.91,3.98,4,4,0,0,29.1,33.9,24.1,4.75,4,10.52631578947368,2.368421052631579,8.05933257394905,0.6862792090813692,0.004910644069020738,No,No,Normal,Safe,Stable
45391.66666666666,April,276.79,92.95999999999999,1,27.7,6.39,7.91,3.98,4,4,1,0,29.1,33.9,24.1,4.75,4,10.57894736842105,2.105263157894737,8.006526755520193,0.7151342690452558,0.005974720384242014,Yes,No,Normal,Safe,Stable
45391.70833333334,April,276.79,92.95999999999999,1,27.7,6.39,7.91,3.98,4,4,0,1,29.1,33.9,24.1,4.75,4,10.63157894736842,1.842105263157895,7.953720937091337,0.7439893290091425,0.007038796699463291,No,No,Normal,Safe,Stable
45391.75,April,276.79,92.95999999999999,1,27.7,6.39,7.91,3.98,4,4,0,0,29.1,33.9,24.1,4.75,4,10.68421052631579,1.578947368421053,7.900915118662479,0.7728443889730291,0.008102873014684568,Yes,No,Normal,Safe,Stable
45391.79166666666,April,276.79,92.95999999999999,1,27.7,6.39,7.91,3.98,4,4,0,0,29.1,33.9,24.1,4.75,4,10.73684210526316,1.315789473684211,7.848109300233623,0.8016994489369158,0.009166949329905845,No,No,Normal,Safe,Stable
45391.83333333334,April,276.79,92.95999999999999,1,27.7,6.39,7.91,3.98,4,4,0,0,29.1,33.9,24.1,4.75,4,10.78947368421053,1.052631578947369,7.795303481804766,0.8305545089008024,0.01023102564512712,Yes,No,Normal,Safe,Stable
45391.875,April,276.79,92.95999999999999,1,27.7,6.39,7.91,3.98,4,4,0,0,29.1,33.9,24.1,4.75,4,10.84210526315789,0.7894736842105265,7.742497663375909,0.859409568864689,0.0112951019603484,No,No,Normal,Safe,Stable
45391.91666666666,April,276.79,92.95999999999999,1,27.7,6.39,7.91,3.98,4,4,1,0,29.1,33.9,24.1,4.75,4,10.89473684210526,0.5263157894736841,7.689691844947052,0.8882646288285756,0.01235917827556967,Yes,No,Normal,Safe,Stable
45391.95833333334,April,276.79,92.95999999999999,1,27.7,6.39,7.91,3.98,4,4,0,0,29.1,33.9,24.1,4.75,4,10.94736842105263,0.2631578947368425,7.636886026518195,0.9171196887924623,0.01342325459079095,No,No,Normal,Safe,Stable
45392,April,276.79,92.95999999999999,1,27.7,6.39,7.91,3.98,4,4,0,0,29.1,33.9,24.1,4.75,4,11,0,7.584080208089338,0.9459747487563489,0.01448733090601223,Yes,No,Normal,Safe,Stable
45392.04166666666,April,276.79,92.95999999999999,1,27.7,6.39,7.91,3.98,4,4,0,1,29.1,33.9,24.1,4.75,4,11,1,8.453292710257326,0.3145588586860948,0.1573609674667377,No,No,Normal,Safe,Stable
45392.08333333334,April,276.79,92.95999999999999,1,27.7,6.39,7.91,3.98,4,4,0,0,29.1,33.9,24.1,4.75,4,11,2,8.012247154632698,0.9476136555805285,-0.006896400494637647,Yes,No,Normal,Safe,Stable
45392.125,April,276.79,92.95999999999999,1,27.7,6.39,7.91,3.98,4,4,1,1,29.1,33.9,24.1,4.75,4,11,3,8.426140360321815,0.2654343143645594,0.9887659605558033,No,No,Normal,Safe,Stable
45392.16666666666,April,276.79,92.95999999999999,1,27.7,6.39,7.91,3.98,4,4,0,0,29.1,33.9,24.1,4.75,4,11,4,7.620014441194708,0.9748584617162538,0.01023415361915978,Yes,No,Normal,Safe,Stable
45392.20833333334,April,276.79,92.95999999999999,1,27.7,6.39,7.91,3.98,4,4,0,0,29.1,33.9,24.1,4.75,4,11,5,8.279411804083756,0.3603555971247325,-0.008410748771126851,No,No,Normal,Safe,Stable
45392.25,April,276.79,92.95999999999999,1,27.7,6.39,7.91,3.98,4,4,1,0,29.1,33.9,24.1,4.75,4,11.05263157894737,4.736842105263158,8.274462647566132,0.3629641880598934,-0.005958498510871824,Yes,No,Normal,Safe,Stable
45392.29166666666,April,276.79,92.95999999999999,1,27.7,6.39,7.91,3.98,4,4,0,1,29.1,33.9,24.1,4.75,4,11.10526315789474,4.473684210526316,8.269513491048507,0.3655727789950545,-0.003506248250616796,No,No,Normal,Safe,Stable
45392.33333333334,April,276.79,92.95999999999999,1,27.7,6.39,7.91,3.98,4,4,0,0,29.1,33.9,24.1,4.75,4,11.1578947368421,4.210526315789473,8.264564334530883,0.3681813699302154,-0.001053997990361768,Yes,No,Normal,Safe,Stable
45392.375,April,276.79,92.95999999999999,1,27.7,6.39,7.91,3.98,4,4,0,0,29.1,33.9,24.1,4.75,4,11.21052631578947,3.947368421052632,8.259615178013259,0.3707899608653764,0.00139825226989326,No,No,Normal,Safe,Stable
45392.41666666666,April,276.79,92.95999999999999,1,27.7,6.39,7.91,3.98,4,4,0,0,29.1,33.9,24.1,4.75,4,11.26315789473684,3.684210526315789,8.254666021495636,0.3733985518005374,0.003850502530148287,Yes,No,Normal,Safe,Stable
45392.45833333334,April,276.79,92.95999999999999,1,27.7,6.39,7.91,3.98,4,4,1,0,29.1,33.9,24.1,4.75,4,11.31578947368421,3.421052631578947,8.24971686497801,0.3760071427356984,0.006302752790403316,No,No,Normal,Safe,Stable
45392.5,April,276.79,92.95999999999999,1,27.7,6.39,7.91,3.98,4,4,1,0,29.1,33.9,24.1,4.75,4,11.36842105263158,3.157894736842105,8.244767708460387,0.3786157336708594,0.008755003050658341,Yes,No,Normal,Safe,Stable
45392.54166666666,April,276.79,92.95999999999999,1,27.7,6.39,7.91,3.98,4,4,1,0,29.1,33.9,24.1,4.75,4,11.42105263157895,2.894736842105263,8.239818551942763,0.3812243246060203,0.01120725331091337,No,No,Normal,Safe,Stable
45392.58333333334,April,276.79,92.95999999999999,1,27.7,6.39,7.91,3.98,4,4,0,0,29.1,33.9,24.1,4.75,4,11.47368421052632,2.631578947368421,8.23486939542514,0.3838329155411813,0.0136595035711684,Yes,No,Normal,Safe,Stable
45392.625,April,276.79,92.95999999999999,1,27.7,6.39,7.91,3.98,4,4,0,1,29.1,33.9,24.1,4.75,4,11.52631578947368,2.368421052631579,8.229920238907514,0.3864415064763423,0.01611175383142342,No,No,Normal,Safe,Stable
45392.66666666666,April,276.79,92.95999999999999,1,27.7,6.39,7.91,3.98,4,4,1,0,29.1,33.9,24.1,4.75,4,11.57894736842105,2.105263157894737,8.22497108238989,0.3890500974115033,0.01856400409167845,Yes,No,Normal,Safe,Stable
45392.70833333334,April,276.79,92.95999999999999,1,27.7,6.39,7.91,3.98,4,4,0,0,29.1,33.9,24.1,4.75,4,11.63157894736842,1.842105263157895,8.220021925872267,0.3916586883466643,0.02101625435193348,No,No,Normal,Safe,Stable
45392.75,April,276.79,92.95999999999999,1,27.7,6.39,7.91,3.98,4,4,1,0,29.1,33.9,24.1,4.75,4,11.68421052631579,1.578947368421053,8.215072769354643,0.3942672792818253,0.02346850461218851,Yes,No,Normal,Safe,Stable
45392.79166666666,April,276.79,92.95999999999999,1,27.7,6.39,7.91,3.98,4,4,0,0,29.1,33.9,24.1,4.75,4,11.73684210526316,1.315789473684211,8.210123612837018,0.3968758702169863,0.02592075487244353,No,No,Normal,Safe,Stable
45392.83333333334,April,276.79,92.95999999999999,1,27.7,6.39,7.91,3.98,4,4,0,0,29.1,33.9,24.1,4.75,4,11.78947368421053,1.052631578947369,8.205174456319394,0.3994844611521473,0.02837300513269856,Yes,No,Normal,Safe,Stable
45392.875,April,276.79,92.95999999999999,1,27.7,6.39,7.91,3.98,4,4,0,0,29.1,33.9,24.1,4.75,4,11.84210526315789,0.7894736842105265,8.200225299801771,0.4020930520873082,0.03082525539295359,No,No,Normal,Safe,Stable
45392.91666666666,April,276.79,92.95999999999999,1,27.7,6.39,7.91,3.98,4,4,1,0,29.1,33.9,24.1,4.75,4,11.89473684210526,0.5263157894736841,8.195276143284147,0.4047016430224692,0.03327750565320862,Yes,No,Normal,Safe,Stable
45392.95833333334,April,276.79,92.95999999999999,1,27.7,6.39,7.91,3.98,4,4,1,0,29.1,33.9,24.1,4.75,4,11.94736842105263,0.2631578947368425,8.190326986766522,0.4073102339576302,0.03572975591346365,No,No,Normal,Safe,Stable
45393,April,276.79,92.95999999999999,1,27.7,6.39,7.91,3.98,4,4,0,0,29.1,33.9,24.1,4.75,4,12,0,8.185377830248898,0.4099188248927912,0.03818200617371867,Yes,No,Normal,Safe,Stable
45393.04166666666,April,276.79,92.95999999999999,1,27.7,6.39,7.91,3.98,4,4,1,0,29.1,33.9,24.1,4.75,4,12,1,8.47518573979821,0.3220738332559857,0.1603454637162439,No,No,Normal,Safe,Stable
45393.08333333334,April,276.79,92.95999999999999,1,27.7,6.39,7.91,3.98,4,4,0,1,29.1,33.9,24.1,4.75,4,12,2,8.080915022808062,0.9784822450121531,0.0189224398391955,Yes,No,Normal,Safe,Stable
45393.125,April,276.79,92.95999999999999,1,27.7,6.39,7.91,3.98,4,4,0,1,29.1,33.9,24.1,4.75,4,12,3,8.214497205955807,0.1945388597993351,0.8687066993713197,No,No,Normal,Safe,Stable
45393.16666666666,April,276.79,92.95999999999999,1,27.7,6.39,7.91,3.98,4,4,0,0,29.1,33.9,24.1,4.75,4,12,4,8.34542373100663,0.3025119194894941,0.9196694525381263,Yes,No,Normal,Safe,Stable
45393.20833333334,April,276.79,92.95999999999999,1,27.7,6.39,7.91,3.98,4,4,0,0,29.1,33.9,24.1,4.75,4,12,5,8.327052419470704,0.4006386078790476,0.009404057732235252,No,No,Normal,Safe,Stable
45393.25,April,276.79,92.95999999999999,1,27.7,6.39,7.91,3.98,4,4,0,0,29.1,33.9,24.1,4.75,4,12.05263157894737,4.736842105263158,8.325956419917345,0.4015891609832322,0.008737369149292042,Yes,No,Normal,Safe,Stable
45393.29166666666,April,276.79,92.95999999999999,1,27.7,6.39,7.91,3.98,4,4,0,0,29.1,33.9,24.1,4.75,4,12.10526315789474,4.473684210526316,8.324860420363986,0.4025397140874168,0.008070680566348831,No,No,Normal,Safe,Stable
45393.33333333334,April,276.79,92.95999999999999,1,27.7,6.39,7.91,3.98,4,4,0,0,29.1,33.9,24.1,4.75,4,12.1578947368421,4.210526315789473,8.323764420810628,0.4034902671916015,0.00740399198340562,Yes,No,Normal,Safe,Stable
45393.375,April,276.79,92.95999999999999,1,27.7,6.39,7.91,3.98,4,4,0,0,29.1,33.9,24.1,4.75,4,12.21052631578947,3.947368421052632,8.322668421257269,0.4044408202957861,0.00673730340046241,No,No,Normal,Safe,Stable
45393.41666666666,April,276.79,92.95999999999999,1,27.7,6.39,7.91,3.98,4,4,0,0,29.1,33.9,24.1,4.75,4,12.26315789473684,3.684210526315789,8.321572421703909,0.4053913733999707,0.006070614817519199,Yes,No,Normal,Safe,Stable
45393.45833333334,April,276.79,92.95999999999999,1,27.7,6.39,7.91,3.98,4,4,0,0,29.1,33.9,24.1,4.75,4,12.31578947368421,3.421052631578947,8.32047642215055,0.4063419265041553,0.005403926234575989,No,No,Normal,Safe,Stable
45393.5,April,276.79,92.95999999999999,1,27.7,6.39,7.91,3.98,4,4,0,0,29.1,33.9,24.1,4.75,4,12.36842105263158,3.157894736842105,8.319380422597192,0.40729247960834,0.004737237651632778,Yes,No,Normal,Safe,Stable
45393.54166666666,April,276.79,92.95999999999999,1,27.7,6.39,7.91,3.98,4,4,0,0,29.1,33.9,24.1,4.75,4,12.42105263157895,2.894736842105263,8.318284423043833,0.4082430327125246,0.004070549068689568,No,No,Normal,Safe,Stable
45393.58333333334,April,276.79,92.95999999999999,1,27.7,6.39,7.91,3.98,4,4,0,0,29.1,33.9,24.1,4.75,4,12.47368421052632,2.631578947368421,8.317188423490474,0.4091935858167092,0.003403860485746357,Yes,No,Normal,Safe,Stable
45393.625,April,276.79,92.95999999999999,1,27.7,6.39,7.91,3.98,4,4,0,1,29.1,33.9,24.1,4.75,4,12.52631578947368,2.368421052631579,8.316092423937116,0.4101441389208939,0.002737171902803147,No,No,Normal,Safe,Stable
45393.66666666666,April,276.79,92.95999999999999,1,27.7,6.39,7.91,3.98,4,4,0,0,29.1,33.9,24.1,4.75,4,12.57894736842105,2.105263157894737,8.314996424383757,0.4110946920250785,0.002070483319859936,Yes,No,Normal,Safe,Stable
45393.70833333334,April,276.79,92.95999999999999,1,27.7,6.39,7.91,3.98,4,4,0,1,29.1,33.9,24.1,4.75,4,12.63157894736842,1.842105263157895,8.313900424830399,0.4120452451292631,0.001403794736916725,No,No,Normal,Safe,Stable
45393.75,April,276.79,92.95999999999999,1,27.7,6.39,7.91,3.98,4,4,0,0,29.1,33.9,24.1,4.75,4,12.68421052631579,1.578947368421053,8.31280442527704,0.4129957982334477,0.0007371061539735158,Yes,No,Normal,Safe,Stable
45393.79166666666,April,276.79,92.95999999999999,1,27.7,6.39,7.91,3.98,4,4,1,0,29.1,33.9,24.1,4.75,4,12.73684210526316,1.315789473684211,8.311708425723682,0.4139463513376324,7.041757103030434E-05,No,No,Normal,Safe,Stable
45393.83333333334,April,276.79,92.95999999999999,1,27.7,6.39,7.91,3.98,4,4,1,0,29.1,33.9,24.1,4.75,4,12.78947368421053,1.052631578947369,8.310612426170321,0.414896904441817,-0.0005962710119129071,Yes,No,Normal,Safe,Stable
45393.875,April,276.79,92.95999999999999,1,27.7,6.39,7.91,3.98,4,4,0,0,29.1,33.9,24.1,4.75,4,12.84210526315789,0.7894736842105265,8.309516426616963,0.4158474575460016,-0.001262959594856117,No,No,Normal,Safe,Stable
45393.91666666666,April,276.79,92.95999999999999,1,27.7,6.39,7.91,3.98,4,4,0,0,29.1,33.9,24.1,4.75,4,12.89473684210526,0.5263157894736841,8.308420427063604,0.4167980106501862,-0.001929648177799326,Yes,No,Normal,Safe,Stable
45393.95833333334,April,276.79,92.95999999999999,1,27.7,6.39,7.91,3.98,4,4,1,0,29.1,33.9,24.1,4.75,4,12.94736842105263,0.2631578947368425,8.307324427510245,0.4177485637543709,-0.002596336760742538,No,No,Normal,Safe,Stable
45394,April,276.79,92.95999999999999,1,27.7,6.39,7.91,3.98,4,4,0,1,29.1,33.9,24.1,4.75,4,13,0,8.306228427956887,0.4186991168585555,-0.003263025343685748,Yes,No,Normal,Safe,Stable
45394.04166666666,April,276.79,92.95999999999999,1,27.7,6.39,7.91,3.98,4,4,0,0,29.1,33.9,24.1,4.75,4,13,1,8.171703070211295,0.3230300685919455,0.0977498419458441,No,No,Normal,Safe,Stable
45394.08333333334,April,276.79,92.95999999999999,1,27.7,6.39,7.91,3.98,4,4,0,0,29.1,33.9,24.1,4.75,4,13,2,8.11007623184218,0.9381252125501826,-0.00174031927778522,Yes,No,Normal,Safe,Stable
45394.125,April,276.79,92.95999999999999,1,27.7,6.39,7.91,3.98,4,4,0,1,29.1,33.9,24.1,4.75,4,13,3,7.996710348611462,0.9642213294403672,0.006819586812927509,No,No,Normal,Safe,Stable
45394.16666666666,April,276.79,92.95999999999999,1,27.7,6.39,7.91,3.98,4,4,0,0,29.1,33.9,24.1,4.75,4,13,4,8.153839847517963,0.2812137195522501,0.8503899963318682,Yes,No,Normal,Safe,Stable
45394.20833333334,April,276.79,92.95999999999999,1,27.7,6.39,7.91,3.98,4,4,1,0,29.1,33.9,24.1,4.75,4,13,5,8.597984395674906,0.3528277341967062,0.05433604477683369,No,No,Normal,Safe,Stable
45394.25,April,276.79,92.95999999999999,1,27.7,6.39,7.91,3.98,4,4,0,0,29.1,33.9,24.1,4.75,4,13.05263157894737,4.736842105263158,8.562371908171007,0.3533363004723287,0.05114001840101458,Yes,No,Normal,Safe,Stable
45394.29166666666,April,276.79,92.95999999999999,1,27.7,6.39,7.91,3.98,4,4,0,0,29.1,33.9,24.1,4.75,4,13.10526315789474,4.473684210526316,8.526759420667108,0.3538448667479513,0.04794399202519547,No,No,Normal,Safe,Stable
45394.33333333334,April,276.79,92.95999999999999,1,27.7,6.39,7.91,3.98,4,4,0,0,29.1,33.9,24.1,4.75,4,13.1578947368421,4.210526315789473,8.491146933163209,0.3543534330235738,0.04474796564937636,Yes,No,Normal,Safe,Stable
45394.375,April,276.79,92.95999999999999,1,27.7,6.39,7.91,3.98,4,4,0,0,29.1,33.9,24.1,4.75,4,13.21052631578947,3.947368421052632,8.45553444565931,0.3548619992991964,0.04155193927355726,No,No,Normal,Safe,Stable
45394.41666666666,April,276.79,92.95999999999999,1,27.7,6.39,7.91,3.98,4,4,1,0,29.1,33.9,24.1,4.75,4,13.26315789473684,3.684210526315789,8.419921958155411,0.3553705655748189,0.03835591289773815,Yes,No,Normal,Safe,Stable
45394.45833333334,April,276.79,92.95999999999999,1,27.7,6.39,7.91,3.98,4,4,0,0,29.1,33.9,24.1,4.75,4,13.31578947368421,3.421052631578947,8.384309470651512,0.3558791318504415,0.03515988652191904,No,No,Normal,Safe,Stable
45394.5,April,276.79,92.95999999999999,1,27.7,6.39,7.91,3.98,4,4,0,0,29.1,33.9,24.1,4.75,4,13.36842105263158,3.157894736842105,8.348696983147613,0.356387698126064,0.03196386014609993,Yes,No,Normal,Safe,Stable
45394.54166666666,April,276.79,92.95999999999999,1,27.7,6.39,7.91,3.98,4,4,0,1,29.1,33.9,24.1,4.75,4,13.42105263157895,2.894736842105263,8.313084495643714,0.3568962644016865,0.02876783377028082,No,No,Normal,Safe,Stable
45394.58333333334,April,276.79,92.95999999999999,1,27.7,6.39,7.91,3.98,4,4,0,0,29.1,33.9,24.1,4.75,4,13.47368421052632,2.631578947368421,8.277472008139815,0.357404830677309,0.02557180739446171,Yes,No,Normal,Safe,Stable
45394.625,April,276.79,92.95999999999999,1,27.7,6.39,7.91,3.98,4,4,0,0,29.1,33.9,24.1,4.75,4,13.52631578947368,2.368421052631579,8.241859520635916,0.3579133969529316,0.02237578101864261,No,No,Normal,Safe,Stable
45394.66666666666,April,276.79,92.95999999999999,1,27.7,6.39,7.91,3.98,4,4,0,0,29.1,33.9,24.1,4.75,4,13.57894736842105,2.105263157894737,8.206247033132017,0.3584219632285541,0.0191797546428235,Yes,No,Normal,Safe,Stable
45394.70833333334,April,276.79,92.95999999999999,1,27.7,6.39,7.91,3.98,4,4,1,0,29.1,33.9,24.1,4.75,4,13.63157894736842,1.842105263157895,8.170634545628118,0.3589305295041766,0.01598372826700439,No,No,Normal,Safe,Stable
45394.75,April,276.79,92.95999999999999,1,27.7,6.39,7.91,3.98,4,4,0,0,29.1,33.9,24.1,4.75,4,13.68421052631579,1.578947368421053,8.135022058124219,0.3594390957797992,0.01278770189118528,Yes,No,Normal,Safe,Stable
45394.79166666666,April,276.79,92.95999999999999,1,27.7,6.39,7.91,3.98,4,4,1,0,29.1,33.9,24.1,4.75,4,13.73684210526316,1.315789473684211,8.09940957062032,0.3599476620554217,0.009591675515366174,No,No,Normal,Safe,Stable
45394.83333333334,April,276.79,92.95999999999999,1,27.7,6.39,7.91,3.98,4,4,0,0,29.1,33.9,24.1,4.75,4,13.78947368421053,1.052631578947369,8.063797083116421,0.3604562283310442,0.006395649139547065,Yes,No,Normal,Safe,Stable
45394.875,April,276.79,92.95999999999999,1,27.7,6.39,7.91,3.98,4,4,0,0,29.1,33.9,24.1,4.75,4,13.84210526315789,0.7894736842105265,8.028184595612522,0.3609647946066668,0.003199622763727955,No,No,Normal,Safe,Stable
45394.91666666666,April,276.79,92.95999999999999,1,27.7,6.39,7.91,3.98,4,4,0,0,29.1,33.9,24.1,4.75,4,13.89473684210526,0.5263157894736841,7.992572108108623,0.3614733608822893,3.596387908845478E-06,Yes,No,Normal,Safe,Stable
45394.95833333334,April,276.79,92.95999999999999,1,27.7,6.39,7.91,3.98,4,4,0,0,29.1,33.9,24.1,4.75,4,13.94736842105263,0.2631578947368425,7.956959620604724,0.3619819271579119,-0.003192429987910264,No,No,Normal,Safe,Stable
45395,April,276.79,92.95999999999999,1,27.7,6.39,7.91,3.98,4,4,0,0,29.1,33.9,24.1,4.75,4,14,0,7.921347133100825,0.3624904934335344,-0.006388456363729367,Yes,No,Normal,Safe,Stable
45395.04166666666,April,276.79,92.95999999999999,1,27.7,6.39,7.91,3.98,4,4,0,0,29.1,33.9,24.1,4.75,4,14,1,7.96710907338178,0.3168798184619014,0.1250368970882589,No,No,Normal,Safe,Stable
45395.08333333334,April,276.79,92.95999999999999,1,27.7,6.39,7.91,3.98,4,4,0,0,29.1,33.9,24.1,4.75,4,14,2,8.417821193136207,0.3381793403728365,0.4423146799408352,Yes,No,Normal,Safe,Stable
45395.125,April,276.79,92.95999999999999,1,27.7,6.39,7.91,3.98,4,4,0,0,29.1,33.9,24.1,4.75,4,14,3,7.942959437304455,0.6069813434774841,0.1236478005711882,No,No,Normal,Safe,Stable
45395.16666666666,April,276.79,92.95999999999999,1,27.7,6.39,7.91,3.98,4,4,0,0,29.1,33.9,24.1,4.75,4,14,4,7.87568511322581,0.974543589886266,0.0160511978809516,Yes,No,Normal,Safe,Stable
45395.20833333334,April,276.79,92.95999999999999,1,27.7,6.39,7.91,3.98,4,4,0,0,29.1,33.9,24.1,4.75,4,14,5,8.246801206004442,0.4113957993406604,-0.007127941966012086,No,No,Normal,Safe,Stable
45395.25,April,276.79,92.95999999999999,1,27.7,6.39,7.91,3.98,4,4,1,0,29.1,33.9,24.1,4.75,4,14.05263157894737,4.736842105263158,8.215753303457568,0.4106349752529001,-0.005482248488306135,Yes,No,Normal,Safe,Stable
45395.29166666666,April,276.79,92.95999999999999,1,27.7,6.39,7.91,3.98,4,4,1,0,29.1,33.9,24.1,4.75,4,14.10526315789474,4.473684210526316,8.184705400910694,0.4098741511651398,-0.003836555010600183,No,No,Normal,Safe,Stable
45395.33333333334,April,276.79,92.95999999999999,1,27.7,6.39,7.91,3.98,4,4,0,0,29.1,33.9,24.1,4.75,4,14.1578947368421,4.210526315789473,8.153657498363822,0.4091133270773795,-0.002190861532894231,Yes,No,Normal,Safe,Stable
45395.375,April,276.79,92.95999999999999,1,27.7,6.39,7.91,3.98,4,4,0,0,29.1,33.9,24.1,4.75,4,14.21052631578947,3.947368421052632,8.122609595816948,0.4083525029896192,-0.0005451680551882797,No,No,Normal,Safe,Stable
45395.41666666666,April,276.79,92.95999999999999,1,27.7,6.39,7.91,3.98,4,4,0,1,29.1,33.9,24.1,4.75,4,14.26315789473684,3.684210526315789,8.091561693270075,0.4075916789018589,0.001100525422517673,Yes,No,Normal,Safe,Stable
45395.45833333334,April,276.79,92.95999999999999,1,27.7,6.39,7.91,3.98,4,4,0,0,29.1,33.9,24.1,4.75,4,14.31578947368421,3.421052631578947,8.060513790723201,0.4068308548140986,0.002746218900223624,No,No,Normal,Safe,Stable
45395.5,April,276.79,92.95999999999999,1,27.7,6.39,7.91,3.98,4,4,1,0,29.1,33.9,24.1,4.75,4,14.36842105263158,3.157894736842105,8.029465888176327,0.4060700307263383,0.004391912377929575,Yes,No,Normal,Safe,Stable
45395.54166666666,April,276.79,92.95999999999999,1,27.7,6.39,7.91,3.98,4,4,0,0,29.1,33.9,24.1,4.75,4,14.42105263157895,2.894736842105263,7.998417985629454,0.4053092066385781,0.006037605855635527,No,No,Normal,Safe,Stable
45395.58333333334,April,276.79,92.95999999999999,1,27.7,6.39,7.91,3.98,4,4,0,0,29.1,33.9,24.1,4.75,4,14.47368421052632,2.631578947368421,7.967370083082582,0.4045483825508178,0.007683299333341478,Yes,No,Normal,Safe,Stable
45395.625,April,276.79,92.95999999999999,1,27.7,6.39,7.91,3.98,4,4,0,0,29.1,33.9,24.1,4.75,4,14.52631578947368,2.368421052631579,7.936322180535708,0.4037875584630575,0.009328992811047432,No,No,Normal,Safe,Stable
45395.66666666666,April,276.79,92.95999999999999,1,27.7,6.39,7.91,3.98,4,4,1,0,29.1,33.9,24.1,4.75,4,14.57894736842105,2.105263157894737,7.905274277988835,0.4030267343752972,0.01097468628875338,Yes,No,Normal,Safe,Stable
45395.70833333334,April,276.79,92.95999999999999,1,27.7,6.39,7.91,3.98,4,4,0,0,29.1,33.9,24.1,4.75,4,14.63157894736842,1.842105263157895,7.874226375441961,0.4022659102875369,0.01262037976645933,No,No,Normal,Safe,Stable
45395.75,April,276.79,92.95999999999999,1,27.7,6.39,7.91,3.98,4,4,0,0,29.1,33.9,24.1,4.75,4,14.68421052631579,1.578947368421053,7.843178472895088,0.4015050861997767,0.01426607324416529,Yes,No,Normal,Safe,Stable
45395.79166666666,April,276.79,92.95999999999999,1,27.7,6.39,7.91,3.98,4,4,1,1,29.1,33.9,24.1,4.75,4,14.73684210526316,1.315789473684211,7.812130570348215,0.4007442621120164,0.01591176672187124,No,No,Normal,Safe,Stable
45395.83333333334,April,276.79,92.95999999999999,1,27.7,6.39,7.91,3.98,4,4,0,0,29.1,33.9,24.1,4.75,4,14.78947368421053,1.052631578947369,7.781082667801341,0.3999834380242561,0.01755746019957719,Yes,No,Normal,Safe,Stable
45395.875,April,276.79,92.95999999999999,1,27.7,6.39,7.91,3.98,4,4,0,0,29.1,33.9,24.1,4.75,4,14.84210526315789,0.7894736842105265,7.750034765254468,0.3992226139364958,0.01920315367728314,No,No,Normal,Safe,Stable
45395.91666666666,April,276.79,92.95999999999999,1,27.7,6.39,7.91,3.98,4,4,1,0,29.1,33.9,24.1,4.75,4,14.89473684210526,0.5263157894736841,7.718986862707594,0.3984617898487355,0.02084884715498909,Yes,No,Normal,Safe,Stable
45395.95833333334,April,276.79,92.95999999999999,1,27.7,6.39,7.91,3.98,4,4,0,1,29.1,33.9,24.1,4.75,4,14.94736842105263,0.2631578947368425,7.687938960160722,0.3977009657609752,0.02249454063269504,No,No,Normal,Safe,Stable
45396,April,276.79,92.95999999999999,1,27.7,6.39,7.91,3.98,4,4,1,0,29.1,33.9,24.1,4.75,4,15,0,7.656891057613848,0.3969401416732149,0.02414023411040099,Yes,No,Normal,Safe,Stable
45396.04166666666,April,276.79,92.95999999999999,1,27.7,6.39,7.91,3.98,4,4,0,0,29.1,33.9,24.1,4.75,4,15,1,8.32342147889497,0.4104226350068879,0.07313375990389002,No,No,Normal,Safe,Stable
45396.08333333334,April,276.79,92.95999999999999,1,27.7,6.39,7.91,3.98,4,4,0,0,29.1,33.9,24.1,4.75,4,15,2,8.063791914790409,0.3193790529090277,0.4753175039360159,Yes,No,Normal,Safe,Stable
45396.125,April,276.79,92.95999999999999,1,27.7,6.39,7.91,3.98,4,4,0,0,29.1,33.9,24.1,4.75,4,15,3,8.069368193920937,0.5219112140607184,-0.03234396968808573,No,No,Normal,Safe,Stable
45396.16666666666,April,276.79,92.95999999999999,1,27.7,6.39,7.91,3.98,4,4,1,0,29.1,33.9,24.1,4.75,4,15,4,8.17641125061443,0.2327045760626189,0.8556518576753048,Yes,No,Normal,Safe,Stable
45396.20833333334,April,276.79,92.95999999999999,1,27.7,6.39,7.91,3.98,4,4,0,0,29.1,33.9,24.1,4.75,4,15,5,8.215457116301998,0.3621757954072989,0.01362972455428876,No,No,Normal,Safe,Stable
45396.25,April,276.79,92.95999999999999,1,27.7,6.39,7.91,3.98,4,4,0,0,29.1,33.9,24.1,4.75,4,15.05263157894737,4.736842105263158,8.217556586156027,0.363370952876255,0.01212235634276153,Yes,No,Normal,Safe,Stable
45396.29166666666,April,276.79,92.95999999999999,1,27.7,6.39,7.91,3.98,4,4,0,0,29.1,33.9,24.1,4.75,4,15.10526315789474,4.473684210526316,8.219656056010056,0.3645661103452111,0.01061498813123429,No,No,Normal,Safe,Stable
45396.33333333334,April,276.79,92.95999999999999,1,27.7,6.39,7.91,3.98,4,4,1,0,29.1,33.9,24.1,4.75,4,15.1578947368421,4.210526315789473,8.221755525864085,0.3657612678141673,0.009107619919707061,Yes,No,Normal,Safe,Stable
45396.375,April,276.79,92.95999999999999,1,27.7,6.39,7.91,3.98,4,4,0,0,29.1,33.9,24.1,4.75,4,15.21052631578947,3.947368421052632,8.223854995718115,0.3669564252831234,0.007600251708179827,No,No,Normal,Safe,Stable
45396.41666666666,April,276.79,92.95999999999999,1,27.7,6.39,7.91,3.98,4,4,0,0,29.1,33.9,24.1,4.75,4,15.26315789473684,3.684210526315789,8.225954465572144,0.3681515827520795,0.006092883496652594,Yes,No,Normal,Safe,Stable
45396.45833333334,April,276.79,92.95999999999999,1,27.7,6.39,7.91,3.98,4,4,0,0,29.1,33.9,24.1,4.75,4,15.31578947368421,3.421052631578947,8.228053935426173,0.3693467402210357,0.004585515285125361,No,No,Normal,Safe,Stable
45396.5,April,276.79,92.95999999999999,1,27.7,6.39,7.91,3.98,4,4,0,0,29.1,33.9,24.1,4.75,4,15.36842105263158,3.157894736842105,8.230153405280202,0.3705418976899919,0.003078147073598127,Yes,No,Normal,Safe,Stable
45396.54166666666,April,276.79,92.95999999999999,1,27.7,6.39,7.91,3.98,4,4,0,0,29.1,33.9,24.1,4.75,4,15.42105263157895,2.894736842105263,8.232252875134231,0.3717370551589479,0.001570778862070894,No,No,Normal,Safe,Stable
45396.58333333334,April,276.79,92.95999999999999,1,27.7,6.39,7.91,3.98,4,4,0,0,29.1,33.9,24.1,4.75,4,15.47368421052632,2.631578947368421,8.23435234498826,0.3729322126279041,6.341065054366046E-05,Yes,No,Normal,Safe,Stable
45396.625,April,276.79,92.95999999999999,1,27.7,6.39,7.91,3.98,4,4,0,0,29.1,33.9,24.1,4.75,4,15.52631578947368,2.368421052631579,8.23645181484229,0.3741273700968603,-0.001443957560983573,No,No,Normal,Safe,Stable
45396.66666666666,April,276.79,92.95999999999999,1,27.7,6.39,7.91,3.98,4,4,0,0,29.1,33.9,24.1,4.75,4,15.57894736842105,2.105263157894737,8.238551284696319,0.3753225275658164,-0.002951325772510806,Yes,No,Normal,Safe,Stable
45396.70833333334,April,276.79,92.95999999999999,1,27.7,6.39,7.91,3.98,4,4,0,0,29.1,33.9,24.1,4.75,4,15.63157894736842,1.842105263157895,8.240650754550348,0.3765176850347725,-0.004458693984038038,No,No,Normal,Safe,Stable
45396.75,April,276.79,92.95999999999999,1,27.7,6.39,7.91,3.98,4,4,0,0,29.1,33.9,24.1,4.75,4,15.68421052631579,1.578947368421053,8.242750224404377,0.3777128425037287,-0.005966062195565273,Yes,No,Normal,Safe,Stable
45396.79166666666,April,276.79,92.95999999999999,1,27.7,6.39,7.91,3.98,4,4,1,0,29.1,33.9,24.1,4.75,4,15.73684210526316,1.315789473684211,8.244849694258406,0.3789079999726848,-0.007473430407092505,No,No,Normal,Safe,Stable
45396.83333333334,April,276.79,92.95999999999999,1,27.7,6.39,7.91,3.98,4,4,0,0,29.1,33.9,24.1,4.75,4,15.78947368421053,1.052631578947369,8.246949164112435,0.3801031574416409,-0.00898079861861974,Yes,No,Normal,Safe,Stable
45396.875,April,276.79,92.95999999999999,1,27.7,6.39,7.91,3.98,4,4,1,0,29.1,33.9,24.1,4.75,4,15.84210526315789,0.7894736842105265,8.249048633966465,0.3812983149105971,-0.01048816683014697,No,No,Normal,Safe,Stable
45396.91666666666,April,276.79,92.95999999999999,1,27.7,6.39,7.91,3.98,4,4,0,0,29.1,33.9,24.1,4.75,4,15.89473684210526,0.5263157894736841,8.251148103820494,0.3824934723795532,-0.0119955350416742,Yes,No,Normal,Safe,Stable
45396.95833333334,April,276.79,92.95999999999999,1,27.7,6.39,7.91,3.98,4,4,0,0,29.1,33.9,24.1,4.75,4,15.94736842105263,0.2631578947368425,8.253247573674523,0.3836886298485093,-0.01350290325320144,No,No,Normal,Safe,Stable
45397,April,276.79,92.95999999999999,1,27.7,6.39,7.91,3.98,4,4,0,0,29.1,33.9,24.1,4.75,4,16,0,8.255347043528552,0.3848837873174655,-0.01501027146472867,Yes,No,Normal,Safe,Stable
45397.04166666666,April,276.79,92.95999999999999,1,27.7,6.39,7.91,3.98,4,4,0,0,29.1,33.9,24.1,4.75,4,16,1,8.431123021534136,0.3485780600242452,0.1130923388025326,No,No,Normal,Safe,Stable
45397.08333333334,April,276.79,92.95999999999999,1,27.7,6.39,7.91,3.98,4,4,0,0,29.1,33.9,24.1,4.75,4,16,2,8.25780552201857,0.3075050700328086,0.5131502754657066,Yes,No,Normal,Safe,Stable
45397.125,April,276.79,92.95999999999999,1,27.7,6.39,7.91,3.98,4,4,0,0,29.1,33.9,24.1,4.75,4,16,3,8.099794060116507,0.5128374507389567,0.01068250211463275,No,No,Normal,Safe,Stable
45397.16666666666,April,276.79,92.95999999999999,1,27.7,6.39,7.91,3.98,4,4,1,0,29.1,33.9,24.1,4.75,4,16,4,8.162796767594253,0.9527398900390008,0.009092058657279923,Yes,No,Normal,Safe,Stable
45397.20833333334,April,276.79,92.95999999999999,1,27.7,6.39,7.91,3.98,4,4,0,0,29.1,33.9,24.1,4.75,4,16,5,7.944055365670595,0.9677125964367558,0.01517020559024005,No,No,Normal,Safe,Stable
45397.25,April,276.79,92.95999999999999,1,27.7,6.39,7.91,3.98,4,4,0,0,29.1,33.9,24.1,4.75,4,16.05263157894737,4.736842105263158,7.952983258287422,0.9676308572391236,0.01438782505227523,Yes,No,Normal,Safe,Stable
45397.29166666666,April,276.79,92.95999999999999,1,27.7,6.39,7.91,3.98,4,4,1,0,29.1,33.9,24.1,4.75,4,16.10526315789474,4.473684210526316,7.961911150904251,0.9675491180414915,0.0136054445143104,No,No,Normal,Safe,Stable
45397.33333333334,April,276.79,92.95999999999999,1,27.7,6.39,7.91,3.98,4,4,0,0,29.1,33.9,24.1,4.75,4,16.15789473684211,4.210526315789473,7.970839043521078,0.9674673788438592,0.01282306397634557,Yes,No,Normal,Safe,Stable
45397.375,April,276.79,92.95999999999999,1,27.7,6.39,7.91,3.98,4,4,0,0,29.1,33.9,24.1,4.75,4,16.21052631578947,3.947368421052632,7.979766936137906,0.967385639646227,0.01204068343838075,No,No,Normal,Safe,Stable
45397.41666666666,April,276.79,92.95999999999999,1,27.7,6.39,7.91,3.98,4,4,0,0,29.1,33.9,24.1,4.75,4,16.26315789473684,3.684210526315789,7.988694828754734,0.9673039004485949,0.01125830290041592,Yes,No,Normal,Safe,Stable
45397.45833333334,April,276.79,92.95999999999999,1,27.7,6.39,7.91,3.98,4,4,0,0,29.1,33.9,24.1,4.75,4,16.31578947368421,3.421052631578947,7.997622721371561,0.9672221612509627,0.0104759223624511,No,No,Normal,Safe,Stable
45397.5,April,276.79,92.95999999999999,1,27.7,6.39,7.91,3.98,4,4,0,1,29.1,33.9,24.1,4.75,4,16.36842105263158,3.157894736842105,8.00655061398839,0.9671404220533306,0.009693541824486271,Yes,No,Normal,Safe,Stable
45397.54166666666,April,276.79,92.95999999999999,1,27.7,6.39,7.91,3.98,4,4,0,0,29.1,33.9,24.1,4.75,4,16.42105263157895,2.894736842105263,8.015478506605216,0.9670586828556984,0.008911161286521446,No,No,Normal,Safe,Stable
45397.58333333334,April,276.79,92.95999999999999,1,27.7,6.39,7.91,3.98,4,4,0,0,29.1,33.9,24.1,4.75,4,16.47368421052632,2.631578947368421,8.024406399222045,0.9669769436580662,0.008128780748556622,Yes,No,Normal,Safe,Stable
45397.625,April,276.79,92.95999999999999,1,27.7,6.39,7.91,3.98,4,4,1,0,29.1,33.9,24.1,4.75,4,16.52631578947368,2.368421052631579,8.033334291838873,0.9668952044604341,0.007346400210591795,No,No,Normal,Safe,Stable
45397.66666666666,April,276.79,92.95999999999999,1,27.7,6.39,7.91,3.98,4,4,0,0,29.1,33.9,24.1,4.75,4,16.57894736842105,2.105263157894737,8.042262184455701,0.9668134652628019,0.006564019672626969,Yes,No,Normal,Safe,Stable
45397.70833333334,April,276.79,92.95999999999999,1,27.7,6.39,7.91,3.98,4,4,1,1,29.1,33.9,24.1,4.75,4,16.63157894736842,1.842105263157895,8.051190077072528,0.9667317260651697,0.005781639134662144,No,No,Normal,Safe,Stable
45397.75,April,276.79,92.95999999999999,1,27.7,6.39,7.91,3.98,4,4,0,1,29.1,33.9,24.1,4.75,4,16.68421052631579,1.578947368421053,8.060117969689356,0.9666499868675376,0.00499925859669732,Yes,No,Normal,Safe,Stable
45397.79166666666,April,276.79,92.95999999999999,1,27.7,6.39,7.91,3.98,4,4,0,0,29.1,33.9,24.1,4.75,4,16.73684210526316,1.315789473684211,8.069045862306185,0.9665682476699053,0.004216878058732493,No,No,Normal,Safe,Stable
45397.83333333334,April,276.79,92.95999999999999,1,27.7,6.39,7.91,3.98,4,4,0,0,29.1,33.9,24.1,4.75,4,16.78947368421053,1.052631578947369,8.077973754923011,0.9664865084722732,0.003434497520767667,Yes,No,Normal,Safe,Stable
45397.875,April,276.79,92.95999999999999,1,27.7,6.39,7.91,3.98,4,4,0,0,29.1,33.9,24.1,4.75,4,16.84210526315789,0.7894736842105265,8.08690164753984,0.966404769274641,0.002652116982802842,No,No,Normal,Safe,Stable
45397.91666666666,April,276.79,92.95999999999999,1,27.7,6.39,7.91,3.98,4,4,0,0,29.1,33.9,24.1,4.75,4,16.89473684210526,0.5263157894736841,8.095829540156668,0.9663230300770088,0.001869736444838017,Yes,No,Normal,Safe,Stable
45397.95833333334,April,276.79,92.95999999999999,1,27.7,6.39,7.91,3.98,4,4,0,0,29.1,33.9,24.1,4.75,4,16.94736842105263,0.2631578947368425,8.104757432773495,0.9662412908793767,0.001087355906873191,No,No,Normal,Safe,Stable
45398,April,276.79,92.95999999999999,1,27.7,6.39,7.91,3.98,4,4,0,1,29.1,33.9,24.1,4.75,4,17,0,8.113685325390323,0.9661595516817445,0.0003049753689083643,Yes,No,Normal,Safe,Stable
45398.04166666666,April,276.79,92.95999999999999,1,27.7,6.39,7.91,3.98,4,4,1,1,29.1,33.9,24.1,4.75,4,17,1,7.949091548125301,1.00222657817386,-0.002532577349422035,No,No,Normal,Safe,Stable
45398.08333333334,April,276.79,92.95999999999999,1,27.7,6.39,7.91,3.98,4,4,0,0,29.1,33.9,24.1,4.75,4,17,2,7.923259904900791,0.9423902473500776,0.01295214609953366,Yes,No,Normal,Safe,Stable
45398.125,April,276.79,92.95999999999999,1,27.7,6.39,7.91,3.98,4,4,0,0,29.1,33.9,24.1,4.75,4,17,3,8.236409228762582,0.31230656936863,0.9537455215455284,No,No,Normal,Safe,Stable
45398.16666666666,April,276.79,92.95999999999999,1,27.7,6.39,7.91,3.98,4,4,0,1,29.1,33.9,24.1,4.75,4,17,4,8.226013379607085,0.3030935424883703,0.8696716290378039,Yes,No,Normal,Safe,Stable
45398.20833333334,April,276.79,92.95999999999999,1,27.7,6.39,7.91,3.98,4,4,0,0,29.1,33.9,24.1,4.75,4,17,5,8.276095774188216,0.3901263659871074,0.02951282313720073,No,No,Normal,Safe,Stable
45398.25,April,276.79,92.95999999999999,1,27.7,6.39,7.91,3.98,4,4,0,0,29.1,33.9,24.1,4.75,4,17.05263157894737,4.736842105263158,8.259612846767791,0.3892511949206902,0.02850756125724173,Yes,No,Normal,Safe,Stable
45398.29166666666,April,276.79,92.95999999999999,1,27.7,6.39,7.91,3.98,4,4,0,0,29.1,33.9,24.1,4.75,4,17.10526315789474,4.473684210526316,8.243129919347364,0.3883760238542731,0.02750229937728272,No,No,Normal,Safe,Stable
45398.33333333334,April,276.79,92.95999999999999,1,27.7,6.39,7.91,3.98,4,4,0,0,29.1,33.9,24.1,4.75,4,17.15789473684211,4.210526315789473,8.226646991926939,0.3875008527878558,0.02649703749732371,Yes,No,Normal,Safe,Stable
45398.375,April,276.79,92.95999999999999,1,27.7,6.39,7.91,3.98,4,4,0,0,29.1,33.9,24.1,4.75,4,17.21052631578947,3.947368421052632,8.210164064506515,0.3866256817214387,0.02549177561736471,No,No,Normal,Safe,Stable
45398.41666666666,April,276.79,92.95999999999999,1,27.7,6.39,7.91,3.98,4,4,0,0,29.1,33.9,24.1,4.75,4,17.26315789473684,3.684210526315789,8.19368113708609,0.3857505106550215,0.0244865137374057,Yes,No,Normal,Safe,Stable
45398.45833333334,April,276.79,92.95999999999999,1,27.7,6.39,7.91,3.98,4,4,0,0,29.1,33.9,24.1,4.75,4,17.31578947368421,3.421052631578947,8.177198209665663,0.3848753395886043,0.0234812518574467,No,No,Normal,Safe,Stable
45398.5,April,276.79,92.95999999999999,1,27.7,6.39,7.91,3.98,4,4,0,0,29.1,33.9,24.1,4.75,4,17.36842105263158,3.157894736842105,8.160715282245238,0.3840001685221871,0.02247598997748769,Yes,No,Normal,Safe,Stable
45398.54166666666,April,276.79,92.95999999999999,1,27.7,6.39,7.91,3.98,4,4,0,0,29.1,33.9,24.1,4.75,4,17.42105263157895,2.894736842105263,8.144232354824814,0.3831249974557699,0.02147072809752868,No,No,Normal,Safe,Stable
45398.58333333334,April,276.79,92.95999999999999,1,27.7,6.39,7.91,3.98,4,4,1,0,29.1,33.9,24.1,4.75,4,17.47368421052632,2.631578947368421,8.127749427404387,0.3822498263893527,0.02046546621756968,Yes,No,Normal,Safe,Stable
45398.625,April,276.79,92.95999999999999,1,27.7,6.39,7.91,3.98,4,4,0,0,29.1,33.9,24.1,4.75,4,17.52631578947368,2.368421052631579,8.111266499983962,0.3813746553229356,0.01946020433761067,No,No,Normal,Safe,Stable
45398.66666666666,April,276.79,92.95999999999999,1,27.7,6.39,7.91,3.98,4,4,0,0,29.1,33.9,24.1,4.75,4,17.57894736842105,2.105263157894737,8.094783572563538,0.3804994842565184,0.01845494245765167,Yes,No,Normal,Safe,Stable
45398.70833333334,April,276.79,92.95999999999999,1,27.7,6.39,7.91,3.98,4,4,0,0,29.1,33.9,24.1,4.75,4,17.63157894736842,1.842105263157895,8.078300645143113,0.3796243131901012,0.01744968057769266,No,No,Normal,Safe,Stable
45398.75,April,276.79,92.95999999999999,1,27.7,6.39,7.91,3.98,4,4,0,0,29.1,33.9,24.1,4.75,4,17.68421052631579,1.578947368421053,8.061817717722686,0.378749142123684,0.01644441869773365,Yes,No,Normal,Safe,Stable
45398.79166666666,April,276.79,92.95999999999999,1,27.7,6.39,7.91,3.98,4,4,0,0,29.1,33.9,24.1,4.75,4,17.73684210526316,1.315789473684211,8.045334790302261,0.3778739710572668,0.01543915681777465,No,No,Normal,Safe,Stable
45398.83333333334,April,276.79,92.95999999999999,1,27.7,6.39,7.91,3.98,4,4,0,0,29.1,33.9,24.1,4.75,4,17.78947368421053,1.052631578947369,8.028851862881837,0.3769987999908496,0.01443389493781564,Yes,No,Normal,Safe,Stable
45398.875,April,276.79,92.95999999999999,1,27.7,6.39,7.91,3.98,4,4,0,0,29.1,33.9,24.1,4.75,4,17.84210526315789,0.7894736842105265,8.01236893546141,0.3761236289244325,0.01342863305785663,No,No,Normal,Safe,Stable
45398.91666666666,April,276.79,92.95999999999999,1,27.7,6.39,7.91,3.98,4,4,1,0,29.1,33.9,24.1,4.75,4,17.89473684210526,0.5263157894736841,7.995886008040985,0.3752484578580152,0.01242337117789763,Yes,No,Normal,Safe,Stable
45398.95833333334,April,276.79,92.95999999999999,1,27.7,6.39,7.91,3.98,4,4,0,1,29.1,33.9,24.1,4.75,4,17.94736842105263,0.2631578947368425,7.97940308062056,0.3743732867915981,0.01141810929793862,No,No,Normal,Safe,Stable
45399,April,276.79,92.95999999999999,1,27.7,6.39,7.91,3.98,4,4,0,0,29.1,33.9,24.1,4.75,4,18,0,7.962920153200135,0.3734981157251809,0.01041284741797962,Yes,No,Normal,Safe,Stable
45399.04166666666,April,276.79,92.95999999999999,1,27.7,6.39,7.91,3.98,4,4,0,0,29.1,33.9,24.1,4.75,4,18,1,8.307715684034708,1.029118413679345,0.008450827178345763,No,No,Normal,Safe,Stable
45399.08333333334,April,276.79,92.95999999999999,1,27.7,6.39,7.91,3.98,4,4,0,1,29.1,33.9,24.1,4.75,4,18,2,7.941049957385649,0.9702507309080626,-0.03435341439729992,Yes,No,Normal,Safe,Stable
45399.125,April,276.79,92.95999999999999,1,27.7,6.39,7.91,3.98,4,4,0,0,29.1,33.9,24.1,4.75,4,18,3,8.003682723497741,0.2708750847049793,0.9874542121215366,No,No,Normal,Safe,Stable
45399.16666666666,April,276.79,92.95999999999999,1,27.7,6.39,7.91,3.98,4,4,0,0,29.1,33.9,24.1,4.75,4,18,4,7.907627353136037,0.3010336394714415,0.8280122710624482,Yes,No,Normal,Safe,Stable
45399.20833333334,April,276.79,92.95999999999999,1,27.7,6.39,7.91,3.98,4,4,0,0,29.1,33.9,24.1,4.75,4,18,5,8.076851472557314,0.3660103166130719,0.001396843536313239,No,No,Normal,Safe,Stable
45399.25,April,276.79,92.95999999999999,1,27.7,6.39,7.91,3.98,4,4,0,0,29.1,33.9,24.1,4.75,4,18.05263157894737,4.736842105263158,8.077043484946156,0.3676304169528966,-0.0001227979131615193,Yes,No,Normal,Safe,Stable
45399.29166666666,April,276.79,92.95999999999999,1,27.7,6.39,7.91,3.98,4,4,0,0,29.1,33.9,24.1,4.75,4,18.10526315789474,4.473684210526316,8.077235497335,0.3692505172927213,-0.001642439362636278,No,No,Normal,Safe,Stable
45399.33333333334,April,276.79,92.95999999999999,1,27.7,6.39,7.91,3.98,4,4,0,0,29.1,33.9,24.1,4.75,4,18.15789473684211,4.210526315789473,8.077427509723842,0.370870617632546,-0.003162080812111036,Yes,No,Normal,Safe,Stable
45399.375,April,276.79,92.95999999999999,1,27.7,6.39,7.91,3.98,4,4,0,1,29.1,33.9,24.1,4.75,4,18.21052631578947,3.947368421052632,8.077619522112686,0.3724907179723707,-0.004681722261585794,No,No,Normal,Safe,Stable
45399.41666666666,April,276.79,92.95999999999999,1,27.7,6.39,7.91,3.98,4,4,0,0,29.1,33.9,24.1,4.75,4,18.26315789473684,3.684210526315789,8.077811534501528,0.3741108183121954,-0.006201363711060552,Yes,No,Normal,Safe,Stable
45399.45833333334,April,276.79,92.95999999999999,1,27.7,6.39,7.91,3.98,4,4,0,0,29.1,33.9,24.1,4.75,4,18.31578947368421,3.421052631578947,8.078003546890372,0.3757309186520201,-0.007721005160535312,No,No,Normal,Safe,Stable
45399.5,April,276.79,92.95999999999999,1,27.7,6.39,7.91,3.98,4,4,0,0,29.1,33.9,24.1,4.75,4,18.36842105263158,3.157894736842105,8.078195559279214,0.3773510189918449,-0.00924064661001007,Yes,No,Normal,Safe,Stable
45399.54166666666,April,276.79,92.95999999999999,1,27.7,6.39,7.91,3.98,4,4,0,0,29.1,33.9,24.1,4.75,4,18.42105263157895,2.894736842105263,8.078387571668056,0.3789711193316695,-0.01076028805948483,No,No,Normal,Safe,Stable
45399.58333333334,April,276.79,92.95999999999999,1,27.7,6.39,7.91,3.98,4,4,1,1,29.1,33.9,24.1,4.75,4,18.47368421052632,2.631578947368421,8.0785795840569,0.3805912196714943,-0.01227992950895959,Yes,No,Normal,Safe,Stable
45399.625,April,276.79,92.95999999999999,1,27.7,6.39,7.91,3.98,4,4,0,0,29.1,33.9,24.1,4.75,4,18.52631578947368,2.368421052631579,8.078771596445742,0.382211320011319,-0.01379957095843434,No,No,Normal,Safe,Stable
45399.66666666666,April,276.79,92.95999999999999,1,27.7,6.39,7.91,3.98,4,4,1,1,29.1,33.9,24.1,4.75,4,18.57894736842105,2.105263157894737,8.078963608834586,0.3838314203511437,-0.0153192124079091,Yes,No,Normal,Safe,Stable
45399.70833333334,April,276.79,92.95999999999999,1,27.7,6.39,7.91,3.98,4,4,0,0,29.1,33.9,24.1,4.75,4,18.63157894736842,1.842105263157895,8.079155621223428,0.3854515206909684,-0.01683885385738386,No,No,Normal,Safe,Stable
45399.75,April,276.79,92.95999999999999,1,27.7,6.39,7.91,3.98,4,4,0,0,29.1,33.9,24.1,4.75,4,18.68421052631579,1.578947368421053,8.07934763361227,0.3870716210307931,-0.01835849530685862,Yes,No,Normal,Safe,Stable
45399.79166666666,April,276.79,92.95999999999999,1,27.7,6.39,7.91,3.98,4,4,0,0,29.1,33.9,24.1,4.75,4,18.73684210526316,1.315789473684211,8.079539646001114,0.3886917213706178,-0.01987813675633338,No,No,Normal,Safe,Stable
45399.83333333334,April,276.79,92.95999999999999,1,27.7,6.39,7.91,3.98,4,4,0,0,29.1,33.9,24.1,4.75,4,18.78947368421053,1.052631578947369,8.079731658389957,0.3903118217104425,-0.02139777820580814,Yes,No,Normal,Safe,Stable
45399.875,April,276.79,92.95999999999999,1,27.7,6.39,7.91,3.98,4,4,0,0,29.1,33.9,24.1,4.75,4,18.84210526315789,0.7894736842105265,8.0799236707788,0.3919319220502672,-0.0229174196552829,No,No,Normal,Safe,Stable
45399.91666666666,April,276.79,92.95999999999999,1,27.7,6.39,7.91,3.98,4,4,0,0,29.1,33.9,24.1,4.75,4,18.89473684210526,0.5263157894736841,8.080115683167643,0.393552022390092,-0.02443706110475765,Yes,No,Normal,Safe,Stable
45399.95833333334,April,276.79,92.95999999999999,1,27.7,6.39,7.91,3.98,4,4,0,0,29.1,33.9,24.1,4.75,4,18.94736842105263,0.2631578947368425,8.080307695556487,0.3951721227299166,-0.02595670255423241,No,No,Normal,Safe,Stable
45400,April,276.79,92.95999999999999,1,27.7,6.39,7.91,3.98,4,4,0,0,29.1,33.9,24.1,4.75,4,19,0,8.080499707945329,0.3967922230697414,-0.02747634400370717,Yes,No,Normal,Safe,Stable
45400.04166666666,April,276.79,92.95999999999999,1,27.7,6.39,7.91,3.98,4,4,1,0,29.1,33.9,24.1,4.75,4,19,1,8.504916233933219,0.344207884118877,0.41353516581981,No,No,Normal,Safe,Stable
45400.08333333334,April,276.79,92.95999999999999,1,27.7,6.39,7.91,3.98,4,4,0,0,29.1,33.9,24.1,4.75,4,19,2,7.887243710098051,0.3041243533398486,0.4447870971487349,Yes,No,Normal,Safe,Stable
45400.125,April,276.79,92.95999999999999,1,27.7,6.39,7.91,3.98,4,4,0,0,29.1,33.9,24.1,4.75,4,19,3,8.404466480331816,0.1753301001190541,0.9007704945482552,No,No,Normal,Safe,Stable
45400.16666666666,April,276.79,92.95999999999999,1,27.7,6.39,7.91,3.98,4,4,0,0,29.1,33.9,24.1,4.75,4,19,4,7.86258199308335,0.9504131895160768,0.005317209270828967,Yes,No,Normal,Safe,Stable
45400.20833333334,April,276.79,92.95999999999999,1,27.7,6.39,7.91,3.98,4,4,1,0,29.1,33.9,24.1,4.75,4,19,5,8.217846969784487,0.9663620016498363,-0.01143190884862026,No,No,Normal,Safe,Stable
45400.25,April,276.79,92.95999999999999,1,27.7,6.39,7.91,3.98,4,4,1,0,29.1,33.9,24.1,4.75,4,19.05263157894737,4.736842105263158,8.20061913270048,0.965892657454188,-0.01196494706735626,Yes,No,Normal,Safe,Stable
45400.29166666666,April,276.79,92.95999999999999,1,27.7,6.39,7.91,3.98,4,4,0,0,29.1,33.9,24.1,4.75,4,19.10526315789474,4.473684210526316,8.18339129561647,0.9654233132585395,-0.01249798528609226,No,No,Normal,Safe,Stable
45400.33333333334,April,276.79,92.95999999999999,1,27.7,6.39,7.91,3.98,4,4,0,0,29.1,33.9,24.1,4.75,4,19.15789473684211,4.210526315789473,8.166163458532463,0.9649539690628911,-0.01303102350482827,Yes,No,Normal,Safe,Stable
45400.375,April,276.79,92.95999999999999,1,27.7,6.39,7.91,3.98,4,4,1,0,29.1,33.9,24.1,4.75,4,19.21052631578947,3.947368421052632,8.148935621448453,0.9644846248672426,-0.01356406172356427,No,No,Normal,Safe,Stable
45400.41666666666,April,276.79,92.95999999999999,1,27.7,6.39,7.91,3.98,4,4,0,0,29.1,33.9,24.1,4.75,4,19.26315789473684,3.684210526315789,8.131707784364446,0.9640152806715943,-0.01409709994230027,Yes,No,Normal,Safe,Stable
45400.45833333334,April,276.79,92.95999999999999,1,27.7,6.39,7.91,3.98,4,4,0,0,29.1,33.9,24.1,4.75,4,19.31578947368421,3.421052631578947,8.114479947280438,0.9635459364759458,-0.01463013816103627,No,No,Normal,Safe,Stable
45400.5,April,276.79,92.95999999999999,1,27.7,6.39,7.91,3.98,4,4,1,0,29.1,33.9,24.1,4.75,4,19.36842105263158,3.157894736842105,8.097252110196429,0.9630765922802974,-0.01516317637977227,Yes,No,Normal,Safe,Stable
45400.54166666666,April,276.79,92.95999999999999,1,27.7,6.39,7.91,3.98,4,4,0,0,29.1,33.9,24.1,4.75,4,19.42105263157895,2.894736842105263,8.080024273112421,0.9626072480846489,-0.01569621459850827,No,No,Normal,Safe,Stable
45400.58333333334,April,276.79,92.95999999999999,1,27.7,6.39,7.91,3.98,4,4,0,1,29.1,33.9,24.1,4.75,4,19.47368421052632,2.631578947368421,8.062796436028412,0.9621379038890006,-0.01622925281724427,Yes,No,Normal,Safe,Stable
45400.625,April,276.79,92.95999999999999,1,27.7,6.39,7.91,3.98,4,4,1,0,29.1,33.9,24.1,4.75,4,19.52631578947368,2.368421052631579,8.045568598944405,0.9616685596933521,-0.01676229103598028,No,No,Normal,Safe,Stable
45400.66666666666,April,276.79,92.95999999999999,1,27.7,6.39,7.91,3.98,4,4,0,0,29.1,33.9,24.1,4.75,4,19.57894736842105,2.105263157894737,8.028340761860397,0.9611992154977037,-0.01729532925471628,Yes,No,Normal,Safe,Stable
45400.70833333334,April,276.79,92.95999999999999,1,27.7,6.39,7.91,3.98,4,4,1,0,29.1,33.9,24.1,4.75,4,19.63157894736842,1.842105263157895,8.011112924776388,0.9607298713020552,-0.01782836747345228,No,No,Normal,Safe,Stable
45400.75,April,276.79,92.95999999999999,1,27.7,6.39,7.91,3.98,4,4,0,0,29.1,33.9,24.1,4.75,4,19.68421052631579,1.578947368421053,7.99388508769238,0.9602605271064069,-0.01836140569218828,Yes,No,Normal,Safe,Stable
45400.79166666666,April,276.79,92.95999999999999,1,27.7,6.39,7.91,3.98,4,4,0,0,29.1,33.9,24.1,4.75,4,19.73684210526316,1.315789473684211,7.976657250608372,0.9597911829107584,-0.01889444391092428,No,No,Normal,Safe,Stable
45400.83333333334,April,276.79,92.95999999999999,1,27.7,6.39,7.91,3.98,4,4,0,0,29.1,33.9,24.1,4.75,4,19.78947368421053,1.052631578947369,7.959429413524363,0.95932183871511,-0.01942748212966029,Yes,No,Normal,Safe,Stable
45400.875,April,276.79,92.95999999999999,1,27.7,6.39,7.91,3.98,4,4,0,0,29.1,33.9,24.1,4.75,4,19.84210526315789,0.7894736842105265,7.942201576440355,0.9588524945194615,-0.01996052034839629,No,No,Normal,Safe,Stable
45400.91666666666,April,276.79,92.95999999999999,1,27.7,6.39,7.91,3.98,4,4,0,0,29.1,33.9,24.1,4.75,4,19.89473684210526,0.5263157894736841,7.924973739356347,0.9583831503238132,-0.02049355856713229,Yes,No,Normal,Safe,Stable
45400.95833333334,April,276.79,92.95999999999999,1,27.7,6.39,7.91,3.98,4,4,0,0,29.1,33.9,24.1,4.75,4,19.94736842105263,0.2631578947368425,7.907745902272339,0.9579138061281647,-0.02102659678586829,No,No,Normal,Safe,Stable
45401,April,276.79,92.95999999999999,1,27.7,6.39,7.91,3.98,4,4,0,0,29.1,33.9,24.1,4.75,4,20,0,7.89051806518833,0.9574444619325163,-0.02155963500460429,Yes,No,Normal,Safe,Stable
45401.04166666666,April,276.79,92.95999999999999,1,27.7,6.39,7.91,3.98,4,4,0,0,29.1,33.9,24.1,4.75,4,20,1,8.146476846108126,0.979802738160227,-0.02783911554952304,No,No,Normal,Safe,Stable
45401.08333333334,April,276.79,92.95999999999999,1,27.7,6.39,7.91,3.98,4,4,1,0,29.1,33.9,24.1,4.75,4,20,2,7.920729381709906,0.9781695512078563,-0.02435396050864524,Yes,No,Normal,Safe,Stable
45401.125,April,276.79,92.95999999999999,1,27.7,6.39,7.91,3.98,4,4,1,0,29.1,33.9,24.1,4.75,4,20,3,8.239304831242315,0.3129609568057694,0.8916148817923297,No,No,Normal,Safe,Stable
45401.16666666666,April,276.79,92.95999999999999,1,27.7,6.39,7.91,3.98,4,4,0,0,29.1,33.9,24.1,4.75,4,20,4,8.420944782737589,0.2929412609150293,0.852310085268698,Yes,No,Normal,Safe,Stable
45401.20833333334,April,276.79,92.95999999999999,1,27.7,6.39,7.91,3.98,4,4,0,0,29.1,33.9,24.1,4.75,4,20,5,8.230458049957177,0.4204739537031681,0.00937907528348584,No,No,Normal,Safe,Stable
45401.25,April,276.79,92.95999999999999,1,27.7,6.39,7.91,3.98,4,4,1,0,29.1,33.9,24.1,4.75,4,20.05263157894737,4.736842105263158,8.219837919061044,0.420681849059725,0.00952314089095394,Yes,No,Normal,Safe,Stable
45401.29166666666,April,276.79,92.95999999999999,1,27.7,6.39,7.91,3.98,4,4,0,0,29.1,33.9,24.1,4.75,4,20.10526315789474,4.473684210526316,8.209217788164912,0.4208897444162819,0.009667206498422043,No,No,Normal,Safe,Stable
45401.33333333334,April,276.79,92.95999999999999,1,27.7,6.39,7.91,3.98,4,4,1,0,29.1,33.9,24.1,4.75,4,20.15789473684211,4.210526315789473,8.198597657268779,0.4210976397728388,0.009811272105890143,Yes,No,Normal,Safe,Stable
45401.375,April,276.79,92.95999999999999,1,27.7,6.39,7.91,3.98,4,4,0,0,29.1,33.9,24.1,4.75,4,20.21052631578947,3.947368421052632,8.187977526372647,0.4213055351293956,0.009955337713358244,No,No,Normal,Safe,Stable
45401.41666666666,April,276.79,92.95999999999999,1,27.7,6.39,7.91,3.98,4,4,0,0,29.1,33.9,24.1,4.75,4,20.26315789473684,3.684210526315789,8.177357395476514,0.4215134304859525,0.01009940332082634,Yes,No,Normal,Safe,Stable
45401.45833333334,April,276.79,92.95999999999999,1,27.7,6.39,7.91,3.98,4,4,0,0,29.1,33.9,24.1,4.75,4,20.31578947368421,3.421052631578947,8.166737264580382,0.4217213258425094,0.01024346892829445,No,No,Normal,Safe,Stable
45401.5,April,276.79,92.95999999999999,1,27.7,6.39,7.91,3.98,4,4,1,0,29.1,33.9,24.1,4.75,4,20.36842105263158,3.157894736842105,8.15611713368425,0.4219292211990663,0.01038753453576255,Yes,No,Normal,Safe,Stable
45401.54166666666,April,276.79,92.95999999999999,1,27.7,6.39,7.91,3.98,4,4,1,0,29.1,33.9,24.1,4.75,4,20.42105263157895,2.894736842105263,8.145497002788117,0.4221371165556232,0.01053160014323065,No,No,Normal,Safe,Stable
45401.58333333334,April,276.79,92.95999999999999,1,27.7,6.39,7.91,3.98,4,4,0,0,29.1,33.9,24.1,4.75,4,20.47368421052632,2.631578947368421,8.134876871891985,0.42234501191218,0.01067566575069875,Yes,No,Normal,Safe,Stable
45401.625,April,276.79,92.95999999999999,1,27.7,6.39,7.91,3.98,4,4,1,0,29.1,33.9,24.1,4.75,4,20.52631578947368,2.368421052631579,8.12425674099585,0.422552907268737,0.01081973135816685,No,No,Normal,Safe,Stable
45401.66666666666,April,276.79,92.95999999999999,1,27.7,6.39,7.91,3.98,4,4,1,0,29.1,33.9,24.1,4.75,4,20.57894736842105,2.105263157894737,8.113636610099718,0.4227608026252938,0.01096379696563495,Yes,No,Normal,Safe,Stable
45401.70833333334,April,276.79,92.95999999999999,1,27.7,6.39,7.91,3.98,4,4,0,0,29.1,33.9,24.1,4.75,4,20.63157894736842,1.842105263157895,8.103016479203585,0.4229686979818507,0.01110786257310305,No,No,Normal,Safe,Stable
45401.75,April,276.79,92.95999999999999,1,27.7,6.39,7.91,3.98,4,4,0,0,29.1,33.9,24.1,4.75,4,20.68421052631579,1.578947368421053,8.092396348307453,0.4231765933384076,0.01125192818057115,Yes,No,Normal,Safe,Stable
45401.79166666666,April,276.79,92.95999999999999,1,27.7,6.39,7.91,3.98,4,4,0,0,29.1,33.9,24.1,4.75,4,20.73684210526316,1.315789473684211,8.081776217411321,0.4233844886949645,0.01139599378803926,No,No,Normal,Safe,Stable
45401.83333333334,April,276.79,92.95999999999999,1,27.7,6.39,7.91,3.98,4,4,0,0,29.1,33.9,24.1,4.75,4,20.78947368421053,1.052631578947369,8.071156086515188,0.4235923840515214,0.01154005939550736,Yes,No,Normal,Safe,Stable
45401.875,April,276.79,92.95999999999999,1,27.7,6.39,7.91,3.98,4,4,0,0,29.1,33.9,24.1,4.75,4,20.84210526315789,0.7894736842105265,8.060535955619056,0.4238002794080782,0.01168412500297546,No,No,Normal,Safe,Stable
45401.91666666666,April,276.79,92.95999999999999,1,27.7,6.39,7.91,3.98,4,4,0,0,29.1,33.9,24.1,4.75,4,20.89473684210526,0.5263157894736841,8.049915824722923,0.4240081747646351,0.01182819061044356,Yes,No,Normal,Safe,Stable
45401.95833333334,April,276.79,92.95999999999999,1,27.7,6.39,7.91,3.98,4,4,0,0,29.1,33.9,24.1,4.75,4,20.94736842105263,0.2631578947368425,8.039295693826791,0.424216070121192,0.01197225621791166,No,No,Normal,Safe,Stable
45402,April,276.79,92.95999999999999,1,27.7,6.39,7.91,3.98,4,4,0,0,29.1,33.9,24.1,4.75,4,21,0,8.028675562930658,0.4244239654777489,0.01211632182537976,Yes,No,Normal,Safe,Stable
45402.04166666666,April,276.79,92.95999999999999,1,27.7,6.39,7.91,3.98,4,4,1,0,29.1,33.9,24.1,4.75,4,21,1,8.614159633875047,0.3280682117856067,0.1327382003392356,No,No,Normal,Safe,Stable
45402.08333333334,April,276.79,92.95999999999999,1,27.7,6.39,7.91,3.98,4,4,0,0,29.1,33.9,24.1,4.75,4,21,2,7.522896415868424,1.006555787906368,0.01049309883686006,Yes,No,Normal,Safe,Stable
45402.125,April,276.79,92.95999999999999,1,27.7,6.39,7.91,3.98,4,4,0,0,29.1,33.9,24.1,4.75,4,21,3,8.157639573048797,0.3391135799063944,0.8607260706481936,No,No,Normal,Safe,Stable
45402.16666666666,April,276.79,92.95999999999999,1,27.7,6.39,7.91,3.98,4,4,0,0,29.1,33.9,24.1,4.75,4,21,4,7.86714273271722,0.2510999918798086,0.9531027913498281,Yes,No,Normal,Safe,Stable
45402.20833333334,April,276.79,92.95999999999999,1,27.7,6.39,7.91,3.98,4,4,0,0,29.1,33.9,24.1,4.75,4,21,5,8.368617297866376,0.3931736695458745,0.03268273073563797,No,No,Normal,Safe,Stable
45402.25,April,276.79,92.95999999999999,1,27.7,6.39,7.91,3.98,4,4,0,0,29.1,33.9,24.1,4.75,4,21.05263157894737,4.736842105263158,8.355164844104705,0.4233490207560903,0.02980584227958752,Yes,No,Normal,Safe,Stable
45402.29166666666,April,276.79,92.95999999999999,1,27.7,6.39,7.91,3.98,4,4,1,1,29.1,33.9,24.1,4.75,4,21.10526315789474,4.473684210526316,8.341712390343035,0.4535243719663061,0.02692895382353707,No,No,Normal,Safe,Stable
45402.33333333334,April,276.79,92.95999999999999,1,27.7,6.39,7.91,3.98,4,4,0,0,29.1,33.9,24.1,4.75,4,21.15789473684211,4.210526315789473,8.328259936581365,0.4836997231765218,0.02405206536748662,Yes,No,Normal,Safe,Stable
45402.375,April,276.79,92.95999999999999,1,27.7,6.39,7.91,3.98,4,4,0,0,29.1,33.9,24.1,4.75,4,21.21052631578947,3.947368421052632,8.314807482819694,0.5138750743867376,0.02117517691143617,No,No,Normal,Safe,Stable
45402.41666666666,April,276.79,92.95999999999999,1,27.7,6.39,7.91,3.98,4,4,0,0,29.1,33.9,24.1,4.75,4,21.26315789473684,3.684210526315789,8.301355029058024,0.5440504255969534,0.01829828845538573,Yes,No,Normal,Safe,Stable
45402.45833333334,April,276.79,92.95999999999999,1,27.7,6.39,7.91,3.98,4,4,0,0,29.1,33.9,24.1,4.75,4,21.31578947368421,3.421052631578947,8.287902575296354,0.5742257768071691,0.01542139999933527,No,No,Normal,Safe,Stable
45402.5,April,276.79,92.95999999999999,1,27.7,6.39,7.91,3.98,4,4,1,0,29.1,33.9,24.1,4.75,4,21.36842105263158,3.157894736842105,8.274450121534684,0.6044011280173849,0.01254451154328482,Yes,No,Normal,Safe,Stable
45402.54166666666,April,276.79,92.95999999999999,1,27.7,6.39,7.91,3.98,4,4,0,0,29.1,33.9,24.1,4.75,4,21.42105263157895,2.894736842105263,8.260997667773013,0.6345764792276007,0.009667623087234376,No,No,Normal,Safe,Stable
45402.58333333334,April,276.79,92.95999999999999,1,27.7,6.39,7.91,3.98,4,4,0,0,29.1,33.9,24.1,4.75,4,21.47368421052632,2.631578947368421,8.247545214011343,0.6647518304378165,0.006790734631183928,Yes,No,Normal,Safe,Stable
45402.625,April,276.79,92.95999999999999,1,27.7,6.39,7.91,3.98,4,4,0,0,29.1,33.9,24.1,4.75,4,21.52631578947368,2.368421052631579,8.234092760249673,0.6949271816480322,0.003913846175133479,No,No,Normal,Safe,Stable
45402.66666666666,April,276.79,92.95999999999999,1,27.7,6.39,7.91,3.98,4,4,0,0,29.1,33.9,24.1,4.75,4,21.57894736842105,2.105263157894737,8.220640306488002,0.7251025328582481,0.001036957719083027,Yes,No,Normal,Safe,Stable
45402.70833333334,April,276.79,92.95999999999999,1,27.7,6.39,7.91,3.98,4,4,0,0,29.1,33.9,24.1,4.75,4,21.63157894736842,1.842105263157895,8.207187852726332,0.7552778840684637,-0.001839930736967421,No,No,Normal,Safe,Stable
45402.75,April,276.79,92.95999999999999,1,27.7,6.39,7.91,3.98,4,4,0,0,29.1,33.9,24.1,4.75,4,21.68421052631579,1.578947368421053,8.193735398964662,0.7854532352786796,-0.00471681919301787,Yes,No,Normal,Safe,Stable
45402.79166666666,April,276.79,92.95999999999999,1,27.7,6.39,7.91,3.98,4,4,0,1,29.1,33.9,24.1,4.75,4,21.73684210526316,1.315789473684211,8.180282945202991,0.8156285864888954,-0.007593707649068318,No,No,Normal,Safe,Stable
45402.83333333334,April,276.79,92.95999999999999,1,27.7,6.39,7.91,3.98,4,4,0,0,29.1,33.9,24.1,4.75,4,21.78947368421053,1.052631578947369,8.166830491441322,0.8458039376991111,-0.01047059610511877,Yes,No,Normal,Safe,Stable
45402.875,April,276.79,92.95999999999999,1,27.7,6.39,7.91,3.98,4,4,0,0,29.1,33.9,24.1,4.75,4,21.84210526315789,0.7894736842105265,8.153378037679651,0.875979288909327,-0.01334748456116922,No,No,Normal,Safe,Stable
45402.91666666666,April,276.79,92.95999999999999,1,27.7,6.39,7.91,3.98,4,4,1,0,29.1,33.9,24.1,4.75,4,21.89473684210526,0.5263157894736841,8.13992558391798,0.9061546401195427,-0.01622437301721966,Yes,No,Normal,Safe,Stable
45402.95833333334,April,276.79,92.95999999999999,1,27.7,6.39,7.91,3.98,4,4,0,0,29.1,33.9,24.1,4.75,4,21.94736842105263,0.2631578947368425,8.126473130156311,0.9363299913297585,-0.01910126147327011,No,No,Normal,Safe,Stable
45403,April,276.79,92.95999999999999,1,27.7,6.39,7.91,3.98,4,4,0,0,29.1,33.9,24.1,4.75,4,22,0,8.11302067639464,0.9665053425399742,-0.02197814992932056,Yes,No,Normal,Safe,Stable
45403.04166666666,April,276.79,92.95999999999999,1,27.7,6.39,7.91,3.98,4,4,0,0,29.1,33.9,24.1,4.75,4,22,1,8.12429579934844,0.3535944827373546,0.1393191265730144,No,No,Normal,Safe,Stable
45403.08333333334,April,276.79,92.95999999999999,1,27.7,6.39,7.91,3.98,4,4,0,0,29.1,33.9,24.1,4.75,4,22,2,8.233393476660105,0.9718998447227426,0.01415191638241468,Yes,No,Normal,Safe,Stable
45403.125,April,276.79,92.95999999999999,1,27.7,6.39,7.91,3.98,4,4,0,0,29.1,33.9,24.1,4.75,4,22,3,8.2834543552338,0.2697099754295296,0.8444589571099423,No,No,Normal,Safe,Stable
45403.16666666666,April,276.79,92.95999999999999,1,27.7,6.39,7.91,3.98,4,4,0,0,29.1,33.9,24.1,4.75,4,22,4,7.895636967539967,0.2585090782711881,0.9709708613576641,Yes,No,Normal,Safe,Stable
45403.20833333334,April,276.79,92.95999999999999,1,27.7,6.39,7.91,3.98,4,4,1,0,29.1,33.9,24.1,4.75,4,22,5,8.219174378177984,0.4064444924416253,0.04240482890399213,No,No,Normal,Safe,Stable
45403.25,April,276.79,92.95999999999999,1,27.7,6.39,7.91,3.98,4,4,0,0,29.1,33.9,24.1,4.75,4,22.05263157894737,4.736842105263158,8.216701444895016,0.4366183369815243,0.03973585287606908,Yes,No,Normal,Safe,Stable
45403.29166666666,April,276.79,92.95999999999999,1,27.7,6.39,7.91,3.98,4,4,0,0,29.1,33.9,24.1,4.75,4,22.10526315789474,4.473684210526316,8.214228511612049,0.4667921815214234,0.03706687684814603,No,No,Normal,Safe,Stable
45403.33333333334,April,276.79,92.95999999999999,1,27.7,6.39,7.91,3.98,4,4,1,0,29.1,33.9,24.1,4.75,4,22.15789473684211,4.210526315789473,8.211755578329081,0.4969660260613225,0.03439790082022298,Yes,No,Normal,Safe,Stable
45403.375,April,276.79,92.95999999999999,1,27.7,6.39,7.91,3.98,4,4,0,0,29.1,33.9,24.1,4.75,4,22.21052631578947,3.947368421052632,8.209282645046112,0.5271398706012215,0.03172892479229994,No,No,Normal,Safe,Stable
45403.41666666666,April,276.79,92.95999999999999,1,27.7,6.39,7.91,3.98,4,4,0,1,29.1,33.9,24.1,4.75,4,22.26315789473684,3.684210526315789,8.206809711763144,0.5573137151411205,0.02905994876437689,Yes,No,Normal,Safe,Stable
45403.45833333334,April,276.79,92.95999999999999,1,27.7,6.39,7.91,3.98,4,4,0,0,29.1,33.9,24.1,4.75,4,22.31578947368421,3.421052631578947,8.204336778480178,0.5874875596810196,0.02639097273645384,No,No,Normal,Safe,Stable
45403.5,April,276.79,92.95999999999999,1,27.7,6.39,7.91,3.98,4,4,1,0,29.1,33.9,24.1,4.75,4,22.36842105263158,3.157894736842105,8.201863845197209,0.6176614042209186,0.0237219967085308,Yes,No,Normal,Safe,Stable
45403.54166666666,April,276.79,92.95999999999999,1,27.7,6.39,7.91,3.98,4,4,0,0,29.1,33.9,24.1,4.75,4,22.42105263157895,2.894736842105263,8.199390911914241,0.6478352487608177,0.02105302068060775,No,No,Normal,Safe,Stable
45403.58333333334,April,276.79,92.95999999999999,1,27.7,6.39,7.91,3.98,4,4,0,0,29.1,33.9,24.1,4.75,4,22.47368421052632,2.631578947368421,8.196917978631273,0.6780090933007167,0.0183840446526847,Yes,No,Normal,Safe,Stable
45403.625,April,276.79,92.95999999999999,1,27.7,6.39,7.91,3.98,4,4,0,0,29.1,33.9,24.1,4.75,4,22.52631578947368,2.368421052631579,8.194445045348306,0.7081829378406157,0.01571506862476165,No,No,Normal,Safe,Stable
45403.66666666666,April,276.79,92.95999999999999,1,27.7,6.39,7.91,3.98,4,4,0,0,29.1,33.9,24.1,4.75,4,22.57894736842105,2.105263157894737,8.191972112065338,0.7383567823805148,0.0130460925968386,Yes,No,Normal,Safe,Stable
45403.70833333334,April,276.79,92.95999999999999,1,27.7,6.39,7.91,3.98,4,4,0,0,29.1,33.9,24.1,4.75,4,22.63157894736842,1.842105263157895,8.18949917878237,0.7685306269204139,0.01037711656891555,No,No,Normal,Safe,Stable
45403.75,April,276.79,92.95999999999999,1,27.7,6.39,7.91,3.98,4,4,0,0,29.1,33.9,24.1,4.75,4,22.68421052631579,1.578947368421053,8.187026245499402,0.7987044714603129,0.007708140540992503,Yes,No,Normal,Safe,Stable
45403.79166666666,April,276.79,92.95999999999999,1,27.7,6.39,7.91,3.98,4,4,1,0,29.1,33.9,24.1,4.75,4,22.73684210526316,1.315789473684211,8.184553312216435,0.828878316000212,0.005039164513069461,No,No,Normal,Safe,Stable
45403.83333333334,April,276.79,92.95999999999999,1,27.7,6.39,7.91,3.98,4,4,0,1,29.1,33.9,24.1,4.75,4,22.78947368421053,1.052631578947369,8.182080378933467,0.859052160540111,0.002370188485146411,Yes,No,Normal,Safe,Stable
45403.875,April,276.79,92.95999999999999,1,27.7,6.39,7.91,3.98,4,4,0,0,29.1,33.9,24.1,4.75,4,22.84210526315789,0.7894736842105265,8.179607445650499,0.88922600508001,-0.0002987875427766379,No,No,Normal,Safe,Stable
45403.91666666666,April,276.79,92.95999999999999,1,27.7,6.39,7.91,3.98,4,4,1,0,29.1,33.9,24.1,4.75,4,22.89473684210526,0.5263157894736841,8.17713451236753,0.9193998496199091,-0.002967763570699687,Yes,No,Normal,Safe,Stable
45403.95833333334,April,276.79,92.95999999999999,1,27.7,6.39,7.91,3.98,4,4,0,0,29.1,33.9,24.1,4.75,4,22.94736842105263,0.2631578947368425,8.174661579084564,0.9495736941598081,-0.005636739598622736,No,No,Normal,Safe,Stable
45404,April,276.79,92.95999999999999,1,27.7,6.39,7.91,3.98,4,4,1,0,29.1,33.9,24.1,4.75,4,23,0,8.172188645801596,0.9797475386997072,-0.008305715626545781,Yes,No,Normal,Safe,Stable
45404.04166666666,April,276.79,92.95999999999999,1,27.7,6.39,7.91,3.98,4,4,0,0,29.1,33.9,24.1,4.75,4,23,1,7.604021190778353,0.9511379544689075,0.01597109076819168,No,No,Normal,Safe,Stable
45404.08333333334,April,276.79,92.95999999999999,1,27.7,6.39,7.91,3.98,4,4,1,0,29.1,33.9,24.1,4.75,4,23,2,7.818061060462429,0.3240009269806661,0.4337054222383657,Yes,No,Normal,Safe,Stable
45404.125,April,276.79,92.95999999999999,1,27.7,6.39,7.91,3.98,4,4,0,0,29.1,33.9,24.1,4.75,4,23,3,8.062859058895286,0.9756176701325939,0.00279790153965891,No,No,Normal,Safe,Stable
45404.16666666666,April,276.79,92.95999999999999,1,27.7,6.39,7.91,3.98,4,4,0,0,29.1,33.9,24.1,4.75,4,23,4,7.823305569785037,0.9653964425204151,0.02735826189020574,Yes,No,Normal,Safe,Stable
45404.20833333334,April,276.79,92.95999999999999,1,27.7,6.39,7.91,3.98,4,4,1,0,29.1,33.9,24.1,4.75,4,23,5,8.435857787820597,0.3924578030783166,0.02012535667859131,No,No,Normal,Safe,Stable
45404.25,April,276.79,92.95999999999999,1,27.7,6.39,7.91,3.98,4,4,0,0,29.1,33.9,24.1,4.75,4,23.05263157894737,4.736842105263158,8.439039724641056,0.3940305942762177,0.02034625673968866,Yes,No,Normal,Safe,Stable
45404.29166666666,April,276.79,92.95999999999999,1,27.7,6.39,7.91,3.98,4,4,0,0,29.1,33.9,24.1,4.75,4,23.10526315789474,4.473684210526316,8.442221661461515,0.3956033854741188,0.02056715680078602,No,No,Normal,Safe,Stable
45404.33333333334,April,276.79,92.95999999999999,1,27.7,6.39,7.91,3.98,4,4,0,0,29.1,33.9,24.1,4.75,4,23.15789473684211,4.210526315789473,8.445403598281974,0.3971761766720199,0.02078805686188337,Yes,No,Normal,Safe,Stable
45404.375,April,276.79,92.95999999999999,1,27.7,6.39,7.91,3.98,4,4,0,0,29.1,33.9,24.1,4.75,4,23.21052631578947,3.947368421052632,8.448585535102435,0.398748967869921,0.02100895692298072,No,No,Normal,Safe,Stable
45404.41666666666,April,276.79,92.95999999999999,1,27.7,6.39,7.91,3.98,4,4,1,0,29.1,33.9,24.1,4.75,4,23.26315789473684,3.684210526315789,8.451767471922894,0.4003217590678222,0.02122985698407808,Yes,No,Normal,Safe,Stable
45404.45833333334,April,276.79,92.95999999999999,1,27.7,6.39,7.91,3.98,4,4,0,0,29.1,33.9,24.1,4.75,4,23.31578947368421,3.421052631578947,8.454949408743353,0.4018945502657233,0.02145075704517543,No,No,Normal,Safe,Stable
45404.5,April,276.79,92.95999999999999,1,27.7,6.39,7.91,3.98,4,4,0,0,29.1,33.9,24.1,4.75,4,23.36842105263158,3.157894736842105,8.458131345563812,0.4034673414636244,0.02167165710627279,Yes,No,Normal,Safe,Stable
45404.54166666666,April,276.79,92.95999999999999,1,27.7,6.39,7.91,3.98,4,4,0,0,29.1,33.9,24.1,4.75,4,23.42105263157895,2.894736842105263,8.461313282384271,0.4050401326615255,0.02189255716737014,No,No,Normal,Safe,Stable
45404.58333333334,April,276.79,92.95999999999999,1,27.7,6.39,7.91,3.98,4,4,0,0,29.1,33.9,24.1,4.75,4,23.47368421052632,2.631578947368421,8.46449521920473,0.4066129238594266,0.02211345722846749,Yes,No,Normal,Safe,Stable
45404.625,April,276.79,92.95999999999999,1,27.7,6.39,7.91,3.98,4,4,0,0,29.1,33.9,24.1,4.75,4,23.52631578947368,2.368421052631579,8.467677156025191,0.4081857150573277,0.02233435728956485,No,No,Normal,Safe,Stable
45404.66666666666,April,276.79,92.95999999999999,1,27.7,6.39,7.91,3.98,4,4,1,0,29.1,33.9,24.1,4.75,4,23.57894736842105,2.105263157894737,8.47085909284565,0.4097585062552288,0.0225552573506622,Yes,No,Normal,Safe,Stable
45404.70833333334,April,276.79,92.95999999999999,1,27.7,6.39,7.91,3.98,4,4,0,0,29.1,33.9,24.1,4.75,4,23.63157894736842,1.842105263157895,8.474041029666109,0.4113312974531299,0.02277615741175955,No,No,Normal,Safe,Stable
45404.75,April,276.79,92.95999999999999,1,27.7,6.39,7.91,3.98,4,4,1,1,29.1,33.9,24.1,4.75,4,23.68421052631579,1.578947368421053,8.477222966486568,0.412904088651031,0.02299705747285691,Yes,No,Normal,Safe,Stable
45404.79166666666,April,276.79,92.95999999999999,1,27.7,6.39,7.91,3.98,4,4,0,0,29.1,33.9,24.1,4.75,4,23.73684210526316,1.315789473684211,8.480404903307027,0.4144768798489321,0.02321795753395426,No,No,Normal,Safe,Stable
45404.83333333334,April,276.79,92.95999999999999,1,27.7,6.39,7.91,3.98,4,4,0,0,29.1,33.9,24.1,4.75,4,23.78947368421053,1.052631578947369,8.483586840127487,0.4160496710468333,0.02343885759505161,Yes,No,Normal,Safe,Stable
45404.875,April,276.79,92.95999999999999,1,27.7,6.39,7.91,3.98,4,4,0,0,29.1,33.9,24.1,4.75,4,23.84210526315789,0.7894736842105265,8.486768776947947,0.4176224622447344,0.02365975765614897,No,No,Normal,Safe,Stable
45404.91666666666,April,276.79,92.95999999999999,1,27.7,6.39,7.91,3.98,4,4,0,0,29.1,33.9,24.1,4.75,4,23.89473684210526,0.5263157894736841,8.489950713768406,0.4191952534426355,0.02388065771724632,Yes,No,Normal,Safe,Stable
45404.95833333334,April,276.79,92.95999999999999,1,27.7,6.39,7.91,3.98,4,4,1,1,29.1,33.9,24.1,4.75,4,23.94736842105263,0.2631578947368425,8.493132650588866,0.4207680446405366,0.02410155777834368,No,No,Normal,Safe,Stable
45405,April,276.79,92.95999999999999,1,27.7,6.39,7.91,3.98,4,4,0,0,29.1,33.9,24.1,4.75,4,24,0,8.496314587409325,0.4223408358384377,0.02432245783944103,Yes,No,Normal,Safe,Stable
45405.04166666666,April,276.79,92.95999999999999,1,27.7,6.39,7.91,3.98,4,4,0,0,29.1,33.9,24.1,4.75,4,24,1,8.263924617943038,0.3223091826072605,0.1031536102690563,No,No,Normal,Safe,Stable
45405.08333333334,April,276.79,92.95999999999999,1,27.7,6.39,7.91,3.98,4,4,0,0,29.1,33.9,24.1,4.75,4,24,2,8.180650927363866,0.3756744810176736,0.480684573991859,Yes,No,Normal,Safe,Stable
45405.125,April,276.79,92.95999999999999,1,27.7,6.39,7.91,3.98,4,4,0,0,29.1,33.9,24.1,4.75,4,24,3,8.451613270186648,0.2311305666517442,0.9880733482275719,No,No,Normal,Safe,Stable
45405.16666666666,April,276.79,92.95999999999999,1,27.7,6.39,7.91,3.98,4,4,0,0,29.1,33.9,24.1,4.75,4,24,4,8.076772077625765,0.2904232695950045,0.8732488423955126,Yes,No,Normal,Safe,Stable
45405.20833333334,April,276.79,92.95999999999999,1,27.7,6.39,7.91,3.98,4,4,0,0,29.1,33.9,24.1,4.75,4,24,5,8.51017338527342,0.3697147565380404,0.003122068047134138,No,No,Normal,Safe,Stable
45405.25,April,276.79,92.95999999999999,1,27.7,6.39,7.91,3.98,4,4,0,0,29.1,33.9,24.1,4.75,4,24.05263157894737,4.736842105263158,8.490408164353799,0.3712605604539152,0.005461889182461046,Yes,No,Normal,Safe,Stable
45405.29166666666,April,276.79,92.95999999999999,1,27.7,6.39,7.91,3.98,4,4,0,1,29.1,33.9,24.1,4.75,4,24.10526315789474,4.473684210526316,8.470642943434179,0.3728063643697899,0.007801710317787953,No,No,Normal,Safe,Stable
45405.33333333334,April,276.79,92.95999999999999,1,27.7,6.39,7.91,3.98,4,4,0,0,29.1,33.9,24.1,4.75,4,24.15789473684211,4.210526315789473,8.450877722514557,0.3743521682856647,0.01014153145311486,Yes,No,Normal,Safe,Stable
45405.375,April,276.79,92.95999999999999,1,27.7,6.39,7.91,3.98,4,4,0,0,29.1,33.9,24.1,4.75,4,24.21052631578947,3.947368421052632,8.431112501594935,0.3758979722015394,0.01248135258844177,No,No,Normal,Safe,Stable
45405.41666666666,April,276.79,92.95999999999999,1,27.7,6.39,7.91,3.98,4,4,0,0,29.1,33.9,24.1,4.75,4,24.26315789473684,3.684210526315789,8.411347280675315,0.3774437761174142,0.01482117372376868,Yes,No,Normal,Safe,Stable
45405.45833333334,April,276.79,92.95999999999999,1,27.7,6.39,7.91,3.98,4,4,1,0,29.1,33.9,24.1,4.75,4,24.31578947368421,3.421052631578947,8.391582059755693,0.3789895800332889,0.01716099485909558,No,No,Normal,Safe,Stable
45405.5,April,276.79,92.95999999999999,1,27.7,6.39,7.91,3.98,4,4,0,0,29.1,33.9,24.1,4.75,4,24.36842105263158,3.157894736842105,8.371816838836073,0.3805353839491637,0.01950081599442249,Yes,No,Normal,Safe,Stable
45405.54166666666,April,276.79,92.95999999999999,1,27.7,6.39,7.91,3.98,4,4,0,0,29.1,33.9,24.1,4.75,4,24.42105263157895,2.894736842105263,8.352051617916452,0.3820811878650384,0.0218406371297494,No,No,Normal,Safe,Stable
45405.58333333334,April,276.79,92.95999999999999,1,27.7,6.39,7.91,3.98,4,4,0,0,29.1,33.9,24.1,4.75,4,24.47368421052632,2.631578947368421,8.33228639699683,0.3836269917809132,0.02418045826507631,Yes,No,Normal,Safe,Stable
45405.625,April,276.79,92.95999999999999,1,27.7,6.39,7.91,3.98,4,4,0,0,29.1,33.9,24.1,4.75,4,24.52631578947368,2.368421052631579,8.31252117607721,0.3851727956967879,0.02652027940040321,No,No,Normal,Safe,Stable
45405.66666666666,April,276.79,92.95999999999999,1,27.7,6.39,7.91,3.98,4,4,0,0,29.1,33.9,24.1,4.75,4,24.57894736842105,2.105263157894737,8.292755955157588,0.3867185996126627,0.02886010053573012,Yes,No,Normal,Safe,Stable
45405.70833333334,April,276.79,92.95999999999999,1,27.7,6.39,7.91,3.98,4,4,1,0,29.1,33.9,24.1,4.75,4,24.63157894736842,1.842105263157895,8.272990734237966,0.3882644035285374,0.03119992167105703,No,No,Normal,Safe,Stable
45405.75,April,276.79,92.95999999999999,1,27.7,6.39,7.91,3.98,4,4,1,0,29.1,33.9,24.1,4.75,4,24.68421052631579,1.578947368421053,8.253225513318347,0.3898102074444122,0.03353974280638394,Yes,No,Normal,Safe,Stable
45405.79166666666,April,276.79,92.95999999999999,1,27.7,6.39,7.91,3.98,4,4,0,0,29.1,33.9,24.1,4.75,4,24.73684210526316,1.315789473684211,8.233460292398725,0.3913560113602869,0.03587956394171084,No,No,Normal,Safe,Stable
45405.83333333334,April,276.79,92.95999999999999,1,27.7,6.39,7.91,3.98,4,4,1,0,29.1,33.9,24.1,4.75,4,24.78947368421053,1.052631578947369,8.213695071479105,0.3929018152761617,0.03821938507703775,Yes,No,Normal,Safe,Stable
45405.875,April,276.79,92.95999999999999,1,27.7,6.39,7.91,3.98,4,4,1,0,29.1,33.9,24.1,4.75,4,24.84210526315789,0.7894736842105265,8.193929850559483,0.3944476191920364,0.04055920621236465,No,No,Normal,Safe,Stable
45405.91666666666,April,276.79,92.95999999999999,1,27.7,6.39,7.91,3.98,4,4,0,0,29.1,33.9,24.1,4.75,4,24.89473684210526,0.5263157894736841,8.174164629639861,0.3959934231079112,0.04289902734769156,Yes,No,Normal,Safe,Stable
45405.95833333334,April,276.79,92.95999999999999,1,27.7,6.39,7.91,3.98,4,4,0,0,29.1,33.9,24.1,4.75,4,24.94736842105263,0.2631578947368425,8.154399408720241,0.397539227023786,0.04523884848301847,No,No,Normal,Safe,Stable
45406,April,276.79,92.95999999999999,1,27.7,6.39,7.91,3.98,4,4,0,0,29.1,33.9,24.1,4.75,4,25,0,8.13463418780062,0.3990850309396607,0.04757866961834538,Yes,No,Normal,Safe,Stable
45406.04166666666,April,276.79,92.95999999999999,1,27.7,6.39,7.91,3.98,4,4,0,0,29.1,33.9,24.1,4.75,4,25,1,8.303853391767969,0.3109743160402322,0.1354101560659556,No,No,Normal,Safe,Stable
45406.08333333334,April,276.79,92.95999999999999,1,27.7,6.39,7.91,3.98,4,4,0,0,29.1,33.9,24.1,4.75,4,25,2,8.017683789803804,0.3660380020728398,0.4528755449444481,Yes,No,Normal,Safe,Stable
45406.125,April,276.79,92.95999999999999,1,27.7,6.39,7.91,3.98,4,4,0,0,29.1,33.9,24.1,4.75,4,25,3,8.216639310567649,0.266839773995362,0.8631578665883379,No,No,Normal,Safe,Stable
45406.16666666666,April,276.79,92.95999999999999,1,27.7,6.39,7.91,3.98,4,4,1,0,29.1,33.9,24.1,4.75,4,25,4,8.074495081931904,0.9608083668390421,0.004589993200494666,Yes,No,Normal,Safe,Stable
45406.20833333334,April,276.79,92.95999999999999,1,27.7,6.39,7.91,3.98,4,4,0,0,29.1,33.9,24.1,4.75,4,25,5,7.828489042052208,0.4151661952063579,0.03841940031538424,No,No,Normal,Safe,Stable
45406.25,April,276.79,92.95999999999999,1,27.7,6.39,7.91,3.98,4,4,0,0,29.1,33.9,24.1,4.75,4,25.05263157894737,4.736842105263158,7.843117612212371,0.4448386658289665,0.03494744509640744,Yes,No,Normal,Safe,Stable
45406.29166666666,April,276.79,92.95999999999999,1,27.7,6.39,7.91,3.98,4,4,0,0,29.1,33.9,24.1,4.75,4,25.10526315789474,4.473684210526316,7.857746182372533,0.4745111364515752,0.03147548987743064,No,No,Normal,Safe,Stable
45406.33333333334,April,276.79,92.95999999999999,1,27.7,6.39,7.91,3.98,4,4,0,0,29.1,33.9,24.1,4.75,4,25.15789473684211,4.210526315789473,7.872374752532695,0.5041836070741839,0.02800353465845383,Yes,No,Normal,Safe,Stable
45406.375,April,276.79,92.95999999999999,1,27.7,6.39,7.91,3.98,4,4,0,0,29.1,33.9,24.1,4.75,4,25.21052631578947,3.947368421052632,7.887003322692857,0.5338560776967924,0.02453157943947703,No,No,Normal,Safe,Stable
45406.41666666666,April,276.79,92.95999999999999,1,27.7,6.39,7.91,3.98,4,4,0,0,29.1,33.9,24.1,4.75,4,25.26315789473684,3.684210526315789,7.90163189285302,0.5635285483194011,0.02105962422050023,Yes,No,Normal,Safe,Stable
45406.45833333334,April,276.79,92.95999999999999,1,27.7,6.39,7.91,3.98,4,4,0,0,29.1,33.9,24.1,4.75,4,25.31578947368421,3.421052631578947,7.916260463013182,0.5932010189420097,0.01758766900152343,No,No,Normal,Safe,Stable
45406.5,April,276.79,92.95999999999999,1,27.7,6.39,7.91,3.98,4,4,0,0,29.1,33.9,24.1,4.75,4,25.36842105263158,3.157894736842105,7.930889033173345,0.6228734895646184,0.01411571378254662,Yes,No,Normal,Safe,Stable
45406.54166666666,April,276.79,92.95999999999999,1,27.7,6.39,7.91,3.98,4,4,0,0,29.1,33.9,24.1,4.75,4,25.42105263157895,2.894736842105263,7.945517603333507,0.652545960187227,0.01064375856356982,No,No,Normal,Safe,Stable
45406.58333333334,April,276.79,92.95999999999999,1,27.7,6.39,7.91,3.98,4,4,0,0,29.1,33.9,24.1,4.75,4,25.47368421052632,2.631578947368421,7.960146173493669,0.6822184308098357,0.007171803344593022,Yes,No,Normal,Safe,Stable
45406.625,April,276.79,92.95999999999999,1,27.7,6.39,7.91,3.98,4,4,1,0,29.1,33.9,24.1,4.75,4,25.52631578947368,2.368421052631579,7.974774743653832,0.7118909014324444,0.003699848125616217,No,No,Normal,Safe,Stable
45406.66666666666,April,276.79,92.95999999999999,1,27.7,6.39,7.91,3.98,4,4,0,0,29.1,33.9,24.1,4.75,4,25.57894736842105,2.105263157894737,7.989403313813994,0.741563372055053,0.0002278929066394167,Yes,No,Normal,Safe,Stable
45406.70833333334,April,276.79,92.95999999999999,1,27.7,6.39,7.91,3.98,4,4,0,0,29.1,33.9,24.1,4.75,4,25.63157894736842,1.842105263157895,8.004031883974156,0.7712358426776615,-0.003244062312337384,No,No,Normal,Safe,Stable
45406.75,April,276.79,92.95999999999999,1,27.7,6.39,7.91,3.98,4,4,0,0,29.1,33.9,24.1,4.75,4,25.68421052631579,1.578947368421053,8.018660454134318,0.8009083133002702,-0.006716017531314185,Yes,No,Normal,Safe,Stable
45406.79166666666,April,276.79,92.95999999999999,1,27.7,6.39,7.91,3.98,4,4,1,0,29.1,33.9,24.1,4.75,4,25.73684210526316,1.315789473684211,8.033289024294481,0.8305807839228789,-0.01018797275029099,No,No,Normal,Safe,Stable
45406.83333333334,April,276.79,92.95999999999999,1,27.7,6.39,7.91,3.98,4,4,0,0,29.1,33.9,24.1,4.75,4,25.78947368421053,1.052631578947369,8.047917594454644,0.8602532545454875,-0.01365992796926779,Yes,No,Normal,Safe,Stable
45406.875,April,276.79,92.95999999999999,1,27.7,6.39,7.91,3.98,4,4,0,0,29.1,33.9,24.1,4.75,4,25.84210526315789,0.7894736842105265,8.062546164614806,0.8899257251680961,-0.01713188318824459,No,No,Normal,Safe,Stable
45406.91666666666,April,276.79,92.95999999999999,1,27.7,6.39,7.91,3.98,4,4,0,0,29.1,33.9,24.1,4.75,4,25.89473684210526,0.5263157894736841,8.077174734774967,0.9195981957907048,-0.02060383840722139,Yes,No,Normal,Safe,Stable
45406.95833333334,April,276.79,92.95999999999999,1,27.7,6.39,7.91,3.98,4,4,0,0,29.1,33.9,24.1,4.75,4,25.94736842105263,0.2631578947368425,8.09180330493513,0.9492706664133135,-0.0240757936261982,No,No,Normal,Safe,Stable
45407,April,276.79,92.95999999999999,1,27.7,6.39,7.91,3.98,4,4,0,0,29.1,33.9,24.1,4.75,4,26,0,8.106431875095293,0.9789431370359221,-0.02754774884517499,Yes,No,Normal,Safe,Stable
45407.04166666666,April,276.79,92.95999999999999,1,27.7,6.39,7.91,3.98,4,4,0,0,29.1,33.9,24.1,4.75,4,26,1,8.001488595602297,0.3708185389700968,0.1479737027232392,No,No,Normal,Safe,Stable
45407.08333333334,April,276.79,92.95999999999999,1,27.7,6.39,7.91,3.98,4,4,0,0,29.1,33.9,24.1,4.75,4,26,2,7.943200144669933,0.9454694593232873,-0.001675455077043448,Yes,No,Normal,Safe,Stable
45407.125,April,276.79,92.95999999999999,1,27.7,6.39,7.91,3.98,4,4,0,0,29.1,33.9,24.1,4.75,4,26,3,8.023816902797588,0.2937482981921248,0.9619181332883903,No,No,Normal,Safe,Stable
45407.16666666666,April,276.79,92.95999999999999,1,27.7,6.39,7.91,3.98,4,4,1,0,29.1,33.9,24.1,4.75,4,26,4,8.076771963440361,0.2072131633572644,0.9642357582906543,Yes,No,Normal,Safe,Stable
45407.20833333334,April,276.79,92.95999999999999,1,27.7,6.39,7.91,3.98,4,4,1,0,29.1,33.9,24.1,4.75,4,26,5,7.83121368487521,0.3950474164832427,-0.003037519029528913,No,No,Normal,Safe,Stable
45407.25,April,276.79,92.95999999999999,1,27.7,6.39,7.91,3.98,4,4,0,0,29.1,33.9,24.1,4.75,4,26.05263157894737,4.736842105263158,7.830249232680108,0.3935240991124569,-0.002454579406872729,Yes,No,Normal,Safe,Stable
45407.29166666666,April,276.79,92.95999999999999,1,27.7,6.39,7.91,3.98,4,4,0,0,29.1,33.9,24.1,4.75,4,26.10526315789474,4.473684210526316,7.829284780485006,0.3920007817416711,-0.001871639784216545,No,No,Normal,Safe,Stable
45407.33333333334,April,276.79,92.95999999999999,1,27.7,6.39,7.91,3.98,4,4,1,0,29.1,33.9,24.1,4.75,4,26.15789473684211,4.210526315789473,7.828320328289904,0.3904774643708853,-0.001288700161560361,Yes,No,Normal,Safe,Stable
45407.375,April,276.79,92.95999999999999,1,27.7,6.39,7.91,3.98,4,4,0,0,29.1,33.9,24.1,4.75,4,26.21052631578947,3.947368421052632,7.827355876094802,0.3889541470000996,-0.0007057605389041775,No,No,Normal,Safe,Stable
45407.41666666666,April,276.79,92.95999999999999,1,27.7,6.39,7.91,3.98,4,4,0,0,29.1,33.9,24.1,4.75,4,26.26315789473684,3.684210526315789,7.8263914238997,0.3874308296293137,-0.0001228209162479938,Yes,No,Normal,Safe,Stable
45407.45833333334,April,276.79,92.95999999999999,1,27.7,6.39,7.91,3.98,4,4,0,0,29.1,33.9,24.1,4.75,4,26.31578947368421,3.421052631578947,7.825426971704598,0.385907512258528,0.0004601187064081904,No,No,Normal,Safe,Stable
45407.5,April,276.79,92.95999999999999,1,27.7,6.39,7.91,3.98,4,4,0,0,29.1,33.9,24.1,4.75,4,26.36842105263158,3.157894736842105,7.824462519509496,0.3843841948877422,0.001043058329064374,Yes,No,Normal,Safe,Stable
45407.54166666666,April,276.79,92.95999999999999,1,27.7,6.39,7.91,3.98,4,4,0,1,29.1,33.9,24.1,4.75,4,26.42105263157895,2.894736842105263,7.823498067314395,0.3828608775169564,0.001625997951720558,No,No,Normal,Safe,Stable
45407.58333333334,April,276.79,92.95999999999999,1,27.7,6.39,7.91,3.98,4,4,1,0,29.1,33.9,24.1,4.75,4,26.47368421052632,2.631578947368421,7.822533615119292,0.3813375601461706,0.002208937574376742,Yes,No,Normal,Safe,Stable
45407.625,April,276.79,92.95999999999999,1,27.7,6.39,7.91,3.98,4,4,0,0,29.1,33.9,24.1,4.75,4,26.52631578947368,2.368421052631579,7.821569162924191,0.3798142427753848,0.002791877197032925,No,No,Normal,Safe,Stable
45407.66666666666,April,276.79,92.95999999999999,1,27.7,6.39,7.91,3.98,4,4,0,0,29.1,33.9,24.1,4.75,4,26.57894736842105,2.105263157894737,7.820604710729088,0.378290925404599,0.003374816819689109,Yes,No,Normal,Safe,Stable
45407.70833333334,April,276.79,92.95999999999999,1,27.7,6.39,7.91,3.98,4,4,1,0,29.1,33.9,24.1,4.75,4,26.63157894736842,1.842105263157895,7.819640258533987,0.3767676080338133,0.003957756442345294,No,No,Normal,Safe,Stable
45407.75,April,276.79,92.95999999999999,1,27.7,6.39,7.91,3.98,4,4,0,0,29.1,33.9,24.1,4.75,4,26.68421052631579,1.578947368421053,7.818675806338885,0.3752442906630274,0.004540696065001478,Yes,No,Normal,Safe,Stable
45407.79166666666,April,276.79,92.95999999999999,1,27.7,6.39,7.91,3.98,4,4,0,0,29.1,33.9,24.1,4.75,4,26.73684210526316,1.315789473684211,7.817711354143783,0.3737209732922417,0.005123635687657661,No,No,Normal,Safe,Stable
45407.83333333334,April,276.79,92.95999999999999,1,27.7,6.39,7.91,3.98,4,4,0,0,29.1,33.9,24.1,4.75,4,26.78947368421053,1.052631578947369,7.816746901948681,0.3721976559214559,0.005706575310313844,Yes,No,Normal,Safe,Stable
45407.875,April,276.79,92.95999999999999,1,27.7,6.39,7.91,3.98,4,4,0,0,29.1,33.9,24.1,4.75,4,26.84210526315789,0.7894736842105265,7.815782449753579,0.3706743385506701,0.006289514932970029,No,No,Normal,Safe,Stable
45407.91666666666,April,276.79,92.95999999999999,1,27.7,6.39,7.91,3.98,4,4,0,0,29.1,33.9,24.1,4.75,4,26.89473684210526,0.5263157894736841,7.814817997558477,0.3691510211798843,0.006872454555626214,Yes,No,Normal,Safe,Stable
45407.95833333334,April,276.79,92.95999999999999,1,27.7,6.39,7.91,3.98,4,4,1,0,29.1,33.9,24.1,4.75,4,26.94736842105263,0.2631578947368425,7.813853545363375,0.3676277038090985,0.007455394178282396,No,No,Normal,Safe,Stable
45408,April,276.79,92.95999999999999,1,27.7,6.39,7.91,3.98,4,4,0,0,29.1,33.9,24.1,4.75,4,27,0,7.812889093168273,0.3661043864383127,0.008038333800938581,Yes,No,Normal,Safe,Stable
45408.04166666666,April,276.79,92.95999999999999,1,27.7,6.39,7.91,3.98,4,4,0,0,29.1,33.9,24.1,4.75,4,27,1,7.966664936765493,0.9638670147912919,-0.03018598806981929,No,No,Normal,Safe,Stable
45408.08333333334,April,276.79,92.95999999999999,1,27.7,6.39,7.91,3.98,4,4,0,0,29.1,33.9,24.1,4.75,4,27,2,8.278487009701156,0.3112611970082216,0.4856774782106093,Yes,No,Normal,Safe,Stable
45408.125,April,276.79,92.95999999999999,1,27.7,6.39,7.91,3.98,4,4,0,0,29.1,33.9,24.1,4.75,4,27,3,8.276468472480978,0.3274174371714508,0.8117339130721581,No,No,Normal,Safe,Stable
45408.16666666666,April,276.79,92.95999999999999,1,27.7,6.39,7.91,3.98,4,4,0,0,29.1,33.9,24.1,4.75,4,27,4,8.316619763709197,0.2738481552660568,0.9623418910509807,Yes,No,Normal,Safe,Stable
45408.20833333334,April,276.79,92.95999999999999,1,27.7,6.39,7.91,3.98,4,4,0,0,29.1,33.9,24.1,4.75,4,27,5,7.833308999023724,0.3934155132897261,0.05022909254318716,No,No,Normal,Safe,Stable
45408.25,April,276.79,92.95999999999999,1,27.7,6.39,7.91,3.98,4,4,1,0,29.1,33.9,24.1,4.75,4,27.05263157894737,4.736842105263158,7.847356663275773,0.3929842585145281,0.04640503486555355,Yes,No,Normal,Safe,Stable
45408.29166666666,April,276.79,92.95999999999999,1,27.7,6.39,7.91,3.98,4,4,0,0,29.1,33.9,24.1,4.75,4,27.10526315789474,4.473684210526316,7.861404327527823,0.3925530037393301,0.04258097718791994,No,No,Normal,Safe,Stable
45408.33333333334,April,276.79,92.95999999999999,1,27.7,6.39,7.91,3.98,4,4,0,0,29.1,33.9,24.1,4.75,4,27.15789473684211,4.210526315789473,7.875451991779872,0.392121748964132,0.03875691951028633,Yes,No,Normal,Safe,Stable
45408.375,April,276.79,92.95999999999999,1,27.7,6.39,7.91,3.98,4,4,0,0,29.1,33.9,24.1,4.75,4,27.21052631578947,3.947368421052632,7.889499656031922,0.3916904941889339,0.03493286183265273,No,No,Normal,Safe,Stable
45408.41666666666,April,276.79,92.95999999999999,1,27.7,6.39,7.91,3.98,4,4,0,1,29.1,33.9,24.1,4.75,4,27.26315789473684,3.684210526315789,7.903547320283972,0.3912592394137359,0.03110880415501912,Yes,No,Normal,Safe,Stable
45408.45833333334,April,276.79,92.95999999999999,1,27.7,6.39,7.91,3.98,4,4,0,0,29.1,33.9,24.1,4.75,4,27.31578947368421,3.421052631578947,7.917594984536022,0.3908279846385379,0.02728474647738551,No,No,Normal,Safe,Stable
45408.5,April,276.79,92.95999999999999,1,27.7,6.39,7.91,3.98,4,4,0,0,29.1,33.9,24.1,4.75,4,27.36842105263158,3.157894736842105,7.931642648788071,0.3903967298633398,0.0234606887997519,Yes,No,Normal,Safe,Stable
45408.54166666666,April,276.79,92.95999999999999,1,27.7,6.39,7.91,3.98,4,4,0,0,29.1,33.9,24.1,4.75,4,27.42105263157895,2.894736842105263,7.945690313040121,0.3899654750881417,0.0196366311221183,No,No,Normal,Safe,Stable
45408.58333333334,April,276.79,92.95999999999999,1,27.7,6.39,7.91,3.98,4,4,0,0,29.1,33.9,24.1,4.75,4,27.47368421052632,2.631578947368421,7.95973797729217,0.3895342203129437,0.01581257344448469,Yes,No,Normal,Safe,Stable
45408.625,April,276.79,92.95999999999999,1,27.7,6.39,7.91,3.98,4,4,0,0,29.1,33.9,24.1,4.75,4,27.52631578947368,2.368421052631579,7.97378564154422,0.3891029655377456,0.01198851576685108,No,No,Normal,Safe,Stable
45408.66666666666,April,276.79,92.95999999999999,1,27.7,6.39,7.91,3.98,4,4,0,0,29.1,33.9,24.1,4.75,4,27.57894736842105,2.105263157894737,7.987833305796269,0.3886717107625476,0.008164458089217473,Yes,No,Normal,Safe,Stable
45408.70833333334,April,276.79,92.95999999999999,1,27.7,6.39,7.91,3.98,4,4,1,0,29.1,33.9,24.1,4.75,4,27.63157894736842,1.842105263157895,8.001880970048319,0.3882404559873495,0.004340400411583865,No,No,Normal,Safe,Stable
45408.75,April,276.79,92.95999999999999,1,27.7,6.39,7.91,3.98,4,4,0,0,29.1,33.9,24.1,4.75,4,27.68421052631579,1.578947368421053,8.015928634300369,0.3878092012121515,0.0005163427339502577,Yes,No,Normal,Safe,Stable
45408.79166666666,April,276.79,92.95999999999999,1,27.7,6.39,7.91,3.98,4,4,0,0,29.1,33.9,24.1,4.75,4,27.73684210526316,1.315789473684211,8.029976298552418,0.3873779464369534,-0.00330771494368335,No,No,Normal,Safe,Stable
45408.83333333334,April,276.79,92.95999999999999,1,27.7,6.39,7.91,3.98,4,4,0,0,29.1,33.9,24.1,4.75,4,27.78947368421053,1.052631578947369,8.044023962804468,0.3869466916617554,-0.007131772621316958,Yes,No,Normal,Safe,Stable
45408.875,April,276.79,92.95999999999999,1,27.7,6.39,7.91,3.98,4,4,0,0,29.1,33.9,24.1,4.75,4,27.84210526315789,0.7894736842105265,8.058071627056517,0.3865154368865573,-0.01095583029895057,No,No,Normal,Safe,Stable
45408.91666666666,April,276.79,92.95999999999999,1,27.7,6.39,7.91,3.98,4,4,0,0,29.1,33.9,24.1,4.75,4,27.89473684210526,0.5263157894736841,8.072119291308567,0.3860841821113593,-0.01477988797658417,Yes,No,Normal,Safe,Stable
45408.95833333334,April,276.79,92.95999999999999,1,27.7,6.39,7.91,3.98,4,4,0,0,29.1,33.9,24.1,4.75,4,27.94736842105263,0.2631578947368425,8.086166955560616,0.3856529273361612,-0.01860394565421778,No,No,Normal,Safe,Stable
45409,April,276.79,92.95999999999999,1,27.7,6.39,7.91,3.98,4,4,0,0,29.1,33.9,24.1,4.75,4,28,0,8.100214619812666,0.3852216725609632,-0.02242800333185138,Yes,No,Normal,Safe,Stable
45409.04166666666,April,276.79,92.95999999999999,1,27.7,6.39,7.91,3.98,4,4,0,0,29.1,33.9,24.1,4.75,4,28,1,7.955756015264122,0.3631568585537723,0.452186311536411,No,No,Normal,Safe,Stable
45409.08333333334,April,276.79,92.95999999999999,1,27.7,6.39,7.91,3.98,4,4,0,0,29.1,33.9,24.1,4.75,4,28,2,8.064306066773664,0.9793329520970158,0.009904565860806456,Yes,No,Normal,Safe,Stable
45409.125,April,276.79,92.95999999999999,1,27.7,6.39,7.91,3.98,4,4,0,0,29.1,33.9,24.1,4.75,4,28,3,8.49184820096729,0.1669937062746387,0.8915992801718776,No,No,Normal,Safe,Stable
45409.16666666666,April,276.79,92.95999999999999,1,27.7,6.39,7.91,3.98,4,4,0,0,29.1,33.9,24.1,4.75,4,28,4,7.835816929749157,0.9523803767765207,-0.004059684271040908,Yes,No,Normal,Safe,Stable
45409.20833333334,April,276.79,92.95999999999999,1,27.7,6.39,7.91,3.98,4,4,0,0,29.1,33.9,24.1,4.75,4,28,5,8.227560537384496,0.4029922651950318,0.04080905568871701,No,No,Normal,Safe,Stable
45409.25,April,276.57,92.95955223880597,1,27.68358208955224,6.394328358208955,7.909701492537313,3.968208955223881,4.014925373134329,4.014925373134329,0,0,29.1,33.9,24.1,4.768059701492537,4.014925373134329,27.59701492537313,4.925373134328359,8.225007572645023,0.4031811164350487,0.04002738836288317,Yes,No,Normal,Safe,Stable
45409.29166666666,April,276.35,92.95910447761193,1,27.66716417910448,6.39865671641791,7.909402985074627,3.956417910447761,4.029850746268656,4.029850746268656,0,1,29.1,33.9,24.1,4.786119402985075,4.029850746268656,27.19402985074627,4.850746268656716,8.222454607905547,0.4033699676750656,0.03924572103704932,No,No,Normal,Safe,Stable
45409.33333333334,April,276.13,92.95865671641791,1,27.65074626865671,6.402985074626866,7.90910447761194,3.944626865671642,4.044776119402985,4.044776119402985,0,0,29.1,33.9,24.1,4.804179104477612,4.044776119402985,26.7910447761194,4.776119402985074,8.219901643166073,0.4035588189150824,0.03846405371121547,Yes,No,Normal,Safe,Stable
45409.375,April,275.91,92.95820895522388,1,27.63432835820895,6.407313432835821,7.908805970149253,3.932835820895523,4.059701492537314,4.059701492537314,0,0,29.1,33.9,24.1,4.822238805970149,4.059701492537314,26.38805970149254,4.701492537313433,8.2173486784266,0.4037476701550993,0.03768238638538163,No,No,Normal,Safe,Stable
45409.41666666666,April,275.69,92.95776119402984,1,27.61791044776119,6.411641791044776,7.908507462686567,3.921044776119403,4.074626865671641,4.074626865671641,0,0,29.1,33.9,24.1,4.840298507462687,4.074626865671641,25.98507462686567,4.626865671641792,8.214795713687124,0.4039365213951162,0.03690071905954778,Yes,No,Normal,Safe,Stable
45409.45833333334,April,275.47,92.95731343283582,1,27.60149253731343,6.415970149253731,7.908208955223881,3.909253731343283,4.08955223880597,4.08955223880597,0,0,29.1,33.9,24.1,4.858358208955224,4.08955223880597,25.58208955223881,4.552238805970149,8.21224274894765,0.4041253726351331,0.03611905173371394,No,No,Normal,Safe,Stable
45409.5,April,275.25,92.95686567164178,1,27.58507462686567,6.420298507462686,7.907910447761195,3.897462686567164,4.104477611940299,4.104477611940299,1,1,29.1,33.9,24.1,4.876417910447762,4.104477611940299,25.17910447761194,4.477611940298507,8.209689784208175,0.4043142238751499,0.03533738440788009,Yes,No,Normal,Safe,Stable
45409.54166666666,April,275.03,92.95641791044775,1,27.56865671641791,6.424626865671642,7.907611940298508,3.885671641791045,4.119402985074627,4.119402985074627,0,0,29.1,33.9,24.1,4.894477611940299,4.119402985074627,24.77611940298507,4.402985074626866,8.207136819468701,0.4045030751151668,0.03455571708204624,No,No,Normal,Safe,Stable
45409.58333333334,April,274.81,92.95597014925373,1,27.55223880597015,6.428955223880597,7.907313432835821,3.873880597014925,4.134328358208955,4.134328358208955,1,0,29.1,33.9,24.1,4.912537313432836,4.134328358208955,24.37313432835821,4.328358208955224,8.204583854729227,0.4046919263551837,0.0337740497562124,Yes,No,Normal,Safe,Stable
45409.625,April,274.59,92.95552238805969,1,27.53582089552239,6.433283582089552,7.907014925373135,3.862089552238806,4.149253731343284,4.149253731343284,0,0,29.1,33.9,24.1,4.930597014925374,4.149253731343284,23.97014925373134,4.253731343283582,8.202030889989752,0.4048807775952006,0.03299238243037855,No,No,Normal,Safe,Stable
45409.66666666666,April,274.37,92.95507462686567,1,27.51940298507463,6.437611940298507,7.906716417910448,3.850298507462687,4.164179104477612,4.164179104477612,0,0,29.1,33.9,24.1,4.94865671641791,4.164179104477612,23.56716417910448,4.17910447761194,8.199477925250278,0.4050696288352175,0.03221071510454471,Yes,No,Normal,Safe,Stable
45409.70833333334,April,274.15,92.95462686567164,1,27.50298507462686,6.441940298507462,7.906417910447761,3.838507462686567,4.17910447761194,4.17910447761194,0,0,29.1,33.9,24.1,4.966716417910447,4.17910447761194,23.16417910447761,4.104477611940299,8.196924960510804,0.4052584800752344,0.03142904777871086,No,No,Normal,Safe,Stable
45409.75,April,273.93,92.9541791044776,1,27.4865671641791,6.446268656716418,7.906119402985075,3.826716417910448,4.194029850746269,4.194029850746269,0,0,29.1,33.9,24.1,4.984776119402985,4.194029850746269,22.76119402985075,4.029850746268657,8.194371995771329,0.4054473313152512,0.03064738045287701,Yes,No,Normal,Safe,Stable
45409.79166666666,April,273.71,92.95373134328358,1,27.47014925373134,6.450597014925373,7.905820895522388,3.814925373134328,4.208955223880597,4.208955223880597,0,0,29.1,33.9,24.1,5.002835820895522,4.208955223880597,22.35820895522388,3.955223880597015,8.191819031031855,0.4056361825552681,0.02986571312704316,No,No,Normal,Safe,Stable
45409.83333333334,April,273.49,92.95328358208955,1,27.45373134328358,6.454925373134328,7.905522388059701,3.803134328358209,4.223880597014926,4.223880597014926,1,0,29.1,33.9,24.1,5.020895522388059,4.223880597014926,21.95522388059701,3.880597014925373,8.189266066292381,0.405825033795285,0.02908404580120932,Yes,No,Normal,Safe,Stable
45409.875,April,273.27,92.95283582089552,1,27.43731343283582,6.459253731343283,7.905223880597015,3.79134328358209,4.238805970149254,4.238805970149254,1,0,29.1,33.9,24.1,5.038955223880597,4.238805970149254,21.55223880597015,3.805970149253731,8.186713101552906,0.4060138850353019,0.02830237847537547,No,No,Normal,Safe,Stable
45409.91666666666,April,273.05,92.95238805970149,1,27.42089552238806,6.463582089552238,7.904925373134328,3.77955223880597,4.253731343283582,4.253731343283582,0,0,29.1,33.9,24.1,5.057014925373134,4.253731343283582,21.14925373134328,3.73134328358209,8.184160136813432,0.4062027362753188,0.02752071114954163,Yes,No,Normal,Safe,Stable
45409.95833333334,April,272.83,92.95194029850747,1,27.4044776119403,6.467910447761193,7.904626865671641,3.767761194029851,4.268656716417911,4.268656716417911,0,1,29.1,33.9,24.1,5.075074626865671,4.268656716417911,20.74626865671642,3.656716417910448,8.181607172073958,0.4063915875153357,0.02673904382370778,No,No,Normal,Safe,Stable
45410,April,272.61,92.95149253731343,1,27.38805970149254,6.472238805970149,7.904328358208955,3.755970149253731,4.283582089552239,4.283582089552239,1,0,29.1,33.9,24.1,5.093134328358209,4.283582089552239,20.34328358208955,3.582089552238806,8.179054207334483,0.4065804387553525,0.02595737649787393,Yes,No,Normal,Safe,Stable
45410.04166666666,April,272.39,92.9510447761194,1,27.37164179104478,6.476567164179104,7.904029850746269,3.744179104477612,4.298507462686567,4.298507462686567,0,0,29.1,33.9,24.1,5.111194029850746,4.298507462686567,19.94029850746269,3.507462686567164,8.176501242595009,0.4067692899953694,0.02517570917204009,No,No,Normal,Safe,Stable
45410.08333333334,April,272.17,92.95059701492536,1,27.35522388059702,6.480895522388059,7.903731343283583,3.732388059701492,4.313432835820896,4.313432835820896,0,1,29.1,33.9,24.1,5.129253731343284,4.313432835820896,19.53731343283582,3.432835820895523,8.173948277855533,0.4069581412353863,0.02439404184620624,Yes,No,Normal,Safe,Stable
45410.125,April,271.95,92.95014925373134,1,27.33880597014925,6.485223880597014,7.903432835820896,3.720597014925373,4.328358208955223,4.328358208955223,0,0,29.1,33.9,24.1,5.147313432835821,4.328358208955223,19.13432835820895,3.358208955223881,8.17139531311606,0.4071469924754031,0.0236123745203724,No,No,Normal,Safe,Stable
45410.16666666666,April,271.73,92.94970149253732,1,27.32238805970149,6.489552238805969,7.903134328358209,3.708805970149254,4.343283582089552,4.343283582089552,0,0,29.1,33.9,24.1,5.165373134328358,4.343283582089552,18.73134328358209,3.283582089552239,8.168842348376586,0.40733584371542,0.02283070719453855,Yes,No,Normal,Safe,Stable
45410.20833333334,April,271.51,92.94925373134328,1,27.30597014925373,6.493880597014925,7.902835820895523,3.697014925373134,4.358208955223881,4.358208955223881,1,1,29.1,33.9,24.1,5.183432835820896,4.358208955223881,18.32835820895522,3.208955223880597,8.16628938363711,0.4075246949554369,0.0220490398687047,No,No,Normal,Safe,Stable
45410.25,April,271.29,92.94880597014925,1,27.28955223880597,6.49820895522388,7.902537313432836,3.685223880597015,4.373134328358208,4.373134328358208,0,0,29.1,33.9,24.1,5.201492537313433,4.373134328358208,17.92537313432836,3.134328358208955,8.163736418897637,0.4077135461954538,0.02126737254287086,Yes,No,Normal,Safe,Stable
45410.29166666666,April,271.07,92.94835820895523,1,27.27313432835821,6.502537313432835,7.902238805970149,3.673432835820896,4.388059701492537,4.388059701492537,1,0,29.1,33.9,24.1,5.21955223880597,4.388059701492537,17.52238805970149,3.059701492537314,8.161183454158163,0.4079023974354707,0.02048570521703701,No,No,Normal,Safe,Stable
45410.33333333334,April,270.85,92.94791044776119,1,27.25671641791045,6.506865671641791,7.901940298507463,3.661641791044776,4.402985074626866,4.402985074626866,0,0,29.1,33.9,24.1,5.237611940298508,4.402985074626866,17.11940298507463,2.985074626865672,8.158630489418687,0.4080912486754876,0.01970403789120316,Yes,No,Normal,Safe,Stable
45410.375,April,270.63,92.94746268656716,1,27.24029850746269,6.511194029850746,7.901641791044776,3.649850746268656,4.417910447761194,4.417910447761194,0,0,29.1,33.9,24.1,5.255671641791045,4.417910447761194,16.71641791044776,2.91044776119403,8.156077524679214,0.4082800999155045,0.01892237056536932,No,No,Normal,Safe,Stable
45410.41666666666,April,270.41,92.94701492537314,1,27.22388059701493,6.515522388059702,7.901343283582089,3.638059701492537,4.432835820895522,4.432835820895522,0,0,29.1,33.9,24.1,5.273731343283582,4.432835820895522,16.3134328358209,2.835820895522388,8.15352455993974,0.4084689511555213,0.01814070323953547,Yes,No,Normal,Safe,Stable
45410.45833333334,April,270.19,92.9465671641791,1,27.20746268656717,6.519850746268657,7.901044776119403,3.626268656716418,4.447761194029851,4.447761194029851,0,0,29.1,33.9,24.1,5.29179104477612,4.447761194029851,15.91044776119403,2.761194029850746,8.150971595200264,0.4086578023955382,0.01735903591370163,No,No,Normal,Safe,Stable
45410.5,April,269.97,92.94611940298508,1,27.1910447761194,6.524179104477612,7.900746268656716,3.614477611940298,4.462686567164179,4.462686567164179,1,0,29.1,33.9,24.1,5.309850746268657,4.462686567164179,15.50746268656716,2.686567164179105,8.148418630460791,0.4088466536355551,0.01657736858786778,Yes,No,Normal,Safe,Stable
45410.54166666666,April,269.75,92.94567164179105,1,27.17462686567164,6.528507462686567,7.900447761194029,3.602686567164179,4.477611940298507,4.477611940298507,0,1,29.1,33.9,24.1,5.327910447761194,4.477611940298507,15.1044776119403,2.611940298507463,8.145865665721317,0.409035504875572,0.01579570126203394,No,No,Normal,Safe,Stable
45410.58333333334,April,269.53,92.94522388059701,1,27.15820895522388,6.532835820895522,7.900149253731343,3.59089552238806,4.492537313432836,4.492537313432836,0,0,29.1,33.9,24.1,5.345970149253731,4.492537313432836,14.70149253731343,2.537313432835821,8.143312700981841,0.4092243561155889,0.01501403393620009,Yes,No,Normal,Safe,Stable
45410.625,April,269.31,92.94477611940299,1,27.14179104477612,6.537164179104478,7.899850746268656,3.57910447761194,4.507462686567164,4.507462686567164,0,0,29.1,33.9,24.1,5.364029850746268,4.507462686567164,14.29850746268657,2.462686567164179,8.140759736242368,0.4094132073556057,0.01423236661036624,No,No,Normal,Safe,Stable
45410.66666666666,April,269.09,92.94432835820895,1,27.12537313432836,6.541492537313433,7.89955223880597,3.567313432835821,4.522388059701493,4.522388059701493,0,0,29.1,33.9,24.1,5.382089552238806,4.522388059701493,13.8955223880597,2.388059701492538,8.138206771502892,0.4096020585956226,0.0134506992845324,Yes,No,Normal,Safe,Stable
45410.70833333334,April,268.87,92.94388059701492,1,27.1089552238806,6.545820895522388,7.899253731343284,3.555522388059702,4.537313432835821,4.537313432835821,0,0,29.1,33.9,24.1,5.400149253731343,4.537313432835821,13.49253731343284,2.313432835820896,8.135653806763418,0.4097909098356395,0.01266903195869855,No,No,Normal,Safe,Stable
45410.75,April,268.65,92.9434328358209,1,27.09253731343284,6.550149253731343,7.898955223880597,3.543731343283582,4.552238805970149,4.552238805970149,0,0,29.1,33.9,24.1,5.41820895522388,4.552238805970149,13.08955223880597,2.238805970149254,8.133100842023945,0.4099797610756564,0.01188736463286471,Yes,No,Normal,Safe,Stable
45410.79166666666,April,268.43,92.94298507462686,1,27.07611940298507,6.554477611940298,7.898656716417911,3.531940298507463,4.567164179104478,4.567164179104478,1,0,29.1,33.9,24.1,5.436268656716418,4.567164179104478,12.6865671641791,2.164179104477612,8.130547877284469,0.4101686123156733,0.01110569730703086,No,No,Normal,Safe,Stable
45410.83333333334,April,268.21,92.94253731343284,1,27.05970149253731,6.558805970149254,7.898358208955224,3.520149253731343,4.582089552238806,4.582089552238806,0,0,29.1,33.9,24.1,5.454328358208955,4.582089552238806,12.28358208955224,2.08955223880597,8.127994912544995,0.4103574635556901,0.01032402998119701,Yes,No,Normal,Safe,Stable
45410.875,April,267.99,92.94208955223881,1,27.04328358208955,6.563134328358209,7.898059701492537,3.508358208955224,4.597014925373134,4.597014925373134,1,0,29.1,33.9,24.1,5.472388059701492,4.597014925373134,11.88059701492537,2.014925373134329,8.125441947805522,0.410546314795707,0.009542362655363165,No,No,Normal,Safe,Stable
45410.91666666666,April,267.77,92.94164179104477,1,27.02686567164179,6.567462686567164,7.897761194029851,3.496567164179104,4.611940298507463,4.611940298507463,0,0,29.1,33.9,24.1,5.49044776119403,4.611940298507463,11.47761194029851,1.940298507462687,8.122888983066046,0.4107351660357239,0.008760695329529319,Yes,No,Normal,Safe,Stable
45410.95833333334,April,267.55,92.94119402985075,1,27.01044776119403,6.571791044776119,7.897462686567164,3.484776119402985,4.626865671641792,4.626865671641792,0,0,29.1,33.9,24.1,5.508507462686567,4.626865671641792,11.07462686567164,1.865671641791045,8.120336018326572,0.4109240172757408,0.007979028003695474,No,No,Normal,Safe,Stable
45411,April,267.33,92.94074626865672,1,26.99402985074627,6.576119402985074,7.897164179104477,3.472985074626866,4.641791044776119,4.641791044776119,0,0,29.1,33.9,24.1,5.526567164179104,4.641791044776119,10.67164179104478,1.791044776119403,8.117783053587099,0.4111128685157577,0.007197360677861628,Yes,No,Normal,Safe,Stable
45411.04166666666,April,267.11,92.94029850746269,1,26.97761194029851,6.58044776119403,7.896865671641791,3.461194029850746,4.656716417910448,4.656716417910448,1,0,29.1,33.9,24.1,5.544626865671642,4.656716417910448,10.26865671641791,1.716417910447761,8.115230088847623,0.4113017197557746,0.006415693352027782,No,No,Normal,Safe,Stable
45411.08333333334,April,266.89,92.93985074626866,1,26.96119402985075,6.584776119402985,7.896567164179104,3.449402985074627,4.671641791044776,4.671641791044776,1,0,29.1,33.9,24.1,5.562686567164179,4.671641791044776,9.865671641791046,1.64179104477612,8.112677124108149,0.4114905709957914,0.005634026026193936,Yes,No,Normal,Safe,Stable
45411.125,April,266.67,92.93940298507464,1,26.94477611940298,6.58910447761194,7.896268656716417,3.437611940298507,4.686567164179104,4.686567164179104,0,0,29.1,33.9,24.1,5.580746268656716,4.686567164179104,9.46268656716418,1.567164179104478,8.110124159368675,0.4116794222358083,0.00485235870036009,No,No,Normal,Safe,Stable
45411.16666666666,April,266.45,92.9389552238806,1,26.92835820895522,6.593432835820895,7.895970149253731,3.425820895522388,4.701492537313433,4.701492537313433,0,0,29.1,33.9,24.1,5.598805970149254,4.701492537313433,9.059701492537314,1.492537313432836,8.1075711946292,0.4118682734758252,0.004070691374526245,Yes,No,Normal,Safe,Stable
45411.20833333334,April,266.23,92.93850746268657,1,26.91194029850746,6.59776119402985,7.895671641791044,3.414029850746269,4.716417910447761,4.716417910447761,0,1,29.1,33.9,24.1,5.616865671641791,4.716417910447761,8.656716417910449,1.417910447761194,8.105018229889726,0.412057124715842,0.003289024048692399,No,No,Normal,Safe,Stable
45411.25,April,266.01,92.93805970149253,1,26.8955223880597,6.602089552238806,7.895373134328358,3.402238805970149,4.731343283582089,4.731343283582089,0,1,29.1,33.9,24.1,5.634925373134329,4.731343283582089,8.253731343283583,1.343283582089553,8.102465265150251,0.4122459759558589,0.002507356722858553,Yes,No,Normal,Safe,Stable
45411.29166666666,April,265.79,92.93761194029851,1,26.87910447761194,6.606417910447761,7.895074626865672,3.39044776119403,4.746268656716418,4.746268656716418,0,0,29.1,33.9,24.1,5.652985074626866,4.746268656716418,7.850746268656717,1.268656716417911,8.099912300410777,0.4124348271958758,0.001725689397024707,No,No,Normal,Safe,Stable
45411.33333333334,April,265.57,92.93716417910449,1,26.86268656716418,6.610746268656716,7.894776119402985,3.37865671641791,4.761194029850746,4.761194029850746,0,0,29.1,33.9,24.1,5.671044776119403,4.761194029850746,7.447761194029852,1.194029850746269,8.097359335671303,0.4126236784358927,0.0009440220711908615,Yes,No,Normal,Safe,Stable
45411.375,April,265.35,92.93671641791045,1,26.84626865671642,6.615074626865671,7.894477611940299,3.366865671641791,4.776119402985074,4.776119402985074,0,0,29.1,33.9,24.1,5.689104477611941,4.776119402985074,7.044776119402986,1.119402985074627,8.094806370931828,0.4128125296759096,0.0001623547453570157,No,No,Normal,Safe,Stable
45411.41666666666,April,265.13,92.93626865671642,1,26.82985074626866,6.619402985074626,7.894179104477612,3.355074626865671,4.791044776119403,4.791044776119403,0,0,29.1,33.9,24.1,5.707164179104478,4.791044776119403,6.64179104477612,1.044776119402985,8.092253406192354,0.4130013809159265,-0.0006193125804768301,Yes,No,Normal,Safe,Stable
45411.45833333334,April,264.91,92.9358208955224,1,26.8134328358209,6.623731343283582,7.893880597014925,3.343283582089552,4.805970149253731,4.805970149253731,0,0,29.1,33.9,24.1,5.725223880597015,4.805970149253731,6.238805970149254,0.9701492537313436,8.08970044145288,0.4131902321559434,-0.001400979906310683,No,No,Normal,Safe,Stable
45411.5,April,264.69,92.93537313432836,1,26.79701492537313,6.628059701492537,7.893582089552239,3.331492537313433,4.82089552238806,4.82089552238806,0,0,29.1,33.9,24.1,5.743283582089552,4.82089552238806,5.835820895522389,0.8955223880597014,8.087147476713405,0.4133790833959602,-0.002182647232144529,Yes,No,Normal,Safe,Stable
45411.54166666666,April,264.47,92.93492537313433,1,26.78059701492537,6.632388059701492,7.893283582089552,3.319701492537313,4.835820895522388,4.835820895522388,0,0,29.1,33.9,24.1,5.761343283582089,4.835820895522388,5.432835820895523,0.8208955223880601,8.084594511973931,0.4135679346359771,-0.002964314557978374,No,No,Normal,Safe,Stable
45411.58333333334,April,264.25,92.93447761194031,1,26.76417910447761,6.636716417910447,7.892985074626865,3.307910447761194,4.850746268656716,4.850746268656716,0,0,29.1,33.9,24.1,5.779402985074627,4.850746268656716,5.029850746268657,0.7462686567164187,8.082041547234457,0.413756785875994,-0.00374598188381222,Yes,No,Normal,Safe,Stable
45411.625,April,264.03,92.93402985074627,1,26.74776119402985,6.641044776119402,7.892686567164179,3.296119402985075,4.865671641791045,4.865671641791045,0,0,29.1,33.9,24.1,5.797462686567164,4.865671641791045,4.626865671641792,0.6716417910447765,8.079488582494982,0.4139456371160109,-0.004527649209646066,No,No,Normal,Safe,Stable
45411.66666666666,April,263.81,92.93358208955225,1,26.73134328358209,6.645373134328358,7.892388059701492,3.284328358208955,4.880597014925373,4.880597014925373,0,0,29.1,33.9,24.1,5.815522388059701,4.880597014925373,4.223880597014926,0.5970149253731343,8.076935617755508,0.4141344883560278,-0.005309316535479912,Yes,No,Normal,Safe,Stable
45411.70833333334,April,263.59,92.93313432835822,1,26.71492537313433,6.649701492537313,7.892089552238805,3.272537313432836,4.895522388059701,4.895522388059701,1,0,29.1,33.9,24.1,5.833582089552239,4.895522388059701,3.82089552238806,0.5223880597014929,8.074382653016034,0.4143233395960447,-0.006090983861313758,No,No,Normal,Safe,Stable
45411.75,April,263.37,92.93268656716418,1,26.69850746268657,6.654029850746269,7.891791044776119,3.260746268656717,4.91044776119403,4.91044776119403,0,0,29.1,33.9,24.1,5.851641791044776,4.91044776119403,3.417910447761194,0.4477611940298516,8.071829688276559,0.4145121908360615,-0.006872651187147603,Yes,No,Normal,Safe,Stable
45411.79166666666,April,263.15,92.93223880597016,1,26.68208955223881,6.658358208955224,7.891492537313432,3.248955223880597,4.925373134328359,4.925373134328359,0,0,29.1,33.9,24.1,5.869701492537313,4.925373134328359,3.014925373134329,0.3731343283582094,8.069276723537085,0.4147010420760784,-0.007654318512981449,No,No,Normal,Safe,Stable
45411.83333333334,April,262.93,92.93179104477612,1,26.66567164179105,6.662686567164179,7.891194029850746,3.237164179104477,4.940298507462686,4.940298507462686,1,0,29.1,33.9,24.1,5.887761194029851,4.940298507462686,2.611940298507463,0.2985074626865671,8.066723758797609,0.4148898933160953,-0.008435985838815295,Yes,No,Normal,Safe,Stable
45411.875,April,262.71,92.93134328358209,1,26.64925373134329,6.667014925373134,7.890895522388059,3.225373134328358,4.955223880597015,4.955223880597015,0,0,29.1,33.9,24.1,5.905820895522388,4.955223880597015,2.208955223880597,0.2238805970149258,8.064170794058136,0.4150787445561122,-0.009217653164649141,No,No,Normal,Safe,Stable
45411.91666666666,April,262.49,92.93089552238807,1,26.63283582089552,6.67134328358209,7.890597014925373,3.213582089552239,4.970149253731344,4.970149253731344,0,0,29.1,33.9,24.1,5.923880597014925,4.970149253731344,1.805970149253731,0.1492537313432845,8.061617829318662,0.415267595796129,-0.009999320490482987,Yes,No,Normal,Safe,Stable
45411.95833333334,April,262.27,92.93044776119403,1,26.61641791044776,6.675671641791045,7.890298507462687,3.201791044776119,4.985074626865671,4.985074626865671,0,0,29.1,33.9,24.1,5.941940298507463,4.985074626865671,1.402985074626866,0.07462686567164223,8.059064864579186,0.4154564470361459,-0.01078098781631683,No,No,Normal,Safe,Stable
45412,May,262.05,92.93000000000001,1,26.6,6.68,7.89,3.19,5,5,1,0,29.1,33.9,24.1,5.96,5,1,0,8.056511899839712,0.4156452982761628,-0.01156265514215068,Yes,Yes,Normal,Safe,Stable
45412.04166666666,May,262.05,92.93000000000001,1,26.6,6.68,7.89,3.19,5,5,0,0,29.1,33.9,24.1,5.96,5,1,1,8.144956417288373,0.313927671316972,0.1166193242522084,No,No,Normal,Safe,Stable
45412.08333333334,May,262.05,92.93000000000001,1,26.6,6.68,7.89,3.19,5,5,0,0,29.1,33.9,24.1,5.96,5,1,2,8.237350535419942,0.3333889622658062,0.4452633808656776,Yes,No,Normal,Safe,Stable
45412.125,May,262.05,92.93000000000001,1,26.6,6.68,7.89,3.19,5,5,0,0,29.1,33.9,24.1,5.96,5,1,3,7.789159975303528,0.9309707199292441,-0.004990127322391161,No,No,Normal,Safe,Stable
45412.16666666666,May,262.05,92.93000000000001,1,26.6,6.68,7.89,3.19,5,5,0,1,29.1,33.9,24.1,5.96,5,1,4,7.911274494220386,0.2243483798576959,0.9340218148190446,Yes,No,Normal,Safe,Stable
45412.20833333334,May,262.05,92.93000000000001,1,26.6,6.68,7.89,3.19,5,5,0,0,29.1,33.9,24.1,5.96,5,1,5,8.107996344868885,0.3843397004829831,0.001966262946779564,No,No,Normal,Safe,Stable
45412.25,May,262.05,92.93000000000001,1,26.6,6.68,7.89,3.19,5,5,0,0,29.1,33.9,24.1,5.96,5,1.052631578947368,4.736842105263158,8.117520152707035,0.3856945472865791,0.001133718348954659,Yes,Yes,Normal,Safe,Stable
45412.29166666666,May,262.05,92.93000000000001,1,26.6,6.68,7.89,3.19,5,5,0,0,29.1,33.9,24.1,5.96,5,1.105263157894737,4.473684210526316,8.127043960545187,0.3870493940901752,0.0003011737511297542,No,No,Normal,Safe,Stable
45412.33333333334,May,262.05,92.93000000000001,1,26.6,6.68,7.89,3.19,5,5,0,0,29.1,33.9,24.1,5.96,5,1.157894736842105,4.210526315789473,8.136567768383337,0.3884042408937712,-0.0005313708466951508,Yes,No,Normal,Safe,Stable
45412.375,May,262.05,92.93000000000001,1,26.6,6.68,7.89,3.19,5,5,1,0,29.1,33.9,24.1,5.96,5,1.210526315789474,3.947368421052632,8.146091576221487,0.3897590876973672,-0.001363915444520056,No,No,Normal,Safe,Stable
45412.41666666666,May,262.05,92.93000000000001,1,26.6,6.68,7.89,3.19,5,5,0,0,29.1,33.9,24.1,5.96,5,1.263157894736842,3.684210526315789,8.155615384059637,0.3911139345009633,-0.00219646004234496,Yes,No,Normal,Safe,Stable
45412.45833333334,May,262.05,92.93000000000001,1,26.6,6.68,7.89,3.19,5,5,0,0,29.1,33.9,24.1,5.96,5,1.315789473684211,3.421052631578947,8.165139191897788,0.3924687813045593,-0.003029004640169866,No,No,Normal,Safe,Stable
45412.5,May,262.05,92.93000000000001,1,26.6,6.68,7.89,3.19,5,5,0,0,29.1,33.9,24.1,5.96,5,1.368421052631579,3.157894736842105,8.174662999735938,0.3938236281081554,-0.00386154923799477,Yes,Yes,Normal,Safe,Stable
45412.54166666666,May,262.05,92.93000000000001,1,26.6,6.68,7.89,3.19,5,5,1,0,29.1,33.9,24.1,5.96,5,1.421052631578947,2.894736842105263,8.184186807574088,0.3951784749117513,-0.004694093835819676,No,No,Normal,Safe,Stable
45412.58333333334,May,262.05,92.93000000000001,1,26.6,6.68,7.89,3.19,5,5,0,0,29.1,33.9,24.1,5.96,5,1.473684210526316,2.631578947368421,8.193710615412238,0.3965333217153474,-0.005526638433644581,Yes,No,Normal,Safe,Stable
45412.625,May,262.05,92.93000000000001,1,26.6,6.68,7.89,3.19,5,5,0,0,29.1,33.9,24.1,5.96,5,1.526315789473684,2.368421052631579,8.20323442325039,0.3978881685189434,-0.006359183031469484,No,No,Normal,Safe,Stable
45412.66666666666,May,262.05,92.93000000000001,1,26.6,6.68,7.89,3.19,5,5,0,0,29.1,33.9,24.1,5.96,5,1.578947368421053,2.105263157894737,8.212758231088539,0.3992430153225395,-0.007191727629294389,Yes,No,Normal,Safe,Stable
45412.70833333334,May,262.05,92.93000000000001,1,26.6,6.68,7.89,3.19,5,5,1,1,29.1,33.9,24.1,5.96,5,1.631578947368421,1.842105263157895,8.222282038926689,0.4005978621261355,-0.008024272227119295,No,No,Normal,Safe,Stable
45412.75,May,262.05,92.93000000000001,1,26.6,6.68,7.89,3.19,5,5,0,1,29.1,33.9,24.1,5.96,5,1.684210526315789,1.578947368421053,8.231805846764839,0.4019527089297315,-0.0088568168249442,Yes,Yes,Normal,Safe,Stable
45412.79166666666,May,262.05,92.93000000000001,1,26.6,6.68,7.89,3.19,5,5,1,1,29.1,33.9,24.1,5.96,5,1.736842105263158,1.315789473684211,8.241329654602991,0.4033075557333275,-0.009689361422769103,No,No,Normal,Safe,Stable
45412.83333333334,May,262.05,92.93000000000001,1,26.6,6.68,7.89,3.19,5,5,0,0,29.1,33.9,24.1,5.96,5,1.789473684210526,1.052631578947369,8.250853462441141,0.4046624025369236,-0.01052190602059401,Yes,No,Normal,Safe,Stable
45412.875,May,262.05,92.93000000000001,1,26.6,6.68,7.89,3.19,5,5,1,0,29.1,33.9,24.1,5.96,5,1.842105263157895,0.7894736842105265,8.260377270279291,0.4060172493405196,-0.01135445061841891,No,No,Normal,Safe,Stable
45412.91666666666,May,262.05,92.93000000000001,1,26.6,6.68,7.89,3.19,5,5,0,0,29.1,33.9,24.1,5.96,5,1.894736842105263,0.5263157894736841,8.26990107811744,0.4073720961441156,-0.01218699521624382,Yes,No,Normal,Safe,Stable
45412.95833333334,May,262.05,92.93000000000001,1,26.6,6.68,7.89,3.19,5,5,0,0,29.1,33.9,24.1,5.96,5,1.947368421052631,0.2631578947368425,8.279424885955592,0.4087269429477117,-0.01301953981406872,No,No,Normal,Safe,Stable
45413,May,262.05,92.93000000000001,1,26.6,6.68,7.89,3.19,5,5,0,4,29.1,33.9,24.1,5.96,5,2,0,8.288948693793742,0.4100817897513077,-0.01385208441189363,Yes,Yes,Normal,Safe,Stable
45413.04166666666,May,262.05,92.93000000000001,1,26.6,6.68,7.89,3.19,5,5,0,1,29.1,33.9,24.1,5.96,5,2,1,8.565808854435053,0.3367082988109661,0.1259759299740985,No,No,Normal,Safe,Stable
45413.08333333334,May,262.05,92.93000000000001,1,26.6,6.68,7.89,3.19,5,5,0,1,29.1,33.9,24.1,5.96,5,2,2,7.868865986694491,0.9909398948085623,-0.01335298455713986,Yes,No,Normal,Safe,Stable
45413.125,May,262.05,92.93000000000001,1,26.6,6.68,7.89,3.19,5,5,0,4,29.1,33.9,24.1,5.96,5,2,3,8.275217078230641,0.5225851866272769,0.01117234265566965,No,No,Normal,Safe,Stable
45413.16666666666,May,262.05,92.93000000000001,1,26.6,6.68,7.89,3.19,5,5,0,5,29.1,33.9,24.1,5.96,5,2,4,8.225876052261274,0.3134950879676313,0.9290051837728099,Yes,No,Normal,Safe,Stable
45413.20833333334,May,262.05,92.93000000000001,1,26.6,6.68,7.89,3.19,5,5,1,6,29.1,33.9,24.1,5.96,5,2,5,8.547898490683655,0.4036037349155016,0.001662971899706281,No,No,Normal,Safe,Stable
45413.25,May,262.05,92.93000000000001,1,26.6,6.68,7.89,3.19,5,5,0,5,29.1,33.9,24.1,5.96,5,2.052631578947369,4.736842105263158,8.50892478937514,0.4044761932819042,0.004461674484449141,Yes,Yes,Normal,Safe,Stable
45413.29166666666,May,262.05,92.93000000000001,1,26.6,6.68,7.89,3.19,5,5,0,4,29.1,33.9,24.1,5.96,5,2.105263157894737,4.473684210526316,8.469951088066624,0.4053486516483067,0.007260377069192002,No,No,Normal,Safe,Stable
45413.33333333334,May,262.05,92.93000000000001,1,26.6,6.68,7.89,3.19,5,5,0,5,29.1,33.9,24.1,5.96,5,2.157894736842105,4.210526315789473,8.430977386758109,0.4062211100147093,0.01005907965393486,Yes,No,Normal,Safe,Stable
45413.375,May,262.05,92.93000000000001,1,26.6,6.68,7.89,3.19,5,5,1,2,29.1,33.9,24.1,5.96,5,2.210526315789473,3.947368421052632,8.392003685449593,0.4070935683811118,0.01285778223867772,No,No,Normal,Safe,Stable
45413.41666666666,May,262.05,92.93000000000001,1,26.6,6.68,7.89,3.19,5,5,0,5,29.1,33.9,24.1,5.96,5,2.263157894736842,3.684210526315789,8.353029984141077,0.4079660267475144,0.01565648482342058,Yes,No,Normal,Safe,Stable
45413.45833333334,May,262.05,92.93000000000001,1,26.6,6.68,7.89,3.19,5,5,0,4,29.1,33.9,24.1,5.96,5,2.315789473684211,3.421052631578947,8.314056282832562,0.408838485113917,0.01845518740816345,No,No,Normal,Safe,Stable
45413.5,May,262.05,92.93000000000001,1,26.6,6.68,7.89,3.19,5,5,0,2,29.1,33.9,24.1,5.96,5,2.368421052631579,3.157894736842105,8.275082581524046,0.4097109434803195,0.0212538899929063,Yes,Yes,Normal,Safe,Stable
45413.54166666666,May,262.05,92.93000000000001,1,26.6,6.68,7.89,3.19,5,5,1,4,29.1,33.9,24.1,5.96,5,2.421052631578947,2.894736842105263,8.23610888021553,0.4105834018467221,0.02405259257764917,No,No,Normal,Safe,Stable
45413.58333333334,May,262.05,92.93000000000001,1,26.6,6.68,7.89,3.19,5,5,0,5,29.1,33.9,24.1,5.96,5,2.473684210526316,2.631578947368421,8.197135178907015,0.4114558602131246,0.02685129516239203,Yes,No,Normal,Safe,Stable
45413.625,May,262.05,92.93000000000001,1,26.6,6.68,7.89,3.19,5,5,0,2,29.1,33.9,24.1,5.96,5,2.526315789473684,2.368421052631579,8.158161477598499,0.4123283185795272,0.02964999774713489,No,No,Normal,Safe,Stable
45413.66666666666,May,262.05,92.93000000000001,1,26.6,6.68,7.89,3.19,5,5,1,5,29.1,33.9,24.1,5.96,5,2.578947368421053,2.105263157894737,8.119187776289984,0.4132007769459297,0.03244870033187774,Yes,No,Normal,Safe,Stable
45413.70833333334,May,262.05,92.93000000000001,1,26.6,6.68,7.89,3.19,5,5,0,5,29.1,33.9,24.1,5.96,5,2.631578947368421,1.842105263157895,8.080214074981468,0.4140732353123323,0.03524740291662061,No,No,Normal,Safe,Stable
45413.75,May,262.05,92.93000000000001,1,26.6,6.68,7.89,3.19,5,5,0,5,29.1,33.9,24.1,5.96,5,2.684210526315789,1.578947368421053,8.041240373672952,0.4149456936787349,0.03804610550136347,Yes,Yes,Normal,Safe,Stable
45413.79166666666,May,262.05,92.93000000000001,1,26.6,6.68,7.89,3.19,5,5,0,4,29.1,33.9,24.1,5.96,5,2.736842105263158,1.315789473684211,8.002266672364437,0.4158181520451374,0.04084480808610633,No,No,Normal,Safe,Stable
45413.83333333334,May,262.05,92.93000000000001,1,26.6,6.68,7.89,3.19,5,5,1,2,29.1,33.9,24.1,5.96,5,2.789473684210527,1.052631578947369,7.963292971055922,0.41669061041154,0.04364351067084919,Yes,No,Normal,Safe,Stable
45413.875,May,262.05,92.93000000000001,1,26.6,6.68,7.89,3.19,5,5,0,4,29.1,33.9,24.1,5.96,5,2.842105263157895,0.7894736842105265,7.924319269747406,0.4175630687779425,0.04644221325559205,No,No,Normal,Safe,Stable
45413.91666666666,May,262.05,92.93000000000001,1,26.6,6.68,7.89,3.19,5,5,0,2,29.1,33.9,24.1,5.96,5,2.894736842105263,0.5263157894736841,7.885345568438891,0.4184355271443451,0.04924091584033491,Yes,No,Normal,Safe,Stable
45413.95833333334,May,262.05,92.93000000000001,1,26.6,6.68,7.89,3.19,5,5,0,4,29.1,33.9,24.1,5.96,5,2.947368421052631,0.2631578947368425,7.846371867130375,0.4193079855107477,0.05203961842507777,No,No,Normal,Safe,Stable
45414,May,262.05,92.93000000000001,1,26.6,6.68,7.89,3.19,5,5,1,4,29.1,33.9,24.1,5.96,5,3,0,7.807398165821859,0.4201804438771502,0.05483832100982063,Yes,Yes,Normal,Safe,Stable
45414.04166666666,May,262.05,92.93000000000001,1,26.6,6.68,7.89,3.19,5,5,1,4,29.1,33.9,24.1,5.96,5,3,1,8.482021093699979,0.3308388730674803,0.1404978621136603,No,No,Normal,Safe,Stable
45414.08333333334,May,262.05,92.93000000000001,1,26.6,6.68,7.89,3.19,5,5,0,2,29.1,33.9,24.1,5.96,5,3,2,8.362192118198355,0.963766494821282,-0.02128848663810326,Yes,No,Normal,Safe,Stable
45414.125,May,262.05,92.93000000000001,1,26.6,6.68,7.89,3.19,5,5,0,2,29.1,33.9,24.1,5.96,5,3,3,8.375562943273502,0.1836367909926558,0.9408239991901145,No,No,Normal,Safe,Stable
45414.16666666666,May,262.05,92.93000000000001,1,26.6,6.68,7.89,3.19,5,5,0,6,29.1,33.9,24.1,5.96,5,3,4,8.327405640477947,0.3036976280122277,0.8306011597262608,Yes,No,Normal,Safe,Stable
45414.20833333334,May,262.05,92.93000000000001,1,26.6,6.68,7.89,3.19,5,5,1,4,29.1,33.9,24.1,5.96,5,3,5,8.242882926527816,0.4047525063777284,0.02550017031630519,No,No,Normal,Safe,Stable
45414.25,May,262.05,92.93000000000001,1,26.6,6.68,7.89,3.19,5,5,0,5,29.1,33.9,24.1,5.96,5,3.052631578947369,4.736842105263158,8.222557423342367,0.4353876990004107,0.0246491737326128,Yes,Yes,Normal,Safe,Stable
45414.29166666666,May,262.05,92.93000000000001,1,26.6,6.68,7.89,3.19,5,5,1,5,29.1,33.9,24.1,5.96,5,3.105263157894737,4.473684210526316,8.202231920156917,0.4660228916230931,0.0237981771489204,No,No,Normal,Safe,Stable
45414.33333333334,May,262.05,92.93000000000001,1,26.6,6.68,7.89,3.19,5,5,0,2,29.1,33.9,24.1,5.96,5,3.157894736842105,4.210526315789473,8.181906416971469,0.4966580842457755,0.02294718056522801,Yes,No,Normal,Safe,Stable
45414.375,May,262.05,92.93000000000001,1,26.6,6.68,7.89,3.19,5,5,0,4,29.1,33.9,24.1,5.96,5,3.210526315789473,3.947368421052632,8.161580913786018,0.5272932768684578,0.02209618398153562,No,No,Normal,Safe,Stable
45414.41666666666,May,262.05,92.93000000000001,1,26.6,6.68,7.89,3.19,5,5,0,6,29.1,33.9,24.1,5.96,5,3.263157894736842,3.684210526315789,8.14125541060057,0.5579284694911402,0.02124518739784323,Yes,No,Normal,Safe,Stable
45414.45833333334,May,262.05,92.93000000000001,1,26.6,6.68,7.89,3.19,5,5,0,1,29.1,33.9,24.1,5.96,5,3.315789473684211,3.421052631578947,8.120929907415121,0.5885636621138226,0.02039419081415083,No,No,Normal,Safe,Stable
45414.5,May,262.05,92.93000000000001,1,26.6,6.68,7.89,3.19,5,5,1,5,29.1,33.9,24.1,5.96,5,3.368421052631579,3.157894736842105,8.100604404229671,0.6191988547365049,0.01954319423045844,Yes,Yes,Normal,Safe,Stable
45414.54166666666,May,262.05,92.93000000000001,1,26.6,6.68,7.89,3.19,5,5,0,6,29.1,33.9,24.1,5.96,5,3.421052631578947,2.894736842105263,8.080278901044222,0.6498340473591873,0.01869219764676604,No,No,Normal,Safe,Stable
45414.58333333334,May,262.05,92.93000000000001,1,26.6,6.68,7.89,3.19,5,5,0,5,29.1,33.9,24.1,5.96,5,3.473684210526316,2.631578947368421,8.059953397858772,0.6804692399818696,0.01784120106307365,Yes,No,Normal,Safe,Stable
45414.625,May,262.05,92.93000000000001,1,26.6,6.68,7.89,3.19,5,5,0,5,29.1,33.9,24.1,5.96,5,3.526315789473684,2.368421052631579,8.039627894673323,0.7111044326045519,0.01699020447938126,No,No,Normal,Safe,Stable
45414.66666666666,May,262.05,92.93000000000001,1,26.6,6.68,7.89,3.19,5,5,1,2,29.1,33.9,24.1,5.96,5,3.578947368421053,2.105263157894737,8.019302391487875,0.7417396252272344,0.01613920789568887,Yes,No,Normal,Safe,Stable
45414.70833333334,May,262.05,92.93000000000001,1,26.6,6.68,7.89,3.19,5,5,0,5,29.1,33.9,24.1,5.96,5,3.631578947368421,1.842105263157895,7.998976888302425,0.7723748178499167,0.01528821131199647,No,No,Normal,Safe,Stable
45414.75,May,262.05,92.93000000000001,1,26.6,6.68,7.89,3.19,5,5,0,6,29.1,33.9,24.1,5.96,5,3.684210526315789,1.578947368421053,7.978651385116976,0.803010010472599,0.01443721472830408,Yes,Yes,Normal,Safe,Stable
45414.79166666666,May,262.05,92.93000000000001,1,26.6,6.68,7.89,3.19,5,5,0,4,29.1,33.9,24.1,5.96,5,3.736842105263158,1.315789473684211,7.958325881931526,0.8336452030952815,0.01358621814461169,No,No,Normal,Safe,Stable
45414.83333333334,May,262.05,92.93000000000001,1,26.6,6.68,7.89,3.19,5,5,0,5,29.1,33.9,24.1,5.96,5,3.789473684210527,1.052631578947369,7.938000378746077,0.8642803957179638,0.0127352215609193,Yes,No,Normal,Safe,Stable
45414.875,May,262.05,92.93000000000001,1,26.6,6.68,7.89,3.19,5,5,0,2,29.1,33.9,24.1,5.96,5,3.842105263157895,0.7894736842105265,7.917674875560627,0.8949155883406461,0.0118842249772269,No,No,Normal,Safe,Stable
45414.91666666666,May,262.05,92.93000000000001,1,26.6,6.68,7.89,3.19,5,5,0,2,29.1,33.9,24.1,5.96,5,3.894736842105263,0.5263157894736841,7.897349372375179,0.9255507809633284,0.01103322839353451,Yes,No,Normal,Safe,Stable
45414.95833333334,May,262.05,92.93000000000001,1,26.6,6.68,7.89,3.19,5,5,0,4,29.1,33.9,24.1,5.96,5,3.947368421052631,0.2631578947368425,7.877023869189729,0.9561859735860108,0.01018223180984212,No,No,Normal,Safe,Stable
45415,May,262.05,92.93000000000001,1,26.6,6.68,7.89,3.19,5,5,0,2,29.1,33.9,24.1,5.96,5,4,0,7.85669836600428,0.9868211662086932,0.009331235226149724,Yes,Yes,Normal,Safe,Stable
45415.04166666666,May,262.05,92.93000000000001,1,26.6,6.68,7.89,3.19,5,5,0,4,29.1,33.9,24.1,5.96,5,4,1,7.982944349863811,0.282180294078637,0.1329743450693062,No,No,Normal,Safe,Stable
45415.08333333334,May,262.05,92.93000000000001,1,26.6,6.68,7.89,3.19,5,5,0,2,29.1,33.9,24.1,5.96,5,4,2,8.387666758440268,0.3509684017142294,0.4495971474167468,Yes,No,Normal,Safe,Stable
45415.125,May,262.05,92.93000000000001,1,26.6,6.68,7.89,3.19,5,5,1,2,29.1,33.9,24.1,5.96,5,4,3,8.352532606112534,0.3109898577485488,0.8207845738097901,No,No,Normal,Safe,Stable
45415.16666666666,May,262.05,92.93000000000001,1,26.6,6.68,7.89,3.19,5,5,0,4,29.1,33.9,24.1,5.96,5,4,4,8.154056498125707,0.312662104033738,0.832237426343599,Yes,No,Normal,Safe,Stable
45415.20833333334,May,262.05,92.93000000000001,1,26.6,6.68,7.89,3.19,5,5,0,5,29.1,33.9,24.1,5.96,5,4,5,8.399930102683186,0.4258038946628076,-0.006181134652159704,No,No,Normal,Safe,Stable
45415.25,May,262.05,92.93000000000001,1,26.6,6.68,7.89,3.19,5,5,1,2,29.1,33.9,24.1,5.96,5,4.052631578947368,4.736842105263158,8.369145399442729,0.4251602048635254,-0.005520740750064562,Yes,Yes,Normal,Safe,Stable
45415.29166666666,May,262.05,92.93000000000001,1,26.6,6.68,7.89,3.19,5,5,0,6,29.1,33.9,24.1,5.96,5,4.105263157894737,4.473684210526316,8.338360696202274,0.4245165150642432,-0.00486034684796942,No,No,Normal,Safe,Stable
45415.33333333334,May,262.05,92.93000000000001,1,26.6,6.68,7.89,3.19,5,5,0,5,29.1,33.9,24.1,5.96,5,4.157894736842105,4.210526315789473,8.307575992961818,0.423872825264961,-0.004199952945874278,Yes,No,Normal,Safe,Stable
45415.375,May,262.05,92.93000000000001,1,26.6,6.68,7.89,3.19,5,5,0,1,29.1,33.9,24.1,5.96,5,4.210526315789473,3.947368421052632,8.276791289721363,0.4232291354656788,-0.003539559043779136,No,No,Normal,Safe,Stable
45415.41666666666,May,262.05,92.93000000000001,1,26.6,6.68,7.89,3.19,5,5,0,2,29.1,33.9,24.1,5.96,5,4.263157894736842,3.684210526315789,8.246006586480906,0.4225854456663966,-0.002879165141683994,Yes,No,Normal,Safe,Stable
45415.45833333334,May,262.05,92.93000000000001,1,26.6,6.68,7.89,3.19,5,5,0,6,29.1,33.9,24.1,5.96,5,4.315789473684211,3.421052631578947,8.215221883240451,0.4219417558671144,-0.002218771239588852,No,No,Normal,Safe,Stable
45415.5,May,262.05,92.93000000000001,1,26.6,6.68,7.89,3.19,5,5,0,1,29.1,33.9,24.1,5.96,5,4.368421052631579,3.157894736842105,8.184437179999994,0.4212980660678322,-0.00155837733749371,Yes,Yes,Normal,Safe,Stable
45415.54166666666,May,262.05,92.93000000000001,1,26.6,6.68,7.89,3.19,5,5,1,4,29.1,33.9,24.1,5.96,5,4.421052631578947,2.894736842105263,8.15365247675954,0.42065437626855,-0.0008979834353985677,No,No,Normal,Safe,Stable
45415.58333333334,May,262.05,92.93000000000001,1,26.6,6.68,7.89,3.19,5,5,0,2,29.1,33.9,24.1,5.96,5,4.473684210526316,2.631578947368421,8.122867773519083,0.4200106864692678,-0.0002375895333034256,Yes,No,Normal,Safe,Stable
45415.625,May,262.05,92.93000000000001,1,26.6,6.68,7.89,3.19,5,5,0,4,29.1,33.9,24.1,5.96,5,4.526315789473684,2.368421052631579,8.092083070278628,0.4193669966699856,0.0004228043687917165,No,No,Normal,Safe,Stable
45415.66666666666,May,262.05,92.93000000000001,1,26.6,6.68,7.89,3.19,5,5,0,2,29.1,33.9,24.1,5.96,5,4.578947368421053,2.105263157894737,8.061298367038171,0.4187233068707034,0.001083198270886859,Yes,No,Normal,Safe,Stable
45415.70833333334,May,262.05,92.93000000000001,1,26.6,6.68,7.89,3.19,5,5,0,2,29.1,33.9,24.1,5.96,5,4.631578947368421,1.842105263157895,8.030513663797716,0.4180796170714212,0.001743592172982001,No,No,Normal,Safe,Stable
45415.75,May,262.05,92.93000000000001,1,26.6,6.68,7.89,3.19,5,5,0,2,29.1,33.9,24.1,5.96,5,4.684210526315789,1.578947368421053,7.99972896055726,0.417435927272139,0.002403986075077143,Yes,Yes,Normal,Safe,Stable
45415.79166666666,May,262.05,92.93000000000001,1,26.6,6.68,7.89,3.19,5,5,0,5,29.1,33.9,24.1,5.96,5,4.736842105263158,1.315789473684211,7.968944257316804,0.4167922374728568,0.003064379977172285,No,No,Normal,Safe,Stable
45415.83333333334,May,262.05,92.93000000000001,1,26.6,6.68,7.89,3.19,5,5,0,5,29.1,33.9,24.1,5.96,5,4.789473684210527,1.052631578947369,7.938159554076348,0.4161485476735745,0.003724773879267427,Yes,No,Normal,Safe,Stable
45415.875,May,262.05,92.93000000000001,1,26.6,6.68,7.89,3.19,5,5,0,5,29.1,33.9,24.1,5.96,5,4.842105263157895,0.7894736842105265,7.907374850835892,0.4155048578742923,0.004385167781362569,No,No,Normal,Safe,Stable
45415.91666666666,May,262.05,92.93000000000001,1,26.6,6.68,7.89,3.19,5,5,0,5,29.1,33.9,24.1,5.96,5,4.894736842105263,0.5263157894736841,7.876590147595437,0.4148611680750101,0.005045561683457711,Yes,No,Normal,Safe,Stable
45415.95833333334,May,262.05,92.93000000000001,1,26.6,6.68,7.89,3.19,5,5,1,5,29.1,33.9,24.1,5.96,5,4.947368421052632,0.2631578947368425,7.845805444354981,0.4142174782757279,0.005705955585552853,No,No,Normal,Safe,Stable
45416,May,262.05,92.93000000000001,1,26.6,6.68,7.89,3.19,5,5,0,6,29.1,33.9,24.1,5.96,5,5,0,7.815020741114525,0.4135737884764457,0.006366349487647995,Yes,Yes,Normal,Safe,Stable
45416.04166666666,May,262.05,92.93000000000001,1,26.6,6.68,7.89,3.19,5,5,0,5,29.1,33.9,24.1,5.96,5,5,1,8.322698707850675,0.3071221445334584,0.1216584371815754,No,No,Normal,Safe,Stable
45416.08333333334,May,262.05,92.93000000000001,1,26.6,6.68,7.89,3.19,5,5,0,5,29.1,33.9,24.1,5.96,5,5,2,8.021849185279663,0.9451039729251038,0.005407774488678158,Yes,No,Normal,Safe,Stable
45416.125,May,262.05,92.93000000000001,1,26.6,6.68,7.89,3.19,5,5,0,4,29.1,33.9,24.1,5.96,5,5,3,8.86147602232797,0.2400040873113121,0.9972630235851641,No,No,Normal,Safe,Stable
45416.16666666666,May,262.05,92.93000000000001,1,26.6,6.68,7.89,3.19,5,5,0,6,29.1,33.9,24.1,5.96,5,5,4,8.372547048592406,0.2827458667372632,0.8790207382229841,Yes,No,Normal,Safe,Stable
45416.20833333334,May,262.05,92.93000000000001,1,26.6,6.68,7.89,3.19,5,5,1,5,29.1,33.9,24.1,5.96,5,5,5,8.01617951953147,0.3840946903131835,-0.01661316249338089,No,No,Normal,Safe,Stable
45416.25,May,262.05,92.93000000000001,1,26.6,6.68,7.89,3.19,5,5,0,2,29.1,33.9,24.1,5.96,5,5.052631578947368,4.736842105263158,8.027507668629008,0.386123428425783,-0.01589481083606252,Yes,Yes,Normal,Safe,Stable
45416.29166666666,May,262.05,92.93000000000001,1,26.6,6.68,7.89,3.19,5,5,1,5,29.1,33.9,24.1,5.96,5,5.105263157894737,4.473684210526316,8.038835817726547,0.3881521665383824,-0.01517645917874415,No,No,Normal,Safe,Stable
45416.33333333334,May,262.05,92.93000000000001,1,26.6,6.68,7.89,3.19,5,5,0,4,29.1,33.9,24.1,5.96,5,5.157894736842105,4.210526315789473,8.050163966824083,0.3901809046509819,-0.01445810752142578,Yes,No,Normal,Safe,Stable
45416.375,May,262.05,92.93000000000001,1,26.6,6.68,7.89,3.19,5,5,0,4,29.1,33.9,24.1,5.96,5,5.210526315789473,3.947368421052632,8.061492115921622,0.3922096427635813,-0.01373975586410741,No,No,Normal,Safe,Stable
45416.41666666666,May,262.05,92.93000000000001,1,26.6,6.68,7.89,3.19,5,5,0,6,29.1,33.9,24.1,5.96,5,5.263157894736842,3.684210526315789,8.072820265019161,0.3942383808761808,-0.01302140420678904,Yes,No,Normal,Safe,Stable
45416.45833333334,May,262.05,92.93000000000001,1,26.6,6.68,7.89,3.19,5,5,0,4,29.1,33.9,24.1,5.96,5,5.315789473684211,3.421052631578947,8.084148414116699,0.3962671189887803,-0.01230305254947067,No,No,Normal,Safe,Stable
45416.5,May,262.05,92.93000000000001,1,26.6,6.68,7.89,3.19,5,5,0,2,29.1,33.9,24.1,5.96,5,5.368421052631579,3.157894736842105,8.095476563214238,0.3982958571013797,-0.01158470089215231,Yes,Yes,Normal,Safe,Stable
45416.54166666666,May,262.05,92.93000000000001,1,26.6,6.68,7.89,3.19,5,5,1,4,29.1,33.9,24.1,5.96,5,5.421052631578947,2.894736842105263,8.106804712311774,0.4003245952139792,-0.01086634923483394,No,No,Normal,Safe,Stable
45416.58333333334,May,262.05,92.93000000000001,1,26.6,6.68,7.89,3.19,5,5,1,6,29.1,33.9,24.1,5.96,5,5.473684210526316,2.631578947368421,8.118132861409313,0.4023533333265786,-0.01014799757751557,Yes,No,Normal,Safe,Stable
45416.625,May,262.05,92.93000000000001,1,26.6,6.68,7.89,3.19,5,5,0,5,29.1,33.9,24.1,5.96,5,5.526315789473684,2.368421052631579,8.129461010506851,0.404382071439178,-0.009429645920197198,No,No,Normal,Safe,Stable
45416.66666666666,May,262.05,92.93000000000001,1,26.6,6.68,7.89,3.19,5,5,0,5,29.1,33.9,24.1,5.96,5,5.578947368421053,2.105263157894737,8.14078915960439,0.4064108095517775,-0.008711294262878829,Yes,No,Normal,Safe,Stable
45416.70833333334,May,262.05,92.93000000000001,1,26.6,6.68,7.89,3.19,5,5,0,5,29.1,33.9,24.1,5.96,5,5.631578947368421,1.842105263157895,8.152117308701927,0.408439547664377,-0.007992942605560459,No,No,Normal,Safe,Stable
45416.75,May,262.05,92.93000000000001,1,26.6,6.68,7.89,3.19,5,5,1,2,29.1,33.9,24.1,5.96,5,5.684210526315789,1.578947368421053,8.163445457799465,0.4104682857769764,-0.00727459094824209,Yes,Yes,Normal,Safe,Stable
45416.79166666666,May,262.05,92.93000000000001,1,26.6,6.68,7.89,3.19,5,5,0,6,29.1,33.9,24.1,5.96,5,5.736842105263158,1.315789473684211,8.174773606897004,0.4124970238895759,-0.006556239290923721,No,No,Normal,Safe,Stable
45416.83333333334,May,262.05,92.93000000000001,1,26.6,6.68,7.89,3.19,5,5,0,4,29.1,33.9,24.1,5.96,5,5.789473684210527,1.052631578947369,8.186101755994542,0.4145257620021753,-0.005837887633605352,Yes,No,Normal,Safe,Stable
45416.875,May,262.05,92.93000000000001,1,26.6,6.68,7.89,3.19,5,5,0,5,29.1,33.9,24.1,5.96,5,5.842105263157895,0.7894736842105265,8.197429905092081,0.4165545001147748,-0.005119535976286983,No,No,Normal,Safe,Stable
45416.91666666666,May,262.05,92.93000000000001,1,26.6,6.68,7.89,3.19,5,5,1,2,29.1,33.9,24.1,5.96,5,5.894736842105263,0.5263157894736841,8.208758054189618,0.4185832382273743,-0.004401184318968614,Yes,No,Normal,Safe,Stable
45416.95833333334,May,262.05,92.93000000000001,1,26.6,6.68,7.89,3.19,5,5,0,5,29.1,33.9,24.1,5.96,5,5.947368421052632,0.2631578947368425,8.220086203287156,0.4206119763399737,-0.003682832661650245,No,No,Normal,Safe,Stable
45417,May,262.05,92.93000000000001,1,26.6,6.68,7.89,3.19,5,5,0,2,29.1,33.9,24.1,5.96,5,6,0,8.231414352384695,0.4226407144525732,-0.002964481004331877,Yes,Yes,Normal,Safe,Stable
45417.04166666666,May,262.05,92.93000000000001,1,26.6,6.68,7.89,3.19,5,5,0,1,29.1,33.9,24.1,5.96,5,6,1,8.413271026560132,0.3602788915168564,0.431736606615934,No,No,Normal,Safe,Stable
45417.08333333334,May,262.05,92.93000000000001,1,26.6,6.68,7.89,3.19,5,5,1,2,29.1,33.9,24.1,5.96,5,6,2,8.157617590458893,0.3290620005827057,0.4969509681562547,Yes,No,Normal,Safe,Stable
45417.125,May,262.05,92.93000000000001,1,26.6,6.68,7.89,3.19,5,5,0,4,29.1,33.9,24.1,5.96,5,6,3,7.935338761499219,0.2874252483194302,0.8569661427334805,No,No,Normal,Safe,Stable
45417.16666666666,May,262.05,92.93000000000001,1,26.6,6.68,7.89,3.19,5,5,0,4,29.1,33.9,24.1,5.96,5,6,4,8.713446775816688,0.2968542844199566,0.8445500302644982,Yes,No,Normal,Safe,Stable
45417.20833333334,May,262.05,92.93000000000001,1,26.6,6.68,7.89,3.19,5,5,0,2,29.1,33.9,24.1,5.96,5,6,5,7.855524304477547,0.3753851115227295,0.02337982895132239,No,No,Normal,Safe,Stable
45417.25,May,262.05,92.93000000000001,1,26.6,6.68,7.89,3.19,5,5,0,5,29.1,33.9,24.1,5.96,5,6.052631578947368,4.736842105263158,7.854191968786416,0.3748423036432758,0.0249193490687697,Yes,Yes,Normal,Safe,Stable
45417.29166666666,May,262.05,92.93000000000001,1,26.6,6.68,7.89,3.19,5,5,0,2,29.1,33.9,24.1,5.96,5,6.105263157894737,4.473684210526316,7.852859633095284,0.3742994957638222,0.026458869186217,No,No,Normal,Safe,Stable
45417.33333333334,May,262.05,92.93000000000001,1,26.6,6.68,7.89,3.19,5,5,0,5,29.1,33.9,24.1,5.96,5,6.157894736842105,4.210526315789473,7.851527297404153,0.3737566878843684,0.0279983893036643,Yes,No,Normal,Safe,Stable
45417.375,May,262.05,92.93000000000001,1,26.6,6.68,7.89,3.19,5,5,0,5,29.1,33.9,24.1,5.96,5,6.210526315789473,3.947368421052632,7.850194961713021,0.3732138800049147,0.02953790942111161,No,No,Normal,Safe,Stable
45417.41666666666,May,262.05,92.93000000000001,1,26.6,6.68,7.89,3.19,5,5,0,4,29.1,33.9,24.1,5.96,5,6.263157894736842,3.684210526315789,7.84886262602189,0.372671072125461,0.03107742953855891,Yes,No,Normal,Safe,Stable
45417.45833333334,May,262.05,92.93000000000001,1,26.6,6.68,7.89,3.19,5,5,0,6,29.1,33.9,24.1,5.96,5,6.315789473684211,3.421052631578947,7.847530290330758,0.3721282642460074,0.03261694965600621,No,No,Normal,Safe,Stable
45417.5,May,262.05,92.93000000000001,1,26.6,6.68,7.89,3.19,5,5,0,1,29.1,33.9,24.1,5.96,5,6.368421052631579,3.157894736842105,7.846197954639627,0.3715854563665537,0.03415646977345352,Yes,Yes,Normal,Safe,Stable
45417.54166666666,May,262.05,92.93000000000001,1,26.6,6.68,7.89,3.19,5,5,0,2,29.1,33.9,24.1,5.96,5,6.421052631578947,2.894736842105263,7.844865618948496,0.3710426484870999,0.03569598989090082,No,No,Normal,Safe,Stable
45417.58333333334,May,262.05,92.93000000000001,1,26.6,6.68,7.89,3.19,5,5,1,1,29.1,33.9,24.1,5.96,5,6.473684210526316,2.631578947368421,7.843533283257364,0.3704998406076462,0.03723551000834813,Yes,No,Normal,Safe,Stable
45417.625,May,262.05,92.93000000000001,1,26.6,6.68,7.89,3.19,5,5,0,2,29.1,33.9,24.1,5.96,5,6.526315789473684,2.368421052631579,7.842200947566233,0.3699570327281926,0.03877503012579542,No,No,Normal,Safe,Stable
45417.66666666666,May,262.05,92.93000000000001,1,26.6,6.68,7.89,3.19,5,5,0,6,29.1,33.9,24.1,5.96,5,6.578947368421053,2.105263157894737,7.840868611875101,0.3694142248487389,0.04031455024324273,Yes,No,Normal,Safe,Stable
45417.70833333334,May,262.05,92.93000000000001,1,26.6,6.68,7.89,3.19,5,5,1,6,29.1,33.9,24.1,5.96,5,6.631578947368421,1.842105263157895,7.83953627618397,0.3688714169692852,0.04185407036069003,No,No,Normal,Safe,Stable
45417.75,May,262.05,92.93000000000001,1,26.6,6.68,7.89,3.19,5,5,1,4,29.1,33.9,24.1,5.96,5,6.684210526315789,1.578947368421053,7.838203940492838,0.3683286090898314,0.04339359047813734,Yes,Yes,Normal,Safe,Stable
45417.79166666666,May,262.05,92.93000000000001,1,26.6,6.68,7.89,3.19,5,5,0,2,29.1,33.9,24.1,5.96,5,6.736842105263158,1.315789473684211,7.836871604801707,0.3677858012103778,0.04493311059558464,No,No,Normal,Safe,Stable
45417.83333333334,May,262.05,92.93000000000001,1,26.6,6.68,7.89,3.19,5,5,0,4,29.1,33.9,24.1,5.96,5,6.789473684210527,1.052631578947369,7.835539269110575,0.3672429933309241,0.04647263071303194,Yes,No,Normal,Safe,Stable
45417.875,May,262.05,92.93000000000001,1,26.6,6.68,7.89,3.19,5,5,0,5,29.1,33.9,24.1,5.96,5,6.842105263157895,0.7894736842105265,7.834206933419444,0.3667001854514704,0.04801215083047924,No,No,Normal,Safe,Stable
45417.91666666666,May,262.05,92.93000000000001,1,26.6,6.68,7.89,3.19,5,5,0,4,29.1,33.9,24.1,5.96,5,6.894736842105263,0.5263157894736841,7.832874597728313,0.3661573775720167,0.04955167094792655,Yes,No,Normal,Safe,Stable
45417.95833333334,May,262.05,92.93000000000001,1,26.6,6.68,7.89,3.19,5,5,0,5,29.1,33.9,24.1,5.96,5,6.947368421052632,0.2631578947368425,7.831542262037181,0.365614569692563,0.05109119106537385,No,No,Normal,Safe,Stable
45418,May,262.05,92.93000000000001,1,26.6,6.68,7.89,3.19,5,5,1,5,29.1,33.9,24.1,5.96,5,7,0,7.83020992634605,0.3650717618131093,0.05263071118282116,Yes,Yes,Normal,Safe,Stable
45418.04166666666,May,262.05,92.93000000000001,1,26.6,6.68,7.89,3.19,5,5,0,4,29.1,33.9,24.1,5.96,5,7,1,8.194828182479219,0.3413626105866215,0.1222613814793843,No,No,Normal,Safe,Stable
45418.08333333334,May,262.05,92.93000000000001,1,26.6,6.68,7.89,3.19,5,5,0,2,29.1,33.9,24.1,5.96,5,7,2,7.529484903244228,0.9801804059372583,-0.02416845551631816,Yes,No,Normal,Safe,Stable
45418.125,May,262.05,92.93000000000001,1,26.6,6.68,7.89,3.19,5,5,0,1,29.1,33.9,24.1,5.96,5,7,3,8.461226312491659,0.1722723701241421,0.8975377270556624,No,No,Normal,Safe,Stable
45418.16666666666,May,262.05,92.93000000000001,1,26.6,6.68,7.89,3.19,5,5,0,2,29.1,33.9,24.1,5.96,5,7,4,8.34098306542794,0.2369736476506865,0.839884669392492,Yes,No,Normal,Safe,Stable
45418.20833333334,May,262.05,92.93000000000001,1,26.6,6.68,7.89,3.19,5,5,0,4,29.1,33.9,24.1,5.96,5,7,5,8.010670908706537,0.427252069714414,-0.002320779410809898,No,No,Normal,Safe,Stable
45418.25,May,262.05,92.93000000000001,1,26.6,6.68,7.89,3.19,5,5,0,2,29.1,33.9,24.1,5.96,5,7.052631578947368,4.736842105263158,8.030527238068878,0.426035365867584,-0.002111120160816557,Yes,Yes,Normal,Safe,Stable
45418.29166666666,May,262.05,92.93000000000001,1,26.6,6.68,7.89,3.19,5,5,0,5,29.1,33.9,24.1,5.96,5,7.105263157894737,4.473684210526316,8.05038356743122,0.424818662020754,-0.001901460910823216,No,No,Normal,Safe,Stable
45418.33333333334,May,262.05,92.93000000000001,1,26.6,6.68,7.89,3.19,5,5,1,6,29.1,33.9,24.1,5.96,5,7.157894736842105,4.210526315789473,8.070239896793561,0.423601958173924,-0.001691801660829875,Yes,No,Normal,Safe,Stable
45418.375,May,262.05,92.93000000000001,1,26.6,6.68,7.89,3.19,5,5,0,2,29.1,33.9,24.1,5.96,5,7.210526315789473,3.947368421052632,8.090096226155902,0.422385254327094,-0.001482142410836534,No,No,Normal,Safe,Stable
45418.41666666666,May,262.05,92.93000000000001,1,26.6,6.68,7.89,3.19,5,5,0,2,29.1,33.9,24.1,5.96,5,7.263157894736842,3.684210526315789,8.109952555518245,0.421168550480264,-0.001272483160843193,Yes,No,Normal,Safe,Stable
45418.45833333334,May,262.05,92.93000000000001,1,26.6,6.68,7.89,3.19,5,5,0,4,29.1,33.9,24.1,5.96,5,7.315789473684211,3.421052631578947,8.129808884880585,0.419951846633434,-0.001062823910849853,No,No,Normal,Safe,Stable
45418.5,May,262.05,92.93000000000001,1,26.6,6.68,7.89,3.19,5,5,0,6,29.1,33.9,24.1,5.96,5,7.368421052631579,3.157894736842105,8.149665214242926,0.418735142786604,-0.0008531646608565117,Yes,Yes,Normal,Safe,Stable
45418.54166666666,May,262.05,92.93000000000001,1,26.6,6.68,7.89,3.19,5,5,0,1,29.1,33.9,24.1,5.96,5,7.421052631578947,2.894736842105263,8.169521543605269,0.417518438939774,-0.0006435054108631707,No,No,Normal,Safe,Stable
45418.58333333334,May,262.05,92.93000000000001,1,26.6,6.68,7.89,3.19,5,5,0,2,29.1,33.9,24.1,5.96,5,7.473684210526316,2.631578947368421,8.18937787296761,0.416301735092944,-0.0004338461608698297,Yes,No,Normal,Safe,Stable
45418.625,May,262.05,92.93000000000001,1,26.6,6.68,7.89,3.19,5,5,0,5,29.1,33.9,24.1,5.96,5,7.526315789473684,2.368421052631579,8.20923420232995,0.415085031246114,-0.0002241869108764887,No,No,Normal,Safe,Stable
45418.66666666666,May,262.05,92.93000000000001,1,26.6,6.68,7.89,3.19,5,5,1,2,29.1,33.9,24.1,5.96,5,7.578947368421053,2.105263157894737,8.229090531692291,0.413868327399284,-1.452766088314798E-05,Yes,No,Normal,Safe,Stable
45418.70833333334,May,262.05,92.93000000000001,1,26.6,6.68,7.89,3.19,5,5,1,5,29.1,33.9,24.1,5.96,5,7.631578947368421,1.842105263157895,8.248946861054634,0.412651623552454,0.0001951315891101928,No,No,Normal,Safe,Stable
45418.75,May,262.05,92.93000000000001,1,26.6,6.68,7.89,3.19,5,5,0,2,29.1,33.9,24.1,5.96,5,7.684210526315789,1.578947368421053,8.268803190416975,0.411434919705624,0.000404790839103534,Yes,Yes,Normal,Safe,Stable
45418.79166666666,May,262.05,92.93000000000001,1,26.6,6.68,7.89,3.19,5,5,1,4,29.1,33.9,24.1,5.96,5,7.736842105263158,1.315789473684211,8.288659519779316,0.410218215858794,0.0006144500890968747,No,No,Normal,Safe,Stable
45418.83333333334,May,262.05,92.93000000000001,1,26.6,6.68,7.89,3.19,5,5,0,5,29.1,33.9,24.1,5.96,5,7.789473684210527,1.052631578947369,8.308515849141658,0.409001512011964,0.0008241093390902159,Yes,No,Normal,Safe,Stable
45418.875,May,262.05,92.93000000000001,1,26.6,6.68,7.89,3.19,5,5,0,2,29.1,33.9,24.1,5.96,5,7.842105263157895,0.7894736842105265,8.328372178503999,0.407784808165134,0.001033768589083557,No,No,Normal,Safe,Stable
45418.91666666666,May,262.05,92.93000000000001,1,26.6,6.68,7.89,3.19,5,5,0,2,29.1,33.9,24.1,5.96,5,7.894736842105263,0.5263157894736841,8.34822850786634,0.406568104318304,0.001243427839076897,Yes,No,Normal,Safe,Stable
45418.95833333334,May,262.05,92.93000000000001,1,26.6,6.68,7.89,3.19,5,5,0,5,29.1,33.9,24.1,5.96,5,7.947368421052632,0.2631578947368425,8.368084837228682,0.405351400471474,0.001453087089070239,No,No,Normal,Safe,Stable
45419,May,262.05,92.93000000000001,1,26.6,6.68,7.89,3.19,5,5,0,4,29.1,33.9,24.1,5.96,5,8,0,8.387941166591023,0.404134696624644,0.001662746339063579,Yes,Yes,Normal,Safe,Stable
45419.04166666666,May,262.05,92.93000000000001,1,26.6,6.68,7.89,3.19,5,5,0,5,29.1,33.9,24.1,5.96,5,8,1,8.262615336988297,0.3237340794038311,0.1296576297100232,No,No,Normal,Safe,Stable
45419.08333333334,May,262.05,92.93000000000001,1,26.6,6.68,7.89,3.19,5,5,0,1,29.1,33.9,24.1,5.96,5,8,2,8.273144387863816,0.3282152743531336,0.4669148410371126,Yes,No,Normal,Safe,Stable
45419.125,May,262.05,92.93000000000001,1,26.6,6.68,7.89,3.19,5,5,0,6,29.1,33.9,24.1,5.96,5,8,3,7.885675758804089,0.9650295998015378,0.01398015044345997,No,No,Normal,Safe,Stable
45419.16666666666,May,262.05,92.93000000000001,1,26.6,6.68,7.89,3.19,5,5,0,4,29.1,33.9,24.1,5.96,5,8,4,8.372537420046291,0.3157820880731084,0.8432791236681529,Yes,No,Normal,Safe,Stable
45419.20833333334,May,262.05,92.93000000000001,1,26.6,6.68,7.89,3.19,5,5,0,5,29.1,33.9,24.1,5.96,5,8,5,8.044727279785077,0.3660786867127084,0.03047156081730166,No,No,Normal,Safe,Stable
45419.25,May,262.05,92.93000000000001,1,26.6,6.68,7.89,3.19,5,5,0,2,29.1,33.9,24.1,5.96,5,8.052631578947368,4.736842105263158,8.049571496857055,0.3977382807338838,0.02876129201122363,Yes,Yes,Normal,Safe,Stable
45419.29166666666,May,262.05,92.93000000000001,1,26.6,6.68,7.89,3.19,5,5,0,4,29.1,33.9,24.1,5.96,5,8.105263157894736,4.473684210526316,8.054415713929034,0.4293978747550592,0.0270510232051456,No,No,Normal,Safe,Stable
45419.33333333334,May,262.05,92.93000000000001,1,26.6,6.68,7.89,3.19,5,5,0,5,29.1,33.9,24.1,5.96,5,8.157894736842104,4.210526315789473,8.059259931001012,0.4610574687762346,0.02534075439906757,Yes,No,Normal,Safe,Stable
45419.375,May,262.05,92.93000000000001,1,26.6,6.68,7.89,3.19,5,5,0,6,29.1,33.9,24.1,5.96,5,8.210526315789474,3.947368421052632,8.064104148072989,0.49271706279741,0.02363048559298954,No,No,Normal,Safe,Stable
45419.41666666666,May,262.05,92.93000000000001,1,26.6,6.68,7.89,3.19,5,5,0,6,29.1,33.9,24.1,5.96,5,8.263157894736842,3.684210526315789,8.068948365144967,0.5243766568185855,0.02192021678691151,Yes,No,Normal,Safe,Stable
45419.45833333334,May,262.05,92.93000000000001,1,26.6,6.68,7.89,3.19,5,5,0,4,29.1,33.9,24.1,5.96,5,8.315789473684211,3.421052631578947,8.073792582216946,0.5560362508397608,0.02020994798083349,No,No,Normal,Safe,Stable
45419.5,May,262.05,92.93000000000001,1,26.6,6.68,7.89,3.19,5,5,0,5,29.1,33.9,24.1,5.96,5,8.368421052631579,3.157894736842105,8.078636799288924,0.5876958448609362,0.01849967917475546,Yes,Yes,Normal,Safe,Stable
45419.54166666666,May,262.05,92.93000000000001,1,26.6,6.68,7.89,3.19,5,5,1,4,29.1,33.9,24.1,5.96,5,8.421052631578947,2.894736842105263,8.083481016360903,0.6193554388821116,0.01678941036867743,No,No,Normal,Safe,Stable
45419.58333333334,May,262.05,92.93000000000001,1,26.6,6.68,7.89,3.19,5,5,1,4,29.1,33.9,24.1,5.96,5,8.473684210526315,2.631578947368421,8.088325233432881,0.6510150329032871,0.0150791415625994,Yes,No,Normal,Safe,Stable
45419.625,May,262.05,92.93000000000001,1,26.6,6.68,7.89,3.19,5,5,0,1,29.1,33.9,24.1,5.96,5,8.526315789473685,2.368421052631579,8.093169450504858,0.6826746269244625,0.01336887275652137,No,No,Normal,Safe,Stable
45419.66666666666,May,262.05,92.93000000000001,1,26.6,6.68,7.89,3.19,5,5,1,5,29.1,33.9,24.1,5.96,5,8.578947368421053,2.105263157894737,8.098013667576836,0.7143342209456378,0.01165860395044334,Yes,No,Normal,Safe,Stable
45419.70833333334,May,262.05,92.93000000000001,1,26.6,6.68,7.89,3.19,5,5,0,5,29.1,33.9,24.1,5.96,5,8.631578947368421,1.842105263157895,8.102857884648815,0.7459938149668133,0.009948335144365314,No,No,Normal,Safe,Stable
45419.75,May,262.05,92.93000000000001,1,26.6,6.68,7.89,3.19,5,5,0,4,29.1,33.9,24.1,5.96,5,8.684210526315789,1.578947368421053,8.107702101720793,0.7776534089879887,0.008238066338287286,Yes,Yes,Normal,Safe,Stable
45419.79166666666,May,262.05,92.93000000000001,1,26.6,6.68,7.89,3.19,5,5,0,5,29.1,33.9,24.1,5.96,5,8.736842105263158,1.315789473684211,8.112546318792772,0.8093130030091641,0.006527797532209254,No,No,Normal,Safe,Stable
45419.83333333334,May,262.05,92.93000000000001,1,26.6,6.68,7.89,3.19,5,5,0,4,29.1,33.9,24.1,5.96,5,8.789473684210526,1.052631578947369,8.11739053586475,0.8409725970303394,0.004817528726131226,Yes,No,Normal,Safe,Stable
45419.875,May,262.05,92.93000000000001,1,26.6,6.68,7.89,3.19,5,5,0,1,29.1,33.9,24.1,5.96,5,8.842105263157894,0.7894736842105265,8.122234752936727,0.8726321910515149,0.003107259920053198,No,No,Normal,Safe,Stable
45419.91666666666,May,262.05,92.93000000000001,1,26.6,6.68,7.89,3.19,5,5,0,2,29.1,33.9,24.1,5.96,5,8.894736842105264,0.5263157894736841,8.127078970008705,0.9042917850726904,0.00139699111397517,Yes,No,Normal,Safe,Stable
45419.95833333334,May,262.05,92.93000000000001,1,26.6,6.68,7.89,3.19,5,5,0,2,29.1,33.9,24.1,5.96,5,8.947368421052632,0.2631578947368425,8.131923187080684,0.9359513790938657,-0.0003132776921028584,No,No,Normal,Safe,Stable
45420,May,262.05,92.93000000000001,1,26.6,6.68,7.89,3.19,5,5,0,4,29.1,33.9,24.1,5.96,5,9,0,8.136767404152662,0.9676109731150412,-0.002023546498180886,Yes,Yes,Normal,Safe,Stable
45420.04166666666,May,262.05,92.93000000000001,1,26.6,6.68,7.89,3.19,5,5,1,5,29.1,33.9,24.1,5.96,5,9,1,8.424961305247013,0.3337958370829357,0.1243635303340285,No,No,Normal,Safe,Stable
45420.08333333334,May,262.05,92.93000000000001,1,26.6,6.68,7.89,3.19,5,5,1,4,29.1,33.9,24.1,5.96,5,9,2,8.216628167256948,0.5461589475078586,0.1387534805119892,Yes,No,Normal,Safe,Stable
45420.125,May,262.05,92.93000000000001,1,26.6,6.68,7.89,3.19,5,5,0,2,29.1,33.9,24.1,5.96,5,9,3,8.533613180264425,0.2745640178288621,0.9777768347361926,No,No,Normal,Safe,Stable
45420.16666666666,May,262.05,92.93000000000001,1,26.6,6.68,7.89,3.19,5,5,0,5,29.1,33.9,24.1,5.96,5,9,4,7.798955745312115,0.9477606874738765,0.02656392759994523,Yes,No,Normal,Safe,Stable
45420.20833333334,May,262.05,92.93000000000001,1,26.6,6.68,7.89,3.19,5,5,0,4,29.1,33.9,24.1,5.96,5,9,5,8.169382387752984,0.3887749542939982,0.01415000455129967,No,No,Normal,Safe,Stable
45420.25,May,262.05,92.93000000000001,1,26.6,6.68,7.89,3.19,5,5,1,4,29.1,33.9,24.1,5.96,5,9.052631578947368,4.736842105263158,8.155569857031766,0.3905657364026027,0.01446563450589557,Yes,Yes,Normal,Safe,Stable
45420.29166666666,May,262.05,92.93000000000001,1,26.6,6.68,7.89,3.19,5,5,0,2,29.1,33.9,24.1,5.96,5,9.105263157894736,4.473684210526316,8.141757326310548,0.3923565185112072,0.01478126446049148,No,No,Normal,Safe,Stable
45420.33333333334,May,262.05,92.93000000000001,1,26.6,6.68,7.89,3.19,5,5,0,2,29.1,33.9,24.1,5.96,5,9.157894736842104,4.210526315789473,8.127944795589331,0.3941473006198116,0.01509689441508738,Yes,No,Normal,Safe,Stable
45420.375,May,262.05,92.93000000000001,1,26.6,6.68,7.89,3.19,5,5,0,5,29.1,33.9,24.1,5.96,5,9.210526315789474,3.947368421052632,8.114132264868113,0.3959380827284161,0.01541252436968328,No,No,Normal,Safe,Stable
45420.41666666666,May,262.05,92.93000000000001,1,26.6,6.68,7.89,3.19,5,5,0,4,29.1,33.9,24.1,5.96,5,9.263157894736842,3.684210526315789,8.100319734146895,0.3977288648370206,0.01572815432427919,Yes,No,Normal,Safe,Stable
45420.45833333334,May,262.05,92.93000000000001,1,26.6,6.68,7.89,3.19,5,5,0,2,29.1,33.9,24.1,5.96,5,9.315789473684211,3.421052631578947,8.086507203425677,0.3995196469456251,0.01604378427887509,No,No,Normal,Safe,Stable
45420.5,May,262.05,92.93000000000001,1,26.6,6.68,7.89,3.19,5,5,1,2,29.1,33.9,24.1,5.96,5,9.368421052631579,3.157894736842105,8.072694672704458,0.4013104290542295,0.016359414233471,Yes,Yes,Normal,Safe,Stable
45420.54166666666,May,262.05,92.93000000000001,1,26.6,6.68,7.89,3.19,5,5,0,6,29.1,33.9,24.1,5.96,5,9.421052631578947,2.894736842105263,8.05888214198324,0.403101211162834,0.0166750441880669,No,No,Normal,Safe,Stable
45420.58333333334,May,262.05,92.93000000000001,1,26.6,6.68,7.89,3.19,5,5,0,1,29.1,33.9,24.1,5.96,5,9.473684210526315,2.631578947368421,8.045069611262022,0.4048919932714385,0.0169906741426628,Yes,No,Normal,Safe,Stable
45420.625,May,262.05,92.93000000000001,1,26.6,6.68,7.89,3.19,5,5,1,5,29.1,33.9,24.1,5.96,5,9.526315789473685,2.368421052631579,8.031257080540804,0.4066827753800429,0.01730630409725871,No,No,Normal,Safe,Stable
45420.66666666666,May,262.05,92.93000000000001,1,26.6,6.68,7.89,3.19,5,5,0,6,29.1,33.9,24.1,5.96,5,9.578947368421053,2.105263157894737,8.017444549819587,0.4084735574886474,0.01762193405185461,Yes,No,Normal,Safe,Stable
45420.70833333334,May,262.05,92.93000000000001,1,26.6,6.68,7.89,3.19,5,5,0,4,29.1,33.9,24.1,5.96,5,9.631578947368421,1.842105263157895,8.003632019098369,0.4102643395972519,0.01793756400645051,No,No,Normal,Safe,Stable
45420.75,May,262.05,92.93000000000001,1,26.6,6.68,7.89,3.19,5,5,0,4,29.1,33.9,24.1,5.96,5,9.684210526315789,1.578947368421053,7.989819488377151,0.4120551217058563,0.01825319396104642,Yes,Yes,Normal,Safe,Stable
45420.79166666666,May,262.05,92.93000000000001,1,26.6,6.68,7.89,3.19,5,5,0,2,29.1,33.9,24.1,5.96,5,9.736842105263158,1.315789473684211,7.976006957655933,0.4138459038144608,0.01856882391564232,No,No,Normal,Safe,Stable
45420.83333333334,May,262.05,92.93000000000001,1,26.6,6.68,7.89,3.19,5,5,1,2,29.1,33.9,24.1,5.96,5,9.789473684210526,1.052631578947369,7.962194426934715,0.4156366859230653,0.01888445387023822,Yes,No,Normal,Safe,Stable
45420.875,May,262.05,92.93000000000001,1,26.6,6.68,7.89,3.19,5,5,0,1,29.1,33.9,24.1,5.96,5,9.842105263157894,0.7894736842105265,7.948381896213497,0.4174274680316698,0.01920008382483413,No,No,Normal,Safe,Stable
45420.91666666666,May,262.05,92.93000000000001,1,26.6,6.68,7.89,3.19,5,5,1,2,29.1,33.9,24.1,5.96,5,9.894736842105264,0.5263157894736841,7.934569365492279,0.4192182501402743,0.01951571377943003,Yes,No,Normal,Safe,Stable
45420.95833333334,May,262.05,92.93000000000001,1,26.6,6.68,7.89,3.19,5,5,0,4,29.1,33.9,24.1,5.96,5,9.947368421052632,0.2631578947368425,7.920756834771061,0.4210090322488788,0.01983134373402594,No,No,Normal,Safe,Stable
45421,May,262.05,92.93000000000001,1,26.6,6.68,7.89,3.19,5,5,0,2,29.1,33.9,24.1,5.96,5,10,0,7.906944304049843,0.4227998143574832,0.02014697368862184,Yes,Yes,Normal,Safe,Stable
45421.04166666666,May,262.05,92.93000000000001,1,26.6,6.68,7.89,3.19,5,5,0,5,29.1,33.9,24.1,5.96,5,10,1,7.862088347118575,1.01103578530899,-0.01247169955954479,No,No,Normal,Safe,Stable
45421.08333333334,May,262.05,92.93000000000001,1,26.6,6.68,7.89,3.19,5,5,0,4,29.1,33.9,24.1,5.96,5,10,2,7.783968761191872,0.9507231184926163,-0.01148128169800376,Yes,No,Normal,Safe,Stable
45421.125,May,262.05,92.93000000000001,1,26.6,6.68,7.89,3.19,5,5,0,2,29.1,33.9,24.1,5.96,5,10,3,8.318677924552267,0.2588122031851522,0.8578527716856614,No,No,Normal,Safe,Stable
45421.16666666666,May,262.05,92.93000000000001,1,26.6,6.68,7.89,3.19,5,5,0,2,29.1,33.9,24.1,5.96,5,10,4,8.204570476855011,0.3122368474681751,0.8414249785097833,Yes,No,Normal,Safe,Stable
45421.20833333334,May,262.05,92.93000000000001,1,26.6,6.68,7.89,3.19,5,5,1,2,29.1,33.9,24.1,5.96,5,10,5,7.809092397727891,0.9577601039658775,0.02095712539701333,No,No,Normal,Safe,Stable
45421.25,May,262.05,92.93000000000001,1,26.6,6.68,7.89,3.19,5,5,0,6,29.1,33.9,24.1,5.96,5,10.05263157894737,4.736842105263158,7.804434423117503,0.9287910960284517,0.02052962681396964,Yes,Yes,Normal,Safe,Stable
45421.29166666666,May,262.05,92.93000000000001,1,26.6,6.68,7.89,3.19,5,5,0,2,29.1,33.9,24.1,5.96,5,10.10526315789474,4.473684210526316,7.799776448507115,0.8998220880910258,0.02010212823092595,No,No,Normal,Safe,Stable
45421.33333333334,May,262.05,92.93000000000001,1,26.6,6.68,7.89,3.19,5,5,0,2,29.1,33.9,24.1,5.96,5,10.1578947368421,4.210526315789473,7.795118473896728,0.8708530801535999,0.01967462964788226,Yes,No,Normal,Safe,Stable
45421.375,May,262.05,92.93000000000001,1,26.6,6.68,7.89,3.19,5,5,1,4,29.1,33.9,24.1,5.96,5,10.21052631578947,3.947368421052632,7.790460499286339,0.841884072216174,0.01924713106483858,No,No,Normal,Safe,Stable
45421.41666666666,May,262.05,92.93000000000001,1,26.6,6.68,7.89,3.19,5,5,0,6,29.1,33.9,24.1,5.96,5,10.26315789473684,3.684210526315789,7.785802524675951,0.8129150642787482,0.01881963248179489,Yes,No,Normal,Safe,Stable
45421.45833333334,May,262.05,92.93000000000001,1,26.6,6.68,7.89,3.19,5,5,0,1,29.1,33.9,24.1,5.96,5,10.31578947368421,3.421052631578947,7.781144550065563,0.7839460563413223,0.0183921338987512,No,No,Normal,Safe,Stable
45421.5,May,262.05,92.93000000000001,1,26.6,6.68,7.89,3.19,5,5,0,4,29.1,33.9,24.1,5.96,5,10.36842105263158,3.157894736842105,7.776486575455175,0.7549770484038965,0.01796463531570751,Yes,Yes,Normal,Safe,Stable
45421.54166666666,May,262.05,92.93000000000001,1,26.6,6.68,7.89,3.19,5,5,0,4,29.1,33.9,24.1,5.96,5,10.42105263157895,2.894736842105263,7.771828600844787,0.7260080404664705,0.01753713673266382,No,No,Normal,Safe,Stable
45421.58333333334,May,262.05,92.93000000000001,1,26.6,6.68,7.89,3.19,5,5,0,4,29.1,33.9,24.1,5.96,5,10.47368421052632,2.631578947368421,7.7671706262344,0.6970390325290446,0.01710963814962013,Yes,No,Normal,Safe,Stable
45421.625,May,262.05,92.93000000000001,1,26.6,6.68,7.89,3.19,5,5,0,4,29.1,33.9,24.1,5.96,5,10.52631578947368,2.368421052631579,7.762512651624011,0.6680700245916188,0.01668213956657644,No,No,Normal,Safe,Stable
45421.66666666666,May,262.05,92.93000000000001,1,26.6,6.68,7.89,3.19,5,5,0,5,29.1,33.9,24.1,5.96,5,10.57894736842105,2.105263157894737,7.757854677013623,0.6391010166541928,0.01625464098353276,Yes,No,Normal,Safe,Stable
45421.70833333334,May,262.05,92.93000000000001,1,26.6,6.68,7.89,3.19,5,5,1,1,29.1,33.9,24.1,5.96,5,10.63157894736842,1.842105263157895,7.753196702403235,0.610132008716767,0.01582714240048907,No,No,Normal,Safe,Stable
45421.75,May,262.05,92.93000000000001,1,26.6,6.68,7.89,3.19,5,5,0,2,29.1,33.9,24.1,5.96,5,10.68421052631579,1.578947368421053,7.748538727792847,0.5811630007793411,0.01539964381744538,Yes,Yes,Normal,Safe,Stable
45421.79166666666,May,262.05,92.93000000000001,1,26.6,6.68,7.89,3.19,5,5,0,4,29.1,33.9,24.1,5.96,5,10.73684210526316,1.315789473684211,7.743880753182459,0.5521939928419153,0.01497214523440169,No,No,Normal,Safe,Stable
45421.83333333334,May,262.05,92.93000000000001,1,26.6,6.68,7.89,3.19,5,5,0,5,29.1,33.9,24.1,5.96,5,10.78947368421053,1.052631578947369,7.739222778572072,0.5232249849044894,0.014544646651358,Yes,No,Normal,Safe,Stable
45421.875,May,262.05,92.93000000000001,1,26.6,6.68,7.89,3.19,5,5,0,5,29.1,33.9,24.1,5.96,5,10.84210526315789,0.7894736842105265,7.734564803961683,0.4942559769670635,0.01411714806831432,No,No,Normal,Safe,Stable
45421.91666666666,May,262.05,92.93000000000001,1,26.6,6.68,7.89,3.19,5,5,0,1,29.1,33.9,24.1,5.96,5,10.89473684210526,0.5263157894736841,7.729906829351295,0.4652869690296377,0.01368964948527063,Yes,No,Normal,Safe,Stable
45421.95833333334,May,262.05,92.93000000000001,1,26.6,6.68,7.89,3.19,5,5,0,4,29.1,33.9,24.1,5.96,5,10.94736842105263,0.2631578947368425,7.725248854740907,0.4363179610922118,0.01326215090222694,No,No,Normal,Safe,Stable
45422,May,262.05,92.93000000000001,1,26.6,6.68,7.89,3.19,5,5,0,1,29.1,33.9,24.1,5.96,5,11,0,7.720590880130519,0.407348953154786,0.01283465231918325,Yes,Yes,Normal,Safe,Stable
45422.04166666666,May,262.05,92.93000000000001,1,26.6,6.68,7.89,3.19,5,5,0,1,29.1,33.9,24.1,5.96,5,11,1,8.425420174990281,0.3624649661035009,0.123532039899991,No,No,Normal,Safe,Stable
45422.08333333334,May,262.05,92.93000000000001,1,26.6,6.68,7.89,3.19,5,5,1,6,29.1,33.9,24.1,5.96,5,11,2,8.107180520137915,1.021251942668492,-0.02188217596842309,Yes,No,Normal,Safe,Stable
45422.125,May,262.05,92.93000000000001,1,26.6,6.68,7.89,3.19,5,5,0,5,29.1,33.9,24.1,5.96,5,11,3,8.178297649786016,0.2836711086311098,0.9810655418656093,No,No,Normal,Safe,Stable
45422.16666666666,May,262.05,92.93000000000001,1,26.6,6.68,7.89,3.19,5,5,0,5,29.1,33.9,24.1,5.96,5,11,4,7.804955612222989,0.99873510228377,0.02434113772334959,Yes,No,Normal,Safe,Stable
45422.20833333334,May,262.05,92.93000000000001,1,26.6,6.68,7.89,3.19,5,5,0,1,29.1,33.9,24.1,5.96,5,11,5,7.967416245903537,1.004220938256284,-0.001573571582311408,No,No,Normal,Safe,Stable
45422.25,May,262.05,92.93000000000001,1,26.6,6.68,7.89,3.19,5,5,0,5,29.1,33.9,24.1,5.96,5,11.05263157894737,4.736842105263158,7.941110269830418,1.002012791394048,-0.0007820330590329913,Yes,Yes,Normal,Safe,Stable
45422.29166666666,May,262.05,92.93000000000001,1,26.6,6.68,7.89,3.19,5,5,1,5,29.1,33.9,24.1,5.96,5,11.10526315789474,4.473684210526316,7.914804293757298,0.9998046445318119,9.505464245425452E-06,No,No,Normal,Safe,Stable
45422.33333333334,May,262.05,92.93000000000001,1,26.6,6.68,7.89,3.19,5,5,0,5,29.1,33.9,24.1,5.96,5,11.1578947368421,4.210526315789473,7.888498317684179,0.9975964976695759,0.0008010439875238422,Yes,No,Normal,Safe,Stable
45422.375,May,262.05,92.93000000000001,1,26.6,6.68,7.89,3.19,5,5,0,2,29.1,33.9,24.1,5.96,5,11.21052631578947,3.947368421052632,7.86219234161106,0.99538835080734,0.001592582510802259,No,No,Normal,Safe,Stable
45422.41666666666,May,262.05,92.93000000000001,1,26.6,6.68,7.89,3.19,5,5,0,4,29.1,33.9,24.1,5.96,5,11.26315789473684,3.684210526315789,7.835886365537941,0.993180203945104,0.002384121034080676,Yes,No,Normal,Safe,Stable
45422.45833333334,May,262.05,92.93000000000001,1,26.6,6.68,7.89,3.19,5,5,0,4,29.1,33.9,24.1,5.96,5,11.31578947368421,3.421052631578947,7.809580389464821,0.9909720570828681,0.003175659557359092,No,No,Normal,Safe,Stable
45422.5,May,262.05,92.93000000000001,1,26.6,6.68,7.89,3.19,5,5,0,4,29.1,33.9,24.1,5.96,5,11.36842105263158,3.157894736842105,7.783274413391702,0.988763910220632,0.003967198080637509,Yes,Yes,Normal,Safe,Stable
45422.54166666666,May,262.05,92.93000000000001,1,26.6,6.68,7.89,3.19,5,5,0,5,29.1,33.9,24.1,5.96,5,11.42105263157895,2.894736842105263,7.756968437318583,0.9865557633583961,0.004758736603915925,No,No,Normal,Safe,Stable
45422.58333333334,May,262.05,92.93000000000001,1,26.6,6.68,7.89,3.19,5,5,0,4,29.1,33.9,24.1,5.96,5,11.47368421052632,2.631578947368421,7.730662461245464,0.9843476164961601,0.005550275127194342,Yes,No,Normal,Safe,Stable
45422.625,May,262.05,92.93000000000001,1,26.6,6.68,7.89,3.19,5,5,0,2,29.1,33.9,24.1,5.96,5,11.52631578947368,2.368421052631579,7.704356485172344,0.9821394696339242,0.006341813650472759,No,No,Normal,Safe,Stable
45422.66666666666,May,262.05,92.93000000000001,1,26.6,6.68,7.89,3.19,5,5,0,5,29.1,33.9,24.1,5.96,5,11.57894736842105,2.105263157894737,7.678050509099225,0.9799313227716882,0.007133352173751176,Yes,No,Normal,Safe,Stable
45422.70833333334,May,262.05,92.93000000000001,1,26.6,6.68,7.89,3.19,5,5,0,2,29.1,33.9,24.1,5.96,5,11.63157894736842,1.842105263157895,7.651744533026106,0.9777231759094522,0.007924890697029592,No,No,Normal,Safe,Stable
45422.75,May,262.05,92.93000000000001,1,26.6,6.68,7.89,3.19,5,5,0,5,29.1,33.9,24.1,5.96,5,11.68421052631579,1.578947368421053,7.625438556952987,0.9755150290472162,0.008716429220308009,Yes,Yes,Normal,Safe,Stable
45422.79166666666,May,262.05,92.93000000000001,1,26.6,6.68,7.89,3.19,5,5,0,5,29.1,33.9,24.1,5.96,5,11.73684210526316,1.315789473684211,7.599132580879867,0.9733068821849803,0.009507967743586426,No,No,Normal,Safe,Stable
45422.83333333334,May,262.05,92.93000000000001,1,26.6,6.68,7.89,3.19,5,5,0,6,29.1,33.9,24.1,5.96,5,11.78947368421053,1.052631578947369,7.572826604806748,0.9710987353227443,0.01029950626686484,Yes,No,Normal,Safe,Stable
45422.875,May,262.05,92.93000000000001,1,26.6,6.68,7.89,3.19,5,5,0,5,29.1,33.9,24.1,5.96,5,11.84210526315789,0.7894736842105265,7.546520628733629,0.9688905884605084,0.01109104479014326,No,No,Normal,Safe,Stable
45422.91666666666,May,262.05,92.93000000000001,1,26.6,6.68,7.89,3.19,5,5,0,5,29.1,33.9,24.1,5.96,5,11.89473684210526,0.5263157894736841,7.52021465266051,0.9666824415982723,0.01188258331342168,Yes,No,Normal,Safe,Stable
45422.95833333334,May,262.05,92.93000000000001,1,26.6,6.68,7.89,3.19,5,5,1,5,29.1,33.9,24.1,5.96,5,11.94736842105263,0.2631578947368425,7.49390867658739,0.9644742947360363,0.01267412183670009,No,No,Normal,Safe,Stable
45423,May,262.05,92.93000000000001,1,26.6,6.68,7.89,3.19,5,5,0,6,29.1,33.9,24.1,5.96,5,12,0,7.467602700514271,0.9622661478738004,0.01346566035997851,Yes,Yes,Normal,Safe,Stable
45423.04166666666,May,262.05,92.93000000000001,1,26.6,6.68,7.89,3.19,5,5,0,2,29.1,33.9,24.1,5.96,5,12,1,8.312209071565983,0.33727654201702,0.1240223865542881,No,No,Normal,Safe,Stable
45423.08333333334,May,262.05,92.93000000000001,1,26.6,6.68,7.89,3.19,5,5,0,2,29.1,33.9,24.1,5.96,5,12,2,7.81576995587379,0.9730679515035104,-0.02941501315813656,Yes,No,Normal,Safe,Stable
45423.125,May,262.05,92.93000000000001,1,26.6,6.68,7.89,3.19,5,5,0,5,29.1,33.9,24.1,5.96,5,12,3,8.233552794241087,0.348673959590125,0.8488479859115239,No,No,Normal,Safe,Stable
45423.16666666666,May,262.05,92.93000000000001,1,26.6,6.68,7.89,3.19,5,5,1,2,29.1,33.9,24.1,5.96,5,12,4,8.48352093961114,0.3168792608373827,0.8268682513801314,Yes,No,Normal,Safe,Stable
45423.20833333334,May,262.05,92.93000000000001,1,26.6,6.68,7.89,3.19,5,5,0,4,29.1,33.9,24.1,5.96,5,12,5,8.073694817969484,0.4072875239910335,-0.002477627542798342,No,No,Normal,Safe,Stable
45423.25,May,262.05,92.93000000000001,1,26.6,6.68,7.89,3.19,5,5,1,4,29.1,33.9,24.1,5.96,5,12.05263157894737,4.736842105263158,8.068741069511724,0.4084612824077799,-0.001201080735122812,Yes,Yes,Normal,Safe,Stable
45423.29166666666,May,262.05,92.93000000000001,1,26.6,6.68,7.89,3.19,5,5,0,4,29.1,33.9,24.1,5.96,5,12.10526315789474,4.473684210526316,8.063787321053962,0.4096350408245263,7.54660725527179E-05,No,No,Normal,Safe,Stable
45423.33333333334,May,262.05,92.93000000000001,1,26.6,6.68,7.89,3.19,5,5,1,5,29.1,33.9,24.1,5.96,5,12.1578947368421,4.210526315789473,8.0588335725962,0.4108087992412727,0.001352012880228248,Yes,No,Normal,Safe,Stable
45423.375,May,262.05,92.93000000000001,1,26.6,6.68,7.89,3.19,5,5,0,5,29.1,33.9,24.1,5.96,5,12.21052631578947,3.947368421052632,8.05387982413844,0.4119825576580191,0.002628559687903778,No,No,Normal,Safe,Stable
45423.41666666666,May,262.05,92.93000000000001,1,26.6,6.68,7.89,3.19,5,5,0,5,29.1,33.9,24.1,5.96,5,12.26315789473684,3.684210526315789,8.048926075680679,0.4131563160747656,0.003905106495579307,Yes,No,Normal,Safe,Stable
45423.45833333334,May,262.05,92.93000000000001,1,26.6,6.68,7.89,3.19,5,5,0,6,29.1,33.9,24.1,5.96,5,12.31578947368421,3.421052631578947,8.043972327222917,0.4143300744915119,0.005181653303254838,No,No,Normal,Safe,Stable
45423.5,May,262.05,92.93000000000001,1,26.6,6.68,7.89,3.19,5,5,0,4,29.1,33.9,24.1,5.96,5,12.36842105263158,3.157894736842105,8.039018578765155,0.4155038329082584,0.006458200110930366,Yes,Yes,Normal,Safe,Stable
45423.54166666666,May,262.05,92.93000000000001,1,26.6,6.68,7.89,3.19,5,5,0,4,29.1,33.9,24.1,5.96,5,12.42105263157895,2.894736842105263,8.034064830307395,0.4166775913250048,0.007734746918605897,No,No,Normal,Safe,Stable
45423.58333333334,May,262.05,92.93000000000001,1,26.6,6.68,7.89,3.19,5,5,0,1,29.1,33.9,24.1,5.96,5,12.47368421052632,2.631578947368421,8.029111081849635,0.4178513497417511,0.009011293726281427,Yes,No,Normal,Safe,Stable
45423.625,May,262.05,92.93000000000001,1,26.6,6.68,7.89,3.19,5,5,0,4,29.1,33.9,24.1,5.96,5,12.52631578947368,2.368421052631579,8.024157333391873,0.4190251081584976,0.01028784053395696,No,No,Normal,Safe,Stable
45423.66666666666,May,262.05,92.93000000000001,1,26.6,6.68,7.89,3.19,5,5,0,4,29.1,33.9,24.1,5.96,5,12.57894736842105,2.105263157894737,8.019203584934111,0.420198866575244,0.01156438734163249,Yes,No,Normal,Safe,Stable
45423.70833333334,May,262.05,92.93000000000001,1,26.6,6.68,7.89,3.19,5,5,0,1,29.1,33.9,24.1,5.96,5,12.63157894736842,1.842105263157895,8.014249836476351,0.4213726249919904,0.01284093414930802,No,No,Normal,Safe,Stable
45423.75,May,262.05,92.93000000000001,1,26.6,6.68,7.89,3.19,5,5,0,4,29.1,33.9,24.1,5.96,5,12.68421052631579,1.578947368421053,8.009296088018591,0.4225463834087368,0.01411748095698355,Yes,Yes,Normal,Safe,Stable
45423.79166666666,May,262.05,92.93000000000001,1,26.6,6.68,7.89,3.19,5,5,0,5,29.1,33.9,24.1,5.96,5,12.73684210526316,1.315789473684211,8.004342339560829,0.4237201418254832,0.01539402776465908,No,No,Normal,Safe,Stable
45423.83333333334,May,262.05,92.93000000000001,1,26.6,6.68,7.89,3.19,5,5,0,1,29.1,33.9,24.1,5.96,5,12.78947368421053,1.052631578947369,7.999388591103068,0.4248939002422296,0.01667057457233461,Yes,No,Normal,Safe,Stable
45423.875,May,262.05,92.93000000000001,1,26.6,6.68,7.89,3.19,5,5,1,5,29.1,33.9,24.1,5.96,5,12.84210526315789,0.7894736842105265,7.994434842645306,0.426067658658976,0.01794712138001014,No,No,Normal,Safe,Stable
45423.91666666666,May,262.05,92.93000000000001,1,26.6,6.68,7.89,3.19,5,5,1,4,29.1,33.9,24.1,5.96,5,12.89473684210526,0.5263157894736841,7.989481094187545,0.4272414170757224,0.01922366818768567,Yes,No,Normal,Safe,Stable
45423.95833333334,May,262.05,92.93000000000001,1,26.6,6.68,7.89,3.19,5,5,0,2,29.1,33.9,24.1,5.96,5,12.94736842105263,0.2631578947368425,7.984527345729784,0.4284151754924688,0.0205002149953612,No,No,Normal,Safe,Stable
45424,May,262.05,92.93000000000001,1,26.6,6.68,7.89,3.19,5,5,1,5,29.1,33.9,24.1,5.96,5,13,0,7.979573597272023,0.4295889339092152,0.02177676180303673,Yes,Yes,Normal,Safe,Stable
45424.04166666666,May,262.05,92.93000000000001,1,26.6,6.68,7.89,3.19,5,5,0,2,29.1,33.9,24.1,5.96,5,13,1,8.000130136497576,0.9435204434299991,0.03947870867643805,No,No,Normal,Safe,Stable
45424.08333333334,May,262.05,92.93000000000001,1,26.6,6.68,7.89,3.19,5,5,0,5,29.1,33.9,24.1,5.96,5,13,2,8.123400196191294,1.00743419905777,0.02273617424322564,Yes,No,Normal,Safe,Stable
45424.125,May,262.05,92.93000000000001,1,26.6,6.68,7.89,3.19,5,5,0,4,29.1,33.9,24.1,5.96,5,13,3,7.916491225721988,0.2958723694104349,0.968254527717303,No,No,Normal,Safe,Stable
45424.16666666666,May,262.05,92.93000000000001,1,26.6,6.68,7.89,3.19,5,5,0,5,29.1,33.9,24.1,5.96,5,13,4,7.851581583713525,0.9760875890390156,0.02189074195381731,Yes,No,Normal,Safe,Stable
45424.20833333334,May,262.05,92.93000000000001,1,26.6,6.68,7.89,3.19,5,5,0,2,29.1,33.9,24.1,5.96,5,13,5,8.261198852969313,0.4050563983038594,0.02569058617899241,No,No,Normal,Safe,Stable
45424.25,May,262.05,92.93000000000001,1,26.6,6.68,7.89,3.19,5,5,0,2,29.1,33.9,24.1,5.96,5,13.05263157894737,4.736842105263158,8.239000583216967,0.4056792208164009,0.0254278081214556,Yes,Yes,Normal,Safe,Stable
45424.29166666666,May,262.05,92.93000000000001,1,26.6,6.68,7.89,3.19,5,5,0,5,29.1,33.9,24.1,5.96,5,13.10526315789474,4.473684210526316,8.216802313464621,0.4063020433289423,0.02516503006391879,No,No,Normal,Safe,Stable
45424.33333333334,May,262.05,92.93000000000001,1,26.6,6.68,7.89,3.19,5,5,0,2,29.1,33.9,24.1,5.96,5,13.1578947368421,4.210526315789473,8.194604043712275,0.4069248658414838,0.02490225200638198,Yes,No,Normal,Safe,Stable
45424.375,May,262.05,92.93000000000001,1,26.6,6.68,7.89,3.19,5,5,0,5,29.1,33.9,24.1,5.96,5,13.21052631578947,3.947368421052632,8.172405773959927,0.4075476883540252,0.02463947394884517,No,No,Normal,Safe,Stable
45424.41666666666,May,262.05,92.93000000000001,1,26.6,6.68,7.89,3.19,5,5,0,5,29.1,33.9,24.1,5.96,5,13.26315789473684,3.684210526315789,8.150207504207581,0.4081705108665667,0.02437669589130837,Yes,No,Normal,Safe,Stable
45424.45833333334,May,262.05,92.93000000000001,1,26.6,6.68,7.89,3.19,5,5,1,2,29.1,33.9,24.1,5.96,5,13.31578947368421,3.421052631578947,8.128009234455234,0.4087933333791081,0.02411391783377156,No,No,Normal,Safe,Stable
45424.5,May,262.05,92.93000000000001,1,26.6,6.68,7.89,3.19,5,5,0,4,29.1,33.9,24.1,5.96,5,13.36842105263158,3.157894736842105,8.105810964702888,0.4094161558916496,0.02385113977623475,Yes,Yes,Normal,Safe,Stable
45424.54166666666,May,262.05,92.93000000000001,1,26.6,6.68,7.89,3.19,5,5,0,5,29.1,33.9,24.1,5.96,5,13.42105263157895,2.894736842105263,8.083612694950542,0.410038978404191,0.02358836171869794,No,No,Normal,Safe,Stable
45424.58333333334,May,262.05,92.93000000000001,1,26.6,6.68,7.89,3.19,5,5,0,1,29.1,33.9,24.1,5.96,5,13.47368421052632,2.631578947368421,8.061414425198196,0.4106618009167325,0.02332558366116113,Yes,No,Normal,Safe,Stable
45424.625,May,262.05,92.93000000000001,1,26.6,6.68,7.89,3.19,5,5,0,4,29.1,33.9,24.1,5.96,5,13.52631578947368,2.368421052631579,8.03921615544585,0.4112846234292739,0.02306280560362433,No,No,Normal,Safe,Stable
45424.66666666666,May,262.05,92.93000000000001,1,26.6,6.68,7.89,3.19,5,5,0,4,29.1,33.9,24.1,5.96,5,13.57894736842105,2.105263157894737,8.017017885693503,0.4119074459418154,0.02280002754608752,Yes,No,Normal,Safe,Stable
45424.70833333334,May,262.05,92.93000000000001,1,26.6,6.68,7.89,3.19,5,5,0,4,29.1,33.9,24.1,5.96,5,13.63157894736842,1.842105263157895,7.994819615941156,0.4125302684543568,0.02253724948855071,No,No,Normal,Safe,Stable
45424.75,May,262.05,92.93000000000001,1,26.6,6.68,7.89,3.19,5,5,0,1,29.1,33.9,24.1,5.96,5,13.68421052631579,1.578947368421053,7.97262134618881,0.4131530909668983,0.0222744714310139,Yes,Yes,Normal,Safe,Stable
45424.79166666666,May,262.05,92.93000000000001,1,26.6,6.68,7.89,3.19,5,5,0,2,29.1,33.9,24.1,5.96,5,13.73684210526316,1.315789473684211,7.950423076436463,0.4137759134794397,0.02201169337347709,No,No,Normal,Safe,Stable
45424.83333333334,May,262.05,92.93000000000001,1,26.6,6.68,7.89,3.19,5,5,0,4,29.1,33.9,24.1,5.96,5,13.78947368421053,1.052631578947369,7.928224806684117,0.4143987359919812,0.02174891531594028,Yes,No,Normal,Safe,Stable
45424.875,May,262.05,92.93000000000001,1,26.6,6.68,7.89,3.19,5,5,0,4,29.1,33.9,24.1,5.96,5,13.84210526315789,0.7894736842105265,7.906026536931771,0.4150215585045226,0.02148613725840347,No,No,Normal,Safe,Stable
45424.91666666666,May,262.05,92.93000000000001,1,26.6,6.68,7.89,3.19,5,5,1,5,29.1,33.9,24.1,5.96,5,13.89473684210526,0.5263157894736841,7.883828267179425,0.4156443810170641,0.02122335920086667,Yes,No,Normal,Safe,Stable
45424.95833333334,May,262.05,92.93000000000001,1,26.6,6.68,7.89,3.19,5,5,0,1,29.1,33.9,24.1,5.96,5,13.94736842105263,0.2631578947368425,7.861629997427078,0.4162672035296055,0.02096058114332986,No,No,Normal,Safe,Stable
45425,May,262.05,92.93000000000001,1,26.6,6.68,7.89,3.19,5,5,0,6,29.1,33.9,24.1,5.96,5,14,0,7.839431727674731,0.416890026042147,0.02069780308579305,Yes,Yes,Normal,Safe,Stable
45425.04166666666,May,262.05,92.93000000000001,1,26.6,6.68,7.89,3.19,5,5,0,1,29.1,33.9,24.1,5.96,5,14,1,8.465880351359308,0.3225783505246859,0.1281348095961638,No,No,Normal,Safe,Stable
45425.08333333334,May,262.05,92.93000000000001,1,26.6,6.68,7.89,3.19,5,5,0,6,29.1,33.9,24.1,5.96,5,14,2,8.310259522417436,0.351234544929331,0.4382158294030017,Yes,No,Normal,Safe,Stable
45425.125,May,262.05,92.93000000000001,1,26.6,6.68,7.89,3.19,5,5,0,4,29.1,33.9,24.1,5.96,5,14,3,7.919493749286821,0.3209060519781538,0.8348100619063732,No,No,Normal,Safe,Stable
45425.16666666666,May,262.05,92.93000000000001,1,26.6,6.68,7.89,3.19,5,5,0,4,29.1,33.9,24.1,5.96,5,14,4,7.992538577422056,0.9426200519754946,-0.006850855898434182,Yes,No,Normal,Safe,Stable
45425.20833333334,May,262.05,92.93000000000001,1,26.6,6.68,7.89,3.19,5,5,0,4,29.1,33.9,24.1,5.96,5,14,5,8.483072821594064,0.4203645555684135,0.03303063776306352,No,No,Normal,Safe,Stable
45425.25,May,262.05,92.93000000000001,1,26.6,6.68,7.89,3.19,5,5,0,2,29.1,33.9,24.1,5.96,5,14.05263157894737,4.736842105263158,8.436996226257309,0.4493944885095604,0.03122529821301035,Yes,Yes,Normal,Safe,Stable
45425.29166666666,May,262.05,92.93000000000001,1,26.6,6.68,7.89,3.19,5,5,0,5,29.1,33.9,24.1,5.96,5,14.10526315789474,4.473684210526316,8.390919630920553,0.4784244214507073,0.02941995866295718,No,No,Normal,Safe,Stable
45425.33333333334,May,262.05,92.93000000000001,1,26.6,6.68,7.89,3.19,5,5,1,1,29.1,33.9,24.1,5.96,5,14.1578947368421,4.210526315789473,8.344843035583798,0.5074543543918543,0.02761461911290401,Yes,No,Normal,Safe,Stable
45425.375,May,262.05,92.93000000000001,1,26.6,6.68,7.89,3.19,5,5,1,6,29.1,33.9,24.1,5.96,5,14.21052631578947,3.947368421052632,8.298766440247043,0.5364842873330012,0.02580927956285085,No,No,Normal,Safe,Stable
45425.41666666666,May,262.05,92.93000000000001,1,26.6,6.68,7.89,3.19,5,5,0,4,29.1,33.9,24.1,5.96,5,14.26315789473684,3.684210526315789,8.252689844910286,0.5655142202741481,0.02400394001279768,Yes,No,Normal,Safe,Stable
45425.45833333334,May,262.05,92.93000000000001,1,26.6,6.68,7.89,3.19,5,5,0,4,29.1,33.9,24.1,5.96,5,14.31578947368421,3.421052631578947,8.206613249573531,0.5945441532152951,0.02219860046274451,No,No,Normal,Safe,Stable
45425.5,May,262.05,92.93000000000001,1,26.6,6.68,7.89,3.19,5,5,1,5,29.1,33.9,24.1,5.96,5,14.36842105263158,3.157894736842105,8.160536654236775,0.6235740861564421,0.02039326091269134,Yes,Yes,Normal,Safe,Stable
45425.54166666666,May,262.05,92.93000000000001,1,26.6,6.68,7.89,3.19,5,5,0,1,29.1,33.9,24.1,5.96,5,14.42105263157895,2.894736842105263,8.11446005890002,0.6526040190975889,0.01858792136263818,No,No,Normal,Safe,Stable
45425.58333333334,May,262.05,92.93000000000001,1,26.6,6.68,7.89,3.19,5,5,0,4,29.1,33.9,24.1,5.96,5,14.47368421052632,2.631578947368421,8.068383463563265,0.6816339520387359,0.01678258181258501,Yes,No,Normal,Safe,Stable
45425.625,May,262.05,92.93000000000001,1,26.6,6.68,7.89,3.19,5,5,0,1,29.1,33.9,24.1,5.96,5,14.52631578947368,2.368421052631579,8.02230686822651,0.7106638849798828,0.01497724226253184,No,No,Normal,Safe,Stable
45425.66666666666,May,262.05,92.93000000000001,1,26.6,6.68,7.89,3.19,5,5,1,1,29.1,33.9,24.1,5.96,5,14.57894736842105,2.105263157894737,7.976230272889755,0.7396938179210297,0.01317190271247867,Yes,No,Normal,Safe,Stable
45425.70833333334,May,262.05,92.93000000000001,1,26.6,6.68,7.89,3.19,5,5,0,4,29.1,33.9,24.1,5.96,5,14.63157894736842,1.842105263157895,7.930153677552999,0.7687237508621767,0.01136656316242551,No,No,Normal,Safe,Stable
45425.75,May,262.05,92.93000000000001,1,26.6,6.68,7.89,3.19,5,5,0,6,29.1,33.9,24.1,5.96,5,14.68421052631579,1.578947368421053,7.884077082216243,0.7977536838033236,0.009561223612372341,Yes,Yes,Normal,Safe,Stable
45425.79166666666,May,262.05,92.93000000000001,1,26.6,6.68,7.89,3.19,5,5,0,5,29.1,33.9,24.1,5.96,5,14.73684210526316,1.315789473684211,7.838000486879488,0.8267836167444705,0.007755884062319172,No,No,Normal,Safe,Stable
45425.83333333334,May,262.05,92.93000000000001,1,26.6,6.68,7.89,3.19,5,5,0,4,29.1,33.9,24.1,5.96,5,14.78947368421053,1.052631578947369,7.791923891542733,0.8558135496856174,0.005950544512266003,Yes,No,Normal,Safe,Stable
45425.875,May,262.05,92.93000000000001,1,26.6,6.68,7.89,3.19,5,5,0,4,29.1,33.9,24.1,5.96,5,14.84210526315789,0.7894736842105265,7.745847296205977,0.8848434826267644,0.004145204962212837,No,No,Normal,Safe,Stable
45425.91666666666,May,262.05,92.93000000000001,1,26.6,6.68,7.89,3.19,5,5,0,5,29.1,33.9,24.1,5.96,5,14.89473684210526,0.5263157894736841,7.699770700869221,0.9138734155679114,0.002339865412159671,Yes,No,Normal,Safe,Stable
45425.95833333334,May,262.05,92.93000000000001,1,26.6,6.68,7.89,3.19,5,5,1,4,29.1,33.9,24.1,5.96,5,14.94736842105263,0.2631578947368425,7.653694105532466,0.9429033485090583,0.0005345258621065052,No,No,Normal,Safe,Stable
45426,May,262.05,92.93000000000001,1,26.6,6.68,7.89,3.19,5,5,0,1,29.1,33.9,24.1,5.96,5,15,0,7.607617510195711,0.9719332814502051,-0.001270813687946668,Yes,Yes,Normal,Safe,Stable
45426.04166666666,May,262.05,92.93000000000001,1,26.6,6.68,7.89,3.19,5,5,0,5,29.1,33.9,24.1,5.96,5,15,1,8.089811149064781,0.3277831616647177,0.1058709839592824,No,No,Normal,Safe,Stable
45426.08333333334,May,262.05,92.93000000000001,1,26.6,6.68,7.89,3.19,5,5,0,6,29.1,33.9,24.1,5.96,5,15,2,7.593914931180121,0.9485094648045381,-0.0413534743887479,Yes,No,Normal,Safe,Stable
45426.125,May,262.05,92.93000000000001,1,26.6,6.68,7.89,3.19,5,5,0,6,29.1,33.9,24.1,5.96,5,15,3,8.221427885725259,0.5274260101278997,0.006877228691308745,No,No,Normal,Safe,Stable
45426.16666666666,May,262.05,92.93000000000001,1,26.6,6.68,7.89,3.19,5,5,0,6,29.1,33.9,24.1,5.96,5,15,4,7.872119577692531,0.9767107951820402,-0.02926474751128344,Yes,No,Normal,Safe,Stable
45426.20833333334,May,262.05,92.93000000000001,1,26.6,6.68,7.89,3.19,5,5,0,5,29.1,33.9,24.1,5.96,5,15,5,8.51102979258393,0.3686289439687806,0.01063433858306622,No,No,Normal,Safe,Stable
45426.25,May,262.05,92.93000000000001,1,26.6,6.68,7.89,3.19,5,5,0,5,29.1,33.9,24.1,5.96,5,15.05263157894737,4.736842105263158,8.492253425658019,0.3718750516265534,0.01125196091084872,Yes,Yes,Normal,Safe,Stable
45426.29166666666,May,262.05,92.93000000000001,1,26.6,6.68,7.89,3.19,5,5,0,1,29.1,33.9,24.1,5.96,5,15.10526315789474,4.473684210526316,8.473477058732106,0.3751211592843262,0.01186958323863123,No,No,Normal,Safe,Stable
45426.33333333334,May,262.05,92.93000000000001,1,26.6,6.68,7.89,3.19,5,5,0,4,29.1,33.9,24.1,5.96,5,15.1578947368421,4.210526315789473,8.454700691806195,0.3783672669420989,0.01248720556641373,Yes,No,Normal,Safe,Stable
45426.375,May,262.05,92.93000000000001,1,26.6,6.68,7.89,3.19,5,5,0,5,29.1,33.9,24.1,5.96,5,15.21052631578947,3.947368421052632,8.435924324880284,0.3816133745998717,0.01310482789419623,No,No,Normal,Safe,Stable
45426.41666666666,May,262.05,92.93000000000001,1,26.6,6.68,7.89,3.19,5,5,0,4,29.1,33.9,24.1,5.96,5,15.26315789473684,3.684210526315789,8.417147957954374,0.3848594822576444,0.01372245022197873,Yes,No,Normal,Safe,Stable
45426.45833333334,May,262.05,92.93000000000001,1,26.6,6.68,7.89,3.19,5,5,0,1,29.1,33.9,24.1,5.96,5,15.31578947368421,3.421052631578947,8.398371591028461,0.3881055899154172,0.01434007254976124,No,No,Normal,Safe,Stable
45426.5,May,262.05,92.93000000000001,1,26.6,6.68,7.89,3.19,5,5,0,4,29.1,33.9,24.1,5.96,5,15.36842105263158,3.157894736842105,8.37959522410255,0.39135169757319,0.01495769487754374,Yes,Yes,Normal,Safe,Stable
45426.54166666666,May,262.05,92.93000000000001,1,26.6,6.68,7.89,3.19,5,5,0,5,29.1,33.9,24.1,5.96,5,15.42105263157895,2.894736842105263,8.360818857176639,0.3945978052309627,0.01557531720532624,No,No,Normal,Safe,Stable
45426.58333333334,May,262.05,92.93000000000001,1,26.6,6.68,7.89,3.19,5,5,0,4,29.1,33.9,24.1,5.96,5,15.47368421052632,2.631578947368421,8.342042490250728,0.3978439128887355,0.01619293953310874,Yes,No,Normal,Safe,Stable
45426.625,May,262.05,92.93000000000001,1,26.6,6.68,7.89,3.19,5,5,0,2,29.1,33.9,24.1,5.96,5,15.52631578947368,2.368421052631579,8.323266123324816,0.4010900205465083,0.01681056186089125,No,No,Normal,Safe,Stable
45426.66666666666,May,262.05,92.93000000000001,1,26.6,6.68,7.89,3.19,5,5,0,4,29.1,33.9,24.1,5.96,5,15.57894736842105,2.105263157894737,8.304489756398905,0.4043361282042811,0.01742818418867375,Yes,No,Normal,Safe,Stable
45426.70833333334,May,262.05,92.93000000000001,1,26.6,6.68,7.89,3.19,5,5,0,5,29.1,33.9,24.1,5.96,5,15.63157894736842,1.842105263157895,8.285713389472994,0.4075822358620538,0.01804580651645625,No,No,Normal,Safe,Stable
45426.75,May,262.05,92.93000000000001,1,26.6,6.68,7.89,3.19,5,5,0,5,29.1,33.9,24.1,5.96,5,15.68421052631579,1.578947368421053,8.266937022547083,0.4108283435198266,0.01866342884423875,Yes,Yes,Normal,Safe,Stable
45426.79166666666,May,262.05,92.93000000000001,1,26.6,6.68,7.89,3.19,5,5,0,5,29.1,33.9,24.1,5.96,5,15.73684210526316,1.315789473684211,8.24816065562117,0.4140744511775993,0.01928105117202126,No,No,Normal,Safe,Stable
45426.83333333334,May,262.05,92.93000000000001,1,26.6,6.68,7.89,3.19,5,5,0,5,29.1,33.9,24.1,5.96,5,15.78947368421053,1.052631578947369,8.229384288695259,0.4173205588353721,0.01989867349980376,Yes,No,Normal,Safe,Stable
45426.875,May,262.05,92.93000000000001,1,26.6,6.68,7.89,3.19,5,5,0,5,29.1,33.9,24.1,5.96,5,15.84210526315789,0.7894736842105265,8.210607921769348,0.4205666664931449,0.02051629582758626,No,No,Normal,Safe,Stable
45426.91666666666,May,262.05,92.93000000000001,1,26.6,6.68,7.89,3.19,5,5,0,4,29.1,33.9,24.1,5.96,5,15.89473684210526,0.5263157894736841,8.191831554843438,0.4238127741509176,0.02113391815536876,Yes,No,Normal,Safe,Stable
45426.95833333334,May,262.05,92.93000000000001,1,26.6,6.68,7.89,3.19,5,5,0,4,29.1,33.9,24.1,5.96,5,15.94736842105263,0.2631578947368425,8.173055187917525,0.4270588818086904,0.02175154048315127,No,No,Normal,Safe,Stable
45427,May,262.05,92.93000000000001,1,26.6,6.68,7.89,3.19,5,5,1,4,29.1,33.9,24.1,5.96,5,16,0,8.154278820991614,0.4303049894664632,0.02236916281093377,Yes,Yes,Normal,Safe,Stable
45427.04166666666,May,262.05,92.93000000000001,1,26.6,6.68,7.89,3.19,5,5,1,2,29.1,33.9,24.1,5.96,5,16,1,7.828699261826745,0.9479373384559204,0.02568545966910498,No,No,Normal,Safe,Stable
45427.08333333334,May,262.05,92.93000000000001,1,26.6,6.68,7.89,3.19,5,5,0,2,29.1,33.9,24.1,5.96,5,16,2,8.117283208236783,0.9676996897688269,0.008426271859024597,Yes,No,Normal,Safe,Stable
45427.125,May,262.05,92.93000000000001,1,26.6,6.68,7.89,3.19,5,5,0,2,29.1,33.9,24.1,5.96,5,16,3,8.47419007961677,0.1900174931605652,0.9095825809409707,No,No,Normal,Safe,Stable
45427.16666666666,May,262.05,92.93000000000001,1,26.6,6.68,7.89,3.19,5,5,0,4,29.1,33.9,24.1,5.96,5,16,4,8.329895313366153,0.9832217516786631,-0.02160270420973298,Yes,No,Normal,Safe,Stable
45427.20833333334,May,262.05,92.93000000000001,1,26.6,6.68,7.89,3.19,5,5,0,4,29.1,33.9,24.1,5.96,5,16,5,8.543348265639342,0.380286833939946,0.01816270561984332,No,No,Normal,Safe,Stable
45427.25,May,262.05,92.93000000000001,1,26.6,6.68,7.89,3.19,5,5,0,4,29.1,33.9,24.1,5.96,5,16.05263157894737,4.736842105263158,8.514270517796078,0.3802940897469164,0.01761829118936561,Yes,Yes,Normal,Safe,Stable
45427.29166666666,May,262.05,92.93000000000001,1,26.6,6.68,7.89,3.19,5,5,0,4,29.1,33.9,24.1,5.96,5,16.10526315789474,4.473684210526316,8.485192769952816,0.3803013455538868,0.01707387675888791,No,No,Normal,Safe,Stable
45427.33333333334,May,262.05,92.93000000000001,1,26.6,6.68,7.89,3.19,5,5,0,6,29.1,33.9,24.1,5.96,5,16.15789473684211,4.210526315789473,8.456115022109552,0.3803086013608571,0.01652946232841021,Yes,No,Normal,Safe,Stable
45427.375,May,262.05,92.93000000000001,1,26.6,6.68,7.89,3.19,5,5,0,2,29.1,33.9,24.1,5.96,5,16.21052631578947,3.947368421052632,8.427037274266288,0.3803158571678275,0.0159850478979325,No,No,Normal,Safe,Stable
45427.41666666666,May,262.05,92.93000000000001,1,26.6,6.68,7.89,3.19,5,5,0,2,29.1,33.9,24.1,5.96,5,16.26315789473684,3.684210526315789,8.397959526423026,0.3803231129747979,0.0154406334674548,Yes,No,Normal,Safe,Stable
45427.45833333334,May,262.05,92.93000000000001,1,26.6,6.68,7.89,3.19,5,5,0,4,29.1,33.9,24.1,5.96,5,16.31578947368421,3.421052631578947,8.368881778579762,0.3803303687817683,0.0148962190369771,No,No,Normal,Safe,Stable
45427.5,May,262.05,92.93000000000001,1,26.6,6.68,7.89,3.19,5,5,1,2,29.1,33.9,24.1,5.96,5,16.36842105263158,3.157894736842105,8.339804030736499,0.3803376245887387,0.01435180460649939,Yes,Yes,Normal,Safe,Stable
45427.54166666666,May,262.05,92.93000000000001,1,26.6,6.68,7.89,3.19,5,5,1,2,29.1,33.9,24.1,5.96,5,16.42105263157895,2.894736842105263,8.310726282893237,0.3803448803957091,0.01380739017602169,No,No,Normal,Safe,Stable
45427.58333333334,May,262.05,92.93000000000001,1,26.6,6.68,7.89,3.19,5,5,0,5,29.1,33.9,24.1,5.96,5,16.47368421052632,2.631578947368421,8.281648535049973,0.3803521362026794,0.01326297574554398,Yes,No,Normal,Safe,Stable
45427.625,May,262.05,92.93000000000001,1,26.6,6.68,7.89,3.19,5,5,0,5,29.1,33.9,24.1,5.96,5,16.52631578947368,2.368421052631579,8.252570787206709,0.3803593920096499,0.01271856131506628,No,No,Normal,Safe,Stable
45427.66666666666,May,262.05,92.93000000000001,1,26.6,6.68,7.89,3.19,5,5,0,4,29.1,33.9,24.1,5.96,5,16.57894736842105,2.105263157894737,8.223493039363447,0.3803666478166202,0.01217414688458858,Yes,No,Normal,Safe,Stable
45427.70833333334,May,262.05,92.93000000000001,1,26.6,6.68,7.89,3.19,5,5,0,5,29.1,33.9,24.1,5.96,5,16.63157894736842,1.842105263157895,8.194415291520183,0.3803739036235906,0.01162973245411087,No,No,Normal,Safe,Stable
45427.75,May,262.05,92.93000000000001,1,26.6,6.68,7.89,3.19,5,5,1,2,29.1,33.9,24.1,5.96,5,16.68421052631579,1.578947368421053,8.16533754367692,0.380381159430561,0.01108531802363317,Yes,Yes,Normal,Safe,Stable
45427.79166666666,May,262.05,92.93000000000001,1,26.6,6.68,7.89,3.19,5,5,0,4,29.1,33.9,24.1,5.96,5,16.73684210526316,1.315789473684211,8.136259795833658,0.3803884152375314,0.01054090359315546,No,No,Normal,Safe,Stable
45427.83333333334,May,262.05,92.93000000000001,1,26.6,6.68,7.89,3.19,5,5,1,6,29.1,33.9,24.1,5.96,5,16.78947368421053,1.052631578947369,8.107182047990394,0.3803956710445018,0.009996489162677759,Yes,No,Normal,Safe,Stable
45427.875,May,262.05,92.93000000000001,1,26.6,6.68,7.89,3.19,5,5,0,6,29.1,33.9,24.1,5.96,5,16.84210526315789,0.7894736842105265,8.07810430014713,0.3804029268514721,0.009452074732200055,No,No,Normal,Safe,Stable
45427.91666666666,May,262.05,92.93000000000001,1,26.6,6.68,7.89,3.19,5,5,0,4,29.1,33.9,24.1,5.96,5,16.89473684210526,0.5263157894736841,8.049026552303868,0.3804101826584425,0.008907660301722352,Yes,No,Normal,Safe,Stable
45427.95833333334,May,262.05,92.93000000000001,1,26.6,6.68,7.89,3.19,5,5,0,4,29.1,33.9,24.1,5.96,5,16.94736842105263,0.2631578947368425,8.019948804460604,0.3804174384654129,0.008363245871244648,No,No,Normal,Safe,Stable
45428,May,262.05,92.93000000000001,1,26.6,6.68,7.89,3.19,5,5,0,4,29.1,33.9,24.1,5.96,5,17,0,7.990871056617341,0.3804246942723833,0.007818831440766944,Yes,Yes,Normal,Safe,Stable
45428.04166666666,May,262.05,92.93000000000001,1,26.6,6.68,7.89,3.19,5,5,1,5,29.1,33.9,24.1,5.96,5,17,1,8.258492166095488,0.3684108987203707,0.151412257091621,No,No,Normal,Safe,Stable
45428.08333333334,May,262.05,92.93000000000001,1,26.6,6.68,7.89,3.19,5,5,0,4,29.1,33.9,24.1,5.96,5,17,2,8.040317355424319,0.3379199495496352,0.4456347188372402,Yes,No,Normal,Safe,Stable
45428.125,May,262.05,92.93000000000001,1,26.6,6.68,7.89,3.19,5,5,0,5,29.1,33.9,24.1,5.96,5,17,3,8.089629972930151,0.211976128546669,0.8825795553621864,No,No,Normal,Safe,Stable
45428.16666666666,May,262.05,92.93000000000001,1,26.6,6.68,7.89,3.19,5,5,1,4,29.1,33.9,24.1,5.96,5,17,4,8.209048979667298,0.3002807620321559,0.8182125176285182,Yes,No,Normal,Safe,Stable
45428.20833333334,May,262.05,92.93000000000001,1,26.6,6.68,7.89,3.19,5,5,0,5,29.1,33.9,24.1,5.96,5,17,5,8.225762403242673,0.3838801937188792,0.02297742710110983,No,No,Normal,Safe,Stable
45428.25,May,262.05,92.93000000000001,1,26.6,6.68,7.89,3.19,5,5,1,5,29.1,33.9,24.1,5.96,5,17.05263157894737,4.736842105263158,8.2268705624234,0.3837368486203533,0.02190543552453245,Yes,Yes,Normal,Safe,Stable
45428.29166666666,May,262.05,92.93000000000001,1,26.6,6.68,7.89,3.19,5,5,0,4,29.1,33.9,24.1,5.96,5,17.10526315789474,4.473684210526316,8.22797872160413,0.3835935035218274,0.02083344394795507,No,No,Normal,Safe,Stable
45428.33333333334,May,262.05,92.93000000000001,1,26.6,6.68,7.89,3.19,5,5,0,2,29.1,33.9,24.1,5.96,5,17.15789473684211,4.210526315789473,8.229086880784857,0.3834501584233014,0.01976145237137769,Yes,No,Normal,Safe,Stable
45428.375,May,262.05,92.93000000000001,1,26.6,6.68,7.89,3.19,5,5,0,2,29.1,33.9,24.1,5.96,5,17.21052631578947,3.947368421052632,8.230195039965585,0.3833068133247755,0.01868946079480031,No,No,Normal,Safe,Stable
45428.41666666666,May,262.05,92.93000000000001,1,26.6,6.68,7.89,3.19,5,5,0,2,29.1,33.9,24.1,5.96,5,17.26315789473684,3.684210526315789,8.231303199146314,0.3831634682262496,0.01761746921822293,Yes,No,Normal,Safe,Stable
45428.45833333334,May,262.05,92.93000000000001,1,26.6,6.68,7.89,3.19,5,5,0,2,29.1,33.9,24.1,5.96,5,17.31578947368421,3.421052631578947,8.232411358327042,0.3830201231277237,0.01654547764164555,No,No,Normal,Safe,Stable
45428.5,May,262.05,92.93000000000001,1,26.6,6.68,7.89,3.19,5,5,0,4,29.1,33.9,24.1,5.96,5,17.36842105263158,3.157894736842105,8.233519517507771,0.3828767780291978,0.01547348606506817,Yes,Yes,Normal,Safe,Stable
45428.54166666666,May,262.05,92.93000000000001,1,26.6,6.68,7.89,3.19,5,5,0,2,29.1,33.9,24.1,5.96,5,17.42105263157895,2.894736842105263,8.234627676688499,0.3827334329306719,0.01440149448849079,No,No,Normal,Safe,Stable
45428.58333333334,May,262.05,92.93000000000001,1,26.6,6.68,7.89,3.19,5,5,0,6,29.1,33.9,24.1,5.96,5,17.47368421052632,2.631578947368421,8.235735835869226,0.3825900878321459,0.01332950291191341,Yes,No,Normal,Safe,Stable
45428.625,May,262.05,92.93000000000001,1,26.6,6.68,7.89,3.19,5,5,0,1,29.1,33.9,24.1,5.96,5,17.52631578947368,2.368421052631579,8.236843995049956,0.38244674273362,0.01225751133533603,No,No,Normal,Safe,Stable
45428.66666666666,May,262.05,92.93000000000001,1,26.6,6.68,7.89,3.19,5,5,1,4,29.1,33.9,24.1,5.96,5,17.57894736842105,2.105263157894737,8.237952154230683,0.3823033976350941,0.01118551975875865,Yes,No,Normal,Safe,Stable
45428.70833333334,May,262.05,92.93000000000001,1,26.6,6.68,7.89,3.19,5,5,1,4,29.1,33.9,24.1,5.96,5,17.63157894736842,1.842105263157895,8.239060313411411,0.3821600525365682,0.01011352818218127,No,No,Normal,Safe,Stable
45428.75,May,262.05,92.93000000000001,1,26.6,6.68,7.89,3.19,5,5,0,1,29.1,33.9,24.1,5.96,5,17.68421052631579,1.578947368421053,8.24016847259214,0.3820167074380422,0.009041536605603889,Yes,Yes,Normal,Safe,Stable
45428.79166666666,May,262.05,92.93000000000001,1,26.6,6.68,7.89,3.19,5,5,0,2,29.1,33.9,24.1,5.96,5,17.73684210526316,1.315789473684211,8.241276631772868,0.3818733623395163,0.00796954502902651,No,No,Normal,Safe,Stable
45428.83333333334,May,262.05,92.93000000000001,1,26.6,6.68,7.89,3.19,5,5,0,6,29.1,33.9,24.1,5.96,5,17.78947368421053,1.052631578947369,8.242384790953597,0.3817300172409904,0.006897553452449131,Yes,No,Normal,Safe,Stable
45428.875,May,262.05,92.93000000000001,1,26.6,6.68,7.89,3.19,5,5,0,5,29.1,33.9,24.1,5.96,5,17.84210526315789,0.7894736842105265,8.243492950134325,0.3815866721424645,0.00582556187587175,No,No,Normal,Safe,Stable
45428.91666666666,May,262.05,92.93000000000001,1,26.6,6.68,7.89,3.19,5,5,0,4,29.1,33.9,24.1,5.96,5,17.89473684210526,0.5263157894736841,8.244601109315052,0.3814433270439386,0.004753570299294369,Yes,No,Normal,Safe,Stable
45428.95833333334,May,262.05,92.93000000000001,1,26.6,6.68,7.89,3.19,5,5,0,4,29.1,33.9,24.1,5.96,5,17.94736842105263,0.2631578947368425,8.245709268495782,0.3812999819454126,0.003681578722716988,No,No,Normal,Safe,Stable
45429,May,262.05,92.93000000000001,1,26.6,6.68,7.89,3.19,5,5,0,4,29.1,33.9,24.1,5.96,5,18,0,8.246817427676509,0.3811566368468867,0.002609587146139609,Yes,Yes,Normal,Safe,Stable
45429.04166666666,May,262.05,92.93000000000001,1,26.6,6.68,7.89,3.19,5,5,0,5,29.1,33.9,24.1,5.96,5,18,1,8.134919764581456,0.3187209145969253,0.1333971990030991,No,No,Normal,Safe,Stable
45429.08333333334,May,262.05,92.93000000000001,1,26.6,6.68,7.89,3.19,5,5,0,4,29.1,33.9,24.1,5.96,5,18,2,8.200415141333117,0.9918865887088044,0.02101477721087703,Yes,No,Normal,Safe,Stable
45429.125,May,262.05,92.93000000000001,1,26.6,6.68,7.89,3.19,5,5,1,5,29.1,33.9,24.1,5.96,5,18,3,8.181920178041135,0.2102448990535095,0.8574988146039764,No,No,Normal,Safe,Stable
45429.16666666666,May,262.05,92.93000000000001,1,26.6,6.68,7.89,3.19,5,5,0,5,29.1,33.9,24.1,5.96,5,18,4,8.201117008657912,0.2921544178642688,0.9788465460492735,Yes,No,Normal,Safe,Stable
45429.20833333334,May,262.05,92.93000000000001,1,26.6,6.68,7.89,3.19,5,5,0,1,29.1,33.9,24.1,5.96,5,18,5,8.135400093396969,0.3950705561744257,0.01006950148564234,No,No,Normal,Safe,Stable
45429.25,May,262.05,92.93000000000001,1,26.6,6.68,7.89,3.19,5,5,0,2,29.1,33.9,24.1,5.96,5,18.05263157894737,4.736842105263158,8.143909498740296,0.3959247834901086,0.01014208225431805,Yes,Yes,Normal,Safe,Stable
45429.29166666666,May,262.05,92.93000000000001,1,26.6,6.68,7.89,3.19,5,5,0,5,29.1,33.9,24.1,5.96,5,18.10526315789474,4.473684210526316,8.152418904083625,0.3967790108057914,0.01021466302299376,No,No,Normal,Safe,Stable
45429.33333333334,May,262.05,92.93000000000001,1,26.6,6.68,7.89,3.19,5,5,0,5,29.1,33.9,24.1,5.96,5,18.15789473684211,4.210526315789473,8.160928309426952,0.3976332381214743,0.01028724379166946,Yes,No,Normal,Safe,Stable
45429.375,May,262.05,92.93000000000001,1,26.6,6.68,7.89,3.19,5,5,0,2,29.1,33.9,24.1,5.96,5,18.21052631578947,3.947368421052632,8.169437714770279,0.3984874654371571,0.01035982456034517,No,No,Normal,Safe,Stable
45429.41666666666,May,262.05,92.93000000000001,1,26.6,6.68,7.89,3.19,5,5,0,1,29.1,33.9,24.1,5.96,5,18.26315789473684,3.684210526315789,8.177947120113608,0.39934169275284,0.01043240532902088,Yes,No,Normal,Safe,Stable
45429.45833333334,May,262.05,92.93000000000001,1,26.6,6.68,7.89,3.19,5,5,0,5,29.1,33.9,24.1,5.96,5,18.31578947368421,3.421052631578947,8.186456525456935,0.4001959200685228,0.01050498609769659,No,No,Normal,Safe,Stable
45429.5,May,262.05,92.93000000000001,1,26.6,6.68,7.89,3.19,5,5,0,5,29.1,33.9,24.1,5.96,5,18.36842105263158,3.157894736842105,8.194965930800262,0.4010501473842057,0.0105775668663723,Yes,Yes,Normal,Safe,Stable
45429.54166666666,May,262.05,92.93000000000001,1,26.6,6.68,7.89,3.19,5,5,0,6,29.1,33.9,24.1,5.96,5,18.42105263157895,2.894736842105263,8.20347533614359,0.4019043746998885,0.010650147635048,No,No,Normal,Safe,Stable
45429.58333333334,May,262.05,92.93000000000001,1,26.6,6.68,7.89,3.19,5,5,0,5,29.1,33.9,24.1,5.96,5,18.47368421052632,2.631578947368421,8.211984741486917,0.4027586020155714,0.01072272840372371,Yes,No,Normal,Safe,Stable
45429.625,May,262.05,92.93000000000001,1,26.6,6.68,7.89,3.19,5,5,0,4,29.1,33.9,24.1,5.96,5,18.52631578947368,2.368421052631579,8.220494146830244,0.4036128293312542,0.01079530917239942,No,No,Normal,Safe,Stable
45429.66666666666,May,262.05,92.93000000000001,1,26.6,6.68,7.89,3.19,5,5,1,4,29.1,33.9,24.1,5.96,5,18.57894736842105,2.105263157894737,8.229003552173571,0.4044670566469371,0.01086788994107513,Yes,No,Normal,Safe,Stable
45429.70833333334,May,262.05,92.93000000000001,1,26.6,6.68,7.89,3.19,5,5,0,2,29.1,33.9,24.1,5.96,5,18.63157894736842,1.842105263157895,8.2375129575169,0.4053212839626199,0.01094047070975084,No,No,Normal,Safe,Stable
45429.75,May,262.05,92.93000000000001,1,26.6,6.68,7.89,3.19,5,5,1,4,29.1,33.9,24.1,5.96,5,18.68421052631579,1.578947368421053,8.246022362860227,0.4061755112783028,0.01101305147842654,Yes,Yes,Normal,Safe,Stable
45429.79166666666,May,262.05,92.93000000000001,1,26.6,6.68,7.89,3.19,5,5,0,2,29.1,33.9,24.1,5.96,5,18.73684210526316,1.315789473684211,8.254531768203554,0.4070297385939856,0.01108563224710225,No,No,Normal,Safe,Stable
45429.83333333334,May,262.05,92.93000000000001,1,26.6,6.68,7.89,3.19,5,5,0,5,29.1,33.9,24.1,5.96,5,18.78947368421053,1.052631578947369,8.263041173546883,0.4078839659096685,0.01115821301577796,Yes,No,Normal,Safe,Stable
45429.875,May,262.05,92.93000000000001,1,26.6,6.68,7.89,3.19,5,5,0,5,29.1,33.9,24.1,5.96,5,18.84210526315789,0.7894736842105265,8.27155057889021,0.4087381932253513,0.01123079378445367,No,No,Normal,Safe,Stable
45429.91666666666,May,262.05,92.93000000000001,1,26.6,6.68,7.89,3.19,5,5,0,5,29.1,33.9,24.1,5.96,5,18.89473684210526,0.5263157894736841,8.280059984233537,0.4095924205410342,0.01130337455312937,Yes,No,Normal,Safe,Stable
45429.95833333334,May,262.05,92.93000000000001,1,26.6,6.68,7.89,3.19,5,5,0,4,29.1,33.9,24.1,5.96,5,18.94736842105263,0.2631578947368425,8.288569389576866,0.410446647856717,0.01137595532180508,No,No,Normal,Safe,Stable
45430,May,262.05,92.93000000000001,1,26.6,6.68,7.89,3.19,5,5,1,2,29.1,33.9,24.1,5.96,5,19,0,8.297078794920193,0.4113008751723999,0.01144853609048079,Yes,Yes,Normal,Safe,Stable
45430.04166666666,May,262.05,92.93000000000001,1,26.6,6.68,7.89,3.19,5,5,0,2,29.1,33.9,24.1,5.96,5,19,1,7.823990017334753,0.9485328885523852,0.002438634103641133,No,No,Normal,Safe,Stable
45430.08333333334,May,262.05,92.93000000000001,1,26.6,6.68,7.89,3.19,5,5,0,4,29.1,33.9,24.1,5.96,5,19,2,7.773423188764936,0.9624066066329293,-0.02741024438450001,Yes,No,Normal,Safe,Stable
45430.125,May,262.05,92.93000000000001,1,26.6,6.68,7.89,3.19,5,5,0,2,29.1,33.9,24.1,5.96,5,19,3,8.339582889421706,0.5463130357476557,0.03586987472055428,No,No,Normal,Safe,Stable
45430.16666666666,May,262.05,92.93000000000001,1,26.6,6.68,7.89,3.19,5,5,0,5,29.1,33.9,24.1,5.96,5,19,4,8.479405968416579,0.3119173085637612,0.9673897223332597,Yes,No,Normal,Safe,Stable
45430.20833333334,May,262.05,92.93000000000001,1,26.6,6.68,7.89,3.19,5,5,0,5,29.1,33.9,24.1,5.96,5,19,5,8.51845034255966,0.3762348216540092,0.02113755170019364,No,No,Normal,Safe,Stable
45430.25,May,262.05,92.93000000000001,1,26.6,6.68,7.89,3.19,5,5,0,2,29.1,33.9,24.1,5.96,5,19.05263157894737,4.736842105263158,8.490445664109501,0.3777175266764289,0.01942904953320627,Yes,Yes,Normal,Safe,Stable
45430.29166666666,May,262.05,92.93000000000001,1,26.6,6.68,7.89,3.19,5,5,0,5,29.1,33.9,24.1,5.96,5,19.10526315789474,4.473684210526316,8.462440985659342,0.3792002316988486,0.01772054736621891,No,No,Normal,Safe,Stable
45430.33333333334,May,262.05,92.93000000000001,1,26.6,6.68,7.89,3.19,5,5,1,5,29.1,33.9,24.1,5.96,5,19.15789473684211,4.210526315789473,8.434436307209182,0.3806829367212684,0.01601204519923154,Yes,No,Normal,Safe,Stable
45430.375,May,262.05,92.93000000000001,1,26.6,6.68,7.89,3.19,5,5,1,4,29.1,33.9,24.1,5.96,5,19.21052631578947,3.947368421052632,8.406431628759025,0.3821656417436881,0.01430354303224417,No,No,Normal,Safe,Stable
45430.41666666666,May,262.05,92.93000000000001,1,26.6,6.68,7.89,3.19,5,5,0,4,29.1,33.9,24.1,5.96,5,19.26315789473684,3.684210526315789,8.378426950308866,0.3836483467661078,0.0125950408652568,Yes,No,Normal,Safe,Stable
45430.45833333334,May,262.05,92.93000000000001,1,26.6,6.68,7.89,3.19,5,5,0,5,29.1,33.9,24.1,5.96,5,19.31578947368421,3.421052631578947,8.350422271858706,0.3851310517885276,0.01088653869826943,No,No,Normal,Safe,Stable
45430.5,May,262.05,92.93000000000001,1,26.6,6.68,7.89,3.19,5,5,0,4,29.1,33.9,24.1,5.96,5,19.36842105263158,3.157894736842105,8.322417593408547,0.3866137568109473,0.009178036531282064,Yes,Yes,Normal,Safe,Stable
45430.54166666666,May,262.05,92.93000000000001,1,26.6,6.68,7.89,3.19,5,5,0,4,29.1,33.9,24.1,5.96,5,19.42105263157895,2.894736842105263,8.294412914958388,0.388096461833367,0.007469534364294697,No,No,Normal,Safe,Stable
45430.58333333334,May,262.05,92.93000000000001,1,26.6,6.68,7.89,3.19,5,5,0,4,29.1,33.9,24.1,5.96,5,19.47368421052632,2.631578947368421,8.266408236508228,0.3895791668557868,0.005761032197307329,Yes,No,Normal,Safe,Stable
45430.625,May,262.05,92.93000000000001,1,26.6,6.68,7.89,3.19,5,5,0,5,29.1,33.9,24.1,5.96,5,19.52631578947368,2.368421052631579,8.238403558058071,0.3910618718782065,0.00405253003031996,No,No,Normal,Safe,Stable
45430.66666666666,May,262.05,92.93000000000001,1,26.6,6.68,7.89,3.19,5,5,0,4,29.1,33.9,24.1,5.96,5,19.57894736842105,2.105263157894737,8.210398879607911,0.3925445769006262,0.002344027863332591,Yes,No,Normal,Safe,Stable
45430.70833333334,May,262.05,92.93000000000001,1,26.6,6.68,7.89,3.19,5,5,0,5,29.1,33.9,24.1,5.96,5,19.63157894736842,1.842105263157895,8.182394201157752,0.394027281923046,0.0006355256963452259,No,No,Normal,Safe,Stable
45430.75,May,262.05,92.93000000000001,1,26.6,6.68,7.89,3.19,5,5,0,6,29.1,33.9,24.1,5.96,5,19.68421052631579,1.578947368421053,8.154389522707593,0.3955099869454657,-0.001072976470642143,Yes,Yes,Normal,Safe,Stable
45430.79166666666,May,262.05,92.93000000000001,1,26.6,6.68,7.89,3.19,5,5,0,4,29.1,33.9,24.1,5.96,5,19.73684210526316,1.315789473684211,8.126384844257434,0.3969926919678854,-0.002781478637629512,No,No,Normal,Safe,Stable
45430.83333333334,May,262.05,92.93000000000001,1,26.6,6.68,7.89,3.19,5,5,0,2,29.1,33.9,24.1,5.96,5,19.78947368421053,1.052631578947369,8.098380165807274,0.3984753969903052,-0.004489980804616878,Yes,No,Normal,Safe,Stable
45430.875,May,262.05,92.93000000000001,1,26.6,6.68,7.89,3.19,5,5,0,5,29.1,33.9,24.1,5.96,5,19.84210526315789,0.7894736842105265,8.070375487357117,0.3999581020127249,-0.006198482971604247,No,No,Normal,Safe,Stable
45430.91666666666,May,262.05,92.93000000000001,1,26.6,6.68,7.89,3.19,5,5,0,2,29.1,33.9,24.1,5.96,5,19.89473684210526,0.5263157894736841,8.042370808906957,0.4014408070351446,-0.007906985138591616,Yes,No,Normal,Safe,Stable
45430.95833333334,May,262.05,92.93000000000001,1,26.6,6.68,7.89,3.19,5,5,0,1,29.1,33.9,24.1,5.96,5,19.94736842105263,0.2631578947368425,8.014366130456798,0.4029235120575644,-0.009615487305578981,No,No,Normal,Safe,Stable
45431,May,262.05,92.93000000000001,1,26.6,6.68,7.89,3.19,5,5,1,2,29.1,33.9,24.1,5.96,5,20,0,7.986361452006639,0.4044062170799841,-0.01132398947256635,Yes,Yes,Normal,Safe,Stable
45431.04166666666,May,262.05,92.93000000000001,1,26.6,6.68,7.89,3.19,5,5,1,5,29.1,33.9,24.1,5.96,5,20,1,8.003552744783404,0.3498876579165808,0.1145933960307386,No,No,Normal,Safe,Stable
45431.08333333334,May,262.05,92.93000000000001,1,26.6,6.68,7.89,3.19,5,5,0,5,29.1,33.9,24.1,5.96,5,20,2,8.653526312724198,0.3148576786758416,0.4343953785297955,Yes,No,Normal,Safe,Stable
45431.125,May,262.05,92.93000000000001,1,26.6,6.68,7.89,3.19,5,5,0,2,29.1,33.9,24.1,5.96,5,20,3,7.689392413599152,0.9688209938747959,0.01212217322961249,No,No,Normal,Safe,Stable
45431.16666666666,May,262.05,92.93000000000001,1,26.6,6.68,7.89,3.19,5,5,0,2,29.1,33.9,24.1,5.96,5,20,4,8.500883323102489,0.23584973803637,0.8534154356079703,Yes,No,Normal,Safe,Stable
45431.20833333334,May,262.05,92.93000000000001,1,26.6,6.68,7.89,3.19,5,5,0,2,29.1,33.9,24.1,5.96,5,20,5,8.03089384086053,0.384662591519729,0.00279502622004519,No,No,Normal,Safe,Stable
45431.25,May,262.05,92.93000000000001,1,26.6,6.68,7.89,3.19,5,5,0,6,29.1,33.9,24.1,5.96,5,20.05263157894737,4.736842105263158,8.047539137580662,0.385713004607137,0.002666741860949427,Yes,Yes,Normal,Safe,Stable
45431.29166666666,May,262.05,92.93000000000001,1,26.6,6.68,7.89,3.19,5,5,0,1,29.1,33.9,24.1,5.96,5,20.10526315789474,4.473684210526316,8.064184434300795,0.386763417694545,0.002538457501853664,No,No,Normal,Safe,Stable
45431.33333333334,May,262.05,92.93000000000001,1,26.6,6.68,7.89,3.19,5,5,0,6,29.1,33.9,24.1,5.96,5,20.15789473684211,4.210526315789473,8.080829731020927,0.387813830781953,0.002410173142757901,Yes,No,Normal,Safe,Stable
45431.375,May,262.05,92.93000000000001,1,26.6,6.68,7.89,3.19,5,5,0,1,29.1,33.9,24.1,5.96,5,20.21052631578947,3.947368421052632,8.09747502774106,0.388864243869361,0.002281888783662137,No,No,Normal,Safe,Stable
45431.41666666666,May,262.05,92.93000000000001,1,26.6,6.68,7.89,3.19,5,5,1,2,29.1,33.9,24.1,5.96,5,20.26315789473684,3.684210526315789,8.114120324461192,0.3899146569567691,0.002153604424566374,Yes,No,Normal,Safe,Stable
45431.45833333334,May,262.05,92.93000000000001,1,26.6,6.68,7.89,3.19,5,5,0,1,29.1,33.9,24.1,5.96,5,20.31578947368421,3.421052631578947,8.130765621181325,0.3909650700441771,0.002025320065470611,No,No,Normal,Safe,Stable
45431.5,May,262.05,92.93000000000001,1,26.6,6.68,7.89,3.19,5,5,0,5,29.1,33.9,24.1,5.96,5,20.36842105263158,3.157894736842105,8.147410917901457,0.3920154831315851,0.001897035706374848,Yes,Yes,Normal,Safe,Stable
45431.54166666666,May,262.05,92.93000000000001,1,26.6,6.68,7.89,3.19,5,5,0,5,29.1,33.9,24.1,5.96,5,20.42105263157895,2.894736842105263,8.16405621462159,0.3930658962189931,0.001768751347279085,No,No,Normal,Safe,Stable
45431.58333333334,May,262.05,92.93000000000001,1,26.6,6.68,7.89,3.19,5,5,0,5,29.1,33.9,24.1,5.96,5,20.47368421052632,2.631578947368421,8.180701511341722,0.3941163093064011,0.001640466988183322,Yes,No,Normal,Safe,Stable
45431.625,May,262.05,92.93000000000001,1,26.6,6.68,7.89,3.19,5,5,1,5,29.1,33.9,24.1,5.96,5,20.52631578947368,2.368421052631579,8.197346808061855,0.3951667223938092,0.001512182629087559,No,No,Normal,Safe,Stable
45431.66666666666,May,262.05,92.93000000000001,1,26.6,6.68,7.89,3.19,5,5,0,4,29.1,33.9,24.1,5.96,5,20.57894736842105,2.105263157894737,8.213992104781987,0.3962171354812172,0.001383898269991796,Yes,No,Normal,Safe,Stable
45431.70833333334,May,262.05,92.93000000000001,1,26.6,6.68,7.89,3.19,5,5,0,2,29.1,33.9,24.1,5.96,5,20.63157894736842,1.842105263157895,8.23063740150212,0.3972675485686252,0.001255613910896033,No,No,Normal,Safe,Stable
45431.75,May,262.05,92.93000000000001,1,26.6,6.68,7.89,3.19,5,5,0,4,29.1,33.9,24.1,5.96,5,20.68421052631579,1.578947368421053,8.247282698222252,0.3983179616560332,0.00112732955180027,Yes,Yes,Normal,Safe,Stable
45431.79166666666,May,262.05,92.93000000000001,1,26.6,6.68,7.89,3.19,5,5,0,5,29.1,33.9,24.1,5.96,5,20.73684210526316,1.315789473684211,8.263927994942385,0.3993683747434412,0.0009990451927045065,No,No,Normal,Safe,Stable
45431.83333333334,May,262.05,92.93000000000001,1,26.6,6.68,7.89,3.19,5,5,0,2,29.1,33.9,24.1,5.96,5,20.78947368421053,1.052631578947369,8.280573291662517,0.4004187878308493,0.0008707608336087434,Yes,No,Normal,Safe,Stable
45431.875,May,262.05,92.93000000000001,1,26.6,6.68,7.89,3.19,5,5,0,4,29.1,33.9,24.1,5.96,5,20.84210526315789,0.7894736842105265,8.29721858838265,0.4014692009182573,0.0007424764745129803,No,No,Normal,Safe,Stable
45431.91666666666,May,262.05,92.93000000000001,1,26.6,6.68,7.89,3.19,5,5,0,1,29.1,33.9,24.1,5.96,5,20.89473684210526,0.5263157894736841,8.313863885102782,0.4025196140056653,0.0006141921154172174,Yes,No,Normal,Safe,Stable
45431.95833333334,May,262.05,92.93000000000001,1,26.6,6.68,7.89,3.19,5,5,0,4,29.1,33.9,24.1,5.96,5,20.94736842105263,0.2631578947368425,8.330509181822915,0.4035700270930733,0.0004859077563214541,No,No,Normal,Safe,Stable
45432,May,262.05,92.93000000000001,1,26.6,6.68,7.89,3.19,5,5,0,5,29.1,33.9,24.1,5.96,5,21,0,8.347154478543047,0.4046204401804813,0.0003576233972256912,Yes,Yes,Normal,Safe,Stable
45432.04166666666,May,262.05,92.93000000000001,1,26.6,6.68,7.89,3.19,5,5,0,5,29.1,33.9,24.1,5.96,5,21,1,8.110684399625095,0.972533204268975,0.007955236742290454,No,No,Normal,Safe,Stable
45432.08333333334,May,262.05,92.93000000000001,1,26.6,6.68,7.89,3.19,5,5,0,2,29.1,33.9,24.1,5.96,5,21,2,8.17503702497638,0.8912176750526974,0.02985318745131387,Yes,No,Normal,Safe,Stable
45432.125,May,262.05,92.93000000000001,1,26.6,6.68,7.89,3.19,5,5,0,5,29.1,33.9,24.1,5.96,5,21,3,8.372653862044183,0.2507664005069302,0.9666641918590314,No,No,Normal,Safe,Stable
45432.16666666666,May,262.05,92.93000000000001,1,26.6,6.68,7.89,3.19,5,5,0,5,29.1,33.9,24.1,5.96,5,21,4,8.297692540215213,0.9471048282787696,-0.01881275437858488,Yes,No,Normal,Safe,Stable
45432.20833333334,May,262.05,92.93000000000001,1,26.6,6.68,7.89,3.19,5,5,0,4,29.1,33.9,24.1,5.96,5,21,5,7.440606889287362,0.9679396943537194,0.0002909667215158025,No,No,Normal,Safe,Stable
45432.25,May,262.05,92.93000000000001,1,26.6,6.68,7.89,3.19,5,5,1,4,29.1,33.9,24.1,5.96,5,21.05263157894737,4.736842105263158,7.474412109854437,0.9378400437478523,0.0007678265212885666,Yes,Yes,Normal,Safe,Stable
45432.29166666666,May,262.05,92.93000000000001,1,26.6,6.68,7.89,3.19,5,5,1,4,29.1,33.9,24.1,5.96,5,21.10526315789474,4.473684210526316,7.508217330421512,0.9077403931419853,0.001244686321061331,No,No,Normal,Safe,Stable
45432.33333333334,May,262.05,92.93000000000001,1,26.6,6.68,7.89,3.19,5,5,1,5,29.1,33.9,24.1,5.96,5,21.15789473684211,4.210526315789473,7.542022550988587,0.8776407425361182,0.001721546120834095,Yes,No,Normal,Safe,Stable
45432.375,May,262.05,92.93000000000001,1,26.6,6.68,7.89,3.19,5,5,0,4,29.1,33.9,24.1,5.96,5,21.21052631578947,3.947368421052632,7.575827771555661,0.8475410919302512,0.002198405920606859,No,No,Normal,Safe,Stable
45432.41666666666,May,262.05,92.93000000000001,1,26.6,6.68,7.89,3.19,5,5,1,1,29.1,33.9,24.1,5.96,5,21.26315789473684,3.684210526315789,7.609632992122736,0.8174414413243841,0.002675265720379623,Yes,No,Normal,Safe,Stable
45432.45833333334,May,262.05,92.93000000000001,1,26.6,6.68,7.89,3.19,5,5,0,5,29.1,33.9,24.1,5.96,5,21.31578947368421,3.421052631578947,7.643438212689811,0.787341790718517,0.003152125520152387,No,No,Normal,Safe,Stable
45432.5,May,262.05,92.93000000000001,1,26.6,6.68,7.89,3.19,5,5,0,4,29.1,33.9,24.1,5.96,5,21.36842105263158,3.157894736842105,7.677243433256886,0.7572421401126499,0.003628985319925151,Yes,Yes,Normal,Safe,Stable
45432.54166666666,May,262.05,92.93000000000001,1,26.6,6.68,7.89,3.19,5,5,0,5,29.1,33.9,24.1,5.96,5,21.42105263157895,2.894736842105263,7.711048653823961,0.7271424895067828,0.004105845119697915,No,No,Normal,Safe,Stable
45432.58333333334,May,262.05,92.93000000000001,1,26.6,6.68,7.89,3.19,5,5,0,5,29.1,33.9,24.1,5.96,5,21.47368421052632,2.631578947368421,7.744853874391037,0.6970428389009158,0.004582704919470678,Yes,No,Normal,Safe,Stable
45432.625,May,262.05,92.93000000000001,1,26.6,6.68,7.89,3.19,5,5,1,4,29.1,33.9,24.1,5.96,5,21.52631578947368,2.368421052631579,7.778659094958112,0.6669431882950487,0.005059564719243442,No,No,Normal,Safe,Stable
45432.66666666666,May,262.05,92.93000000000001,1,26.6,6.68,7.89,3.19,5,5,0,4,29.1,33.9,24.1,5.96,5,21.57894736842105,2.105263157894737,7.812464315525187,0.6368435376891817,0.005536424519016207,Yes,No,Normal,Safe,Stable
45432.70833333334,May,262.05,92.93000000000001,1,26.6,6.68,7.89,3.19,5,5,0,5,29.1,33.9,24.1,5.96,5,21.63157894736842,1.842105263157895,7.846269536092262,0.6067438870833146,0.006013284318788971,No,No,Normal,Safe,Stable
45432.75,May,262.05,92.93000000000001,1,26.6,6.68,7.89,3.19,5,5,0,5,29.1,33.9,24.1,5.96,5,21.68421052631579,1.578947368421053,7.880074756659337,0.5766442364774476,0.006490144118561735,Yes,Yes,Normal,Safe,Stable
45432.79166666666,May,262.05,92.93000000000001,1,26.6,6.68,7.89,3.19,5,5,0,5,29.1,33.9,24.1,5.96,5,21.73684210526316,1.315789473684211,7.913879977226411,0.5465445858715805,0.006967003918334499,No,No,Normal,Safe,Stable
45432.83333333334,May,262.05,92.93000000000001,1,26.6,6.68,7.89,3.19,5,5,1,6,29.1,33.9,24.1,5.96,5,21.78947368421053,1.052631578947369,7.947685197793486,0.5164449352657134,0.007443863718107263,Yes,No,Normal,Safe,Stable
45432.875,May,262.05,92.93000000000001,1,26.6,6.68,7.89,3.19,5,5,0,5,29.1,33.9,24.1,5.96,5,21.84210526315789,0.7894736842105265,7.981490418360561,0.4863452846598464,0.007920723517880028,No,No,Normal,Safe,Stable
45432.91666666666,May,262.05,92.93000000000001,1,26.6,6.68,7.89,3.19,5,5,0,6,29.1,33.9,24.1,5.96,5,21.89473684210526,0.5263157894736841,8.015295638927636,0.4562456340539793,0.008397583317652791,Yes,No,Normal,Safe,Stable
45432.95833333334,May,262.05,92.93000000000001,1,26.6,6.68,7.89,3.19,5,5,0,6,29.1,33.9,24.1,5.96,5,21.94736842105263,0.2631578947368425,8.049100859494711,0.4261459834481123,0.008874443117425555,No,No,Normal,Safe,Stable
45433,May,262.05,92.93000000000001,1,26.6,6.68,7.89,3.19,5,5,0,5,29.1,33.9,24.1,5.96,5,22,0,8.082906080061786,0.3960463328422452,0.00935130291719832,Yes,Yes,Normal,Safe,Stable
45433.04166666666,May,262.05,92.93000000000001,1,26.6,6.68,7.89,3.19,5,5,0,4,29.1,33.9,24.1,5.96,5,22,1,8.016271164813363,0.31982956119499,0.131537047535727,No,No,Normal,Safe,Stable
45433.08333333334,May,262.05,92.93000000000001,1,26.6,6.68,7.89,3.19,5,5,0,5,29.1,33.9,24.1,5.96,5,22,2,8.04917320189657,0.961545262747151,-0.006032376962456929,Yes,No,Normal,Safe,Stable
45433.125,May,262.05,92.93000000000001,1,26.6,6.68,7.89,3.19,5,5,0,4,29.1,33.9,24.1,5.96,5,22,3,8.457442043214217,0.2578368623625405,0.959518008626522,No,No,Normal,Safe,Stable
45433.16666666666,May,262.05,92.93000000000001,1,26.6,6.68,7.89,3.19,5,5,0,5,29.1,33.9,24.1,5.96,5,22,4,8.390941803722214,0.2699002592688515,0.8282852733969692,Yes,No,Normal,Safe,Stable
45433.20833333334,May,262.05,92.93000000000001,1,26.6,6.68,7.89,3.19,5,5,0,2,29.1,33.9,24.1,5.96,5,22,5,8.334697559482121,0.3872025849706183,0.01440743782422452,No,No,Normal,Safe,Stable
45433.25,May,262.05,92.93000000000001,1,26.6,6.68,7.89,3.19,5,5,1,5,29.1,33.9,24.1,5.96,5,22.05263157894737,4.736842105263158,8.335419389276552,0.4174930587756207,0.01279099763360451,Yes,Yes,Normal,Safe,Stable
45433.29166666666,May,262.05,92.93000000000001,1,26.6,6.68,7.89,3.19,5,5,0,2,29.1,33.9,24.1,5.96,5,22.10526315789474,4.473684210526316,8.336141219070985,0.447783532580623,0.0111745574429845,No,No,Normal,Safe,Stable
45433.33333333334,May,262.05,92.93000000000001,1,26.6,6.68,7.89,3.19,5,5,0,2,29.1,33.9,24.1,5.96,5,22.15789473684211,4.210526315789473,8.336863048865416,0.4780740063856254,0.009558117252364494,Yes,No,Normal,Safe,Stable
45433.375,May,262.05,92.93000000000001,1,26.6,6.68,7.89,3.19,5,5,0,4,29.1,33.9,24.1,5.96,5,22.21052631578947,3.947368421052632,8.337584878659847,0.5083644801906277,0.007941677061744486,No,No,Normal,Safe,Stable
45433.41666666666,May,262.05,92.93000000000001,1,26.6,6.68,7.89,3.19,5,5,0,1,29.1,33.9,24.1,5.96,5,22.26315789473684,3.684210526315789,8.338306708454279,0.5386549539956301,0.006325236871124476,Yes,No,Normal,Safe,Stable
45433.45833333334,May,262.05,92.93000000000001,1,26.6,6.68,7.89,3.19,5,5,1,4,29.1,33.9,24.1,5.96,5,22.31578947368421,3.421052631578947,8.33902853824871,0.5689454278006325,0.004708796680504466,No,No,Normal,Safe,Stable
45433.5,May,262.05,92.93000000000001,1,26.6,6.68,7.89,3.19,5,5,0,2,29.1,33.9,24.1,5.96,5,22.36842105263158,3.157894736842105,8.339750368043141,0.5992359016056349,0.003092356489884459,Yes,Yes,Normal,Safe,Stable
45433.54166666666,May,262.05,92.93000000000001,1,26.6,6.68,7.89,3.19,5,5,0,6,29.1,33.9,24.1,5.96,5,22.42105263157895,2.894736842105263,8.340472197837574,0.6295263754106373,0.001475916299264449,No,No,Normal,Safe,Stable
45433.58333333334,May,262.05,92.93000000000001,1,26.6,6.68,7.89,3.19,5,5,1,5,29.1,33.9,24.1,5.96,5,22.47368421052632,2.631578947368421,8.341194027632005,0.6598168492156395,-0.0001405238913555606,Yes,No,Normal,Safe,Stable
45433.625,May,262.05,92.93000000000001,1,26.6,6.68,7.89,3.19,5,5,0,5,29.1,33.9,24.1,5.96,5,22.52631578947368,2.368421052631579,8.341915857426436,0.690107323020642,-0.001756964081975568,No,No,Normal,Safe,Stable
45433.66666666666,May,262.05,92.93000000000001,1,26.6,6.68,7.89,3.19,5,5,0,6,29.1,33.9,24.1,5.96,5,22.57894736842105,2.105263157894737,8.342637687220867,0.7203977968256443,-0.003373404272595578,Yes,No,Normal,Safe,Stable
45433.70833333334,May,262.05,92.93000000000001,1,26.6,6.68,7.89,3.19,5,5,0,5,29.1,33.9,24.1,5.96,5,22.63157894736842,1.842105263157895,8.343359517015299,0.7506882706306467,-0.004989844463215588,No,No,Normal,Safe,Stable
45433.75,May,262.05,92.93000000000001,1,26.6,6.68,7.89,3.19,5,5,0,5,29.1,33.9,24.1,5.96,5,22.68421052631579,1.578947368421053,8.34408134680973,0.7809787444356491,-0.006606284653835597,Yes,Yes,Normal,Safe,Stable
45433.79166666666,May,262.05,92.93000000000001,1,26.6,6.68,7.89,3.19,5,5,0,4,29.1,33.9,24.1,5.96,5,22.73684210526316,1.315789473684211,8.344803176604161,0.8112692182406515,-0.008222724844455603,No,No,Normal,Safe,Stable
45433.83333333334,May,262.05,92.93000000000001,1,26.6,6.68,7.89,3.19,5,5,0,2,29.1,33.9,24.1,5.96,5,22.78947368421053,1.052631578947369,8.345525006398594,0.8415596920456538,-0.009839165035075613,Yes,No,Normal,Safe,Stable
45433.875,May,262.05,92.93000000000001,1,26.6,6.68,7.89,3.19,5,5,0,2,29.1,33.9,24.1,5.96,5,22.84210526315789,0.7894736842105265,8.346246836193025,0.8718501658506561,-0.01145560522569562,No,No,Normal,Safe,Stable
45433.91666666666,May,262.05,92.93000000000001,1,26.6,6.68,7.89,3.19,5,5,1,5,29.1,33.9,24.1,5.96,5,22.89473684210526,0.5263157894736841,8.346968665987456,0.9021406396556585,-0.01307204541631563,Yes,No,Normal,Safe,Stable
45433.95833333334,May,262.05,92.93000000000001,1,26.6,6.68,7.89,3.19,5,5,0,2,29.1,33.9,24.1,5.96,5,22.94736842105263,0.2631578947368425,8.347690495781888,0.9324311134606609,-0.01468848560693564,No,No,Normal,Safe,Stable
45434,May,262.05,92.93000000000001,1,26.6,6.68,7.89,3.19,5,5,0,4,29.1,33.9,24.1,5.96,5,23,0,8.348412325576319,0.9627215872656633,-0.01630492579755565,Yes,Yes,Normal,Safe,Stable
45434.04166666666,May,262.05,92.93000000000001,1,26.6,6.68,7.89,3.19,5,5,0,4,29.1,33.9,24.1,5.96,5,23,1,8.252459237244834,0.3116288751254055,0.1367371949299211,No,No,Normal,Safe,Stable
45434.08333333334,May,262.05,92.93000000000001,1,26.6,6.68,7.89,3.19,5,5,0,5,29.1,33.9,24.1,5.96,5,23,2,7.891258356506693,0.3210826542767297,0.4869421641087366,Yes,No,Normal,Safe,Stable
45434.125,May,262.05,92.93000000000001,1,26.6,6.68,7.89,3.19,5,5,0,4,29.1,33.9,24.1,5.96,5,23,3,8.066614701493053,0.1817666816695518,0.8448586664734609,No,No,Normal,Safe,Stable
45434.16666666666,May,262.05,92.93000000000001,1,26.6,6.68,7.89,3.19,5,5,0,2,29.1,33.9,24.1,5.96,5,23,4,8.597814114153964,0.2971528439064885,0.894267150108688,Yes,No,Normal,Safe,Stable
45434.20833333334,May,262.05,92.93000000000001,1,26.6,6.68,7.89,3.19,5,5,1,4,29.1,33.9,24.1,5.96,5,23,5,8.196349912282828,0.3849260356054873,0.03859294088223067,No,No,Normal,Safe,Stable
45434.25,May,262.05,92.93000000000001,1,26.6,6.68,7.89,3.19,5,5,0,4,29.1,33.9,24.1,5.96,5,23.05263157894737,4.736842105263158,8.194461915744503,0.3848443607879862,0.03904992188954796,Yes,Yes,Normal,Safe,Stable
45434.29166666666,May,262.05,92.93000000000001,1,26.6,6.68,7.89,3.19,5,5,0,4,29.1,33.9,24.1,5.96,5,23.10526315789474,4.473684210526316,8.192573919206179,0.3847626859704851,0.03950690289686526,No,No,Normal,Safe,Stable
45434.33333333334,May,262.05,92.93000000000001,1,26.6,6.68,7.89,3.19,5,5,0,4,29.1,33.9,24.1,5.96,5,23.15789473684211,4.210526315789473,8.190685922667853,0.384681011152984,0.03996388390418255,Yes,No,Normal,Safe,Stable
45434.375,May,262.05,92.93000000000001,1,26.6,6.68,7.89,3.19,5,5,0,5,29.1,33.9,24.1,5.96,5,23.21052631578947,3.947368421052632,8.18879792612953,0.3845993363354829,0.04042086491149985,No,No,Normal,Safe,Stable
45434.41666666666,May,262.05,92.93000000000001,1,26.6,6.68,7.89,3.19,5,5,0,5,29.1,33.9,24.1,5.96,5,23.26315789473684,3.684210526315789,8.186909929591204,0.3845176615179817,0.04087784591881714,Yes,No,Normal,Safe,Stable
45434.45833333334,May,262.05,92.93000000000001,1,26.6,6.68,7.89,3.19,5,5,0,2,29.1,33.9,24.1,5.96,5,23.31578947368421,3.421052631578947,8.18502193305288,0.3844359867004806,0.04133482692613444,No,No,Normal,Safe,Stable
45434.5,May,262.05,92.93000000000001,1,26.6,6.68,7.89,3.19,5,5,0,2,29.1,33.9,24.1,5.96,5,23.36842105263158,3.157894736842105,8.183133936514555,0.3843543118829795,0.04179180793345173,Yes,Yes,Normal,Safe,Stable
45434.54166666666,May,262.05,92.93000000000001,1,26.6,6.68,7.89,3.19,5,5,1,2,29.1,33.9,24.1,5.96,5,23.42105263157895,2.894736842105263,8.181245939976231,0.3842726370654784,0.04224878894076903,No,No,Normal,Safe,Stable
45434.58333333334,May,262.05,92.93000000000001,1,26.6,6.68,7.89,3.19,5,5,0,2,29.1,33.9,24.1,5.96,5,23.47368421052632,2.631578947368421,8.179357943437905,0.3841909622479773,0.04270576994808632,Yes,No,Normal,Safe,Stable
45434.625,May,262.05,92.93000000000001,1,26.6,6.68,7.89,3.19,5,5,0,1,29.1,33.9,24.1,5.96,5,23.52631578947368,2.368421052631579,8.177469946899581,0.3841092874304762,0.04316275095540362,No,No,Normal,Safe,Stable
45434.66666666666,May,262.05,92.93000000000001,1,26.6,6.68,7.89,3.19,5,5,0,4,29.1,33.9,24.1,5.96,5,23.57894736842105,2.105263157894737,8.175581950361256,0.3840276126129751,0.0436197319627209,Yes,No,Normal,Safe,Stable
45434.70833333334,May,262.05,92.93000000000001,1,26.6,6.68,7.89,3.19,5,5,1,4,29.1,33.9,24.1,5.96,5,23.63157894736842,1.842105263157895,8.173693953822932,0.3839459377954739,0.0440767129700382,No,No,Normal,Safe,Stable
45434.75,May,262.05,92.93000000000001,1,26.6,6.68,7.89,3.19,5,5,0,2,29.1,33.9,24.1,5.96,5,23.68421052631579,1.578947368421053,8.171805957284606,0.3838642629779728,0.04453369397735549,Yes,Yes,Normal,Safe,Stable
45434.79166666666,May,262.05,92.93000000000001,1,26.6,6.68,7.89,3.19,5,5,0,1,29.1,33.9,24.1,5.96,5,23.73684210526316,1.315789473684211,8.169917960746282,0.3837825881604717,0.04499067498467279,No,No,Normal,Safe,Stable
45434.83333333334,May,262.05,92.93000000000001,1,26.6,6.68,7.89,3.19,5,5,0,4,29.1,33.9,24.1,5.96,5,23.78947368421053,1.052631578947369,8.168029964207957,0.3837009133429706,0.04544765599199008,Yes,No,Normal,Safe,Stable
45434.875,May,262.05,92.93000000000001,1,26.6,6.68,7.89,3.19,5,5,0,4,29.1,33.9,24.1,5.96,5,23.84210526315789,0.7894736842105265,8.166141967669633,0.3836192385254695,0.04590463699930738,No,No,Normal,Safe,Stable
45434.91666666666,May,262.05,92.93000000000001,1,26.6,6.68,7.89,3.19,5,5,0,4,29.1,33.9,24.1,5.96,5,23.89473684210526,0.5263157894736841,8.164253971131307,0.3835375637079684,0.04636161800662467,Yes,No,Normal,Safe,Stable
45434.95833333334,May,262.05,92.93000000000001,1,26.6,6.68,7.89,3.19,5,5,0,4,29.1,33.9,24.1,5.96,5,23.94736842105263,0.2631578947368425,8.162365974592984,0.3834558888904672,0.04681859901394197,No,No,Normal,Safe,Stable
45435,May,262.05,92.93000000000001,1,26.6,6.68,7.89,3.19,5,5,0,4,29.1,33.9,24.1,5.96,5,24,0,8.160477978054658,0.3833742140729661,0.04727558002125926,Yes,Yes,Normal,Safe,Stable
45435.04166666666,May,262.05,92.93000000000001,1,26.6,6.68,7.89,3.19,5,5,0,4,29.1,33.9,24.1,5.96,5,24,1,8.314143702508703,0.9718686654671764,-0.006178135719337743,No,No,Normal,Safe,Stable
45435.08333333334,May,262.05,92.93000000000001,1,26.6,6.68,7.89,3.19,5,5,1,1,29.1,33.9,24.1,5.96,5,24,2,8.14374238575677,0.9745602156095705,0.0153234531675572,Yes,No,Normal,Safe,Stable
45435.125,May,262.05,92.93000000000001,1,26.6,6.68,7.89,3.19,5,5,0,5,29.1,33.9,24.1,5.96,5,24,3,7.675681102586544,0.9821137756814629,0.02932445873074481,No,No,Normal,Safe,Stable
45435.16666666666,May,262.05,92.93000000000001,1,26.6,6.68,7.89,3.19,5,5,0,5,29.1,33.9,24.1,5.96,5,24,4,8.57976858205293,0.2845407531468593,0.8706578661881278,Yes,No,Normal,Safe,Stable
45435.20833333334,May,262.05,92.93000000000001,1,26.6,6.68,7.89,3.19,5,5,1,5,29.1,33.9,24.1,5.96,5,24,5,8.210433346062107,0.3731508032619736,-0.01569045473112939,No,No,Normal,Safe,Stable
45435.25,May,262.05,92.93000000000001,1,26.6,6.68,7.89,3.19,5,5,0,1,29.1,33.9,24.1,5.96,5,24.05263157894737,4.736842105263158,8.199090621838582,0.4039178697199682,-0.01472130005458396,Yes,Yes,Normal,Safe,Stable
45435.29166666666,May,262.05,92.93000000000001,1,26.6,6.68,7.89,3.19,5,5,0,5,29.1,33.9,24.1,5.96,5,24.10526315789474,4.473684210526316,8.187747897615058,0.4346849361779629,-0.01375214537803852,No,No,Normal,Safe,Stable
45435.33333333334,May,262.05,92.93000000000001,1,26.6,6.68,7.89,3.19,5,5,1,6,29.1,33.9,24.1,5.96,5,24.15789473684211,4.210526315789473,8.176405173391533,0.4654520026359575,-0.01278299070149309,Yes,No,Normal,Safe,Stable
45435.375,May,262.05,92.93000000000001,1,26.6,6.68,7.89,3.19,5,5,0,5,29.1,33.9,24.1,5.96,5,24.21052631578947,3.947368421052632,8.165062449168008,0.4962190690939521,-0.01181383602494766,No,No,Normal,Safe,Stable
45435.41666666666,May,262.05,92.93000000000001,1,26.6,6.68,7.89,3.19,5,5,1,5,29.1,33.9,24.1,5.96,5,24.26315789473684,3.684210526315789,8.153719724944484,0.5269861355519467,-0.01084468134840223,Yes,No,Normal,Safe,Stable
45435.45833333334,May,262.05,92.93000000000001,1,26.6,6.68,7.89,3.19,5,5,0,4,29.1,33.9,24.1,5.96,5,24.31578947368421,3.421052631578947,8.142377000720959,0.5577532020099414,-0.009875526671856795,No,No,Normal,Safe,Stable
45435.5,May,262.05,92.93000000000001,1,26.6,6.68,7.89,3.19,5,5,0,4,29.1,33.9,24.1,5.96,5,24.36842105263158,3.157894736842105,8.131034276497434,0.588520268467936,-0.008906371995311361,Yes,Yes,Normal,Safe,Stable
45435.54166666666,May,262.05,92.93000000000001,1,26.6,6.68,7.89,3.19,5,5,0,4,29.1,33.9,24.1,5.96,5,24.42105263157895,2.894736842105263,8.11969155227391,0.6192873349259307,-0.00793721731876593,No,No,Normal,Safe,Stable
45435.58333333334,May,262.05,92.93000000000001,1,26.6,6.68,7.89,3.19,5,5,0,4,29.1,33.9,24.1,5.96,5,24.47368421052632,2.631578947368421,8.108348828050385,0.6500544013839253,-0.006968062642220496,Yes,No,Normal,Safe,Stable
45435.625,May,262.05,92.93000000000001,1,26.6,6.68,7.89,3.19,5,5,0,1,29.1,33.9,24.1,5.96,5,24.52631578947368,2.368421052631579,8.09700610382686,0.68082146784192,-0.005998907965675064,No,No,Normal,Safe,Stable
45435.66666666666,May,262.05,92.93000000000001,1,26.6,6.68,7.89,3.19,5,5,0,6,29.1,33.9,24.1,5.96,5,24.57894736842105,2.105263157894737,8.085663379603336,0.7115885342999146,-0.005029753289129631,Yes,No,Normal,Safe,Stable
45435.70833333334,May,262.05,92.93000000000001,1,26.6,6.68,7.89,3.19,5,5,0,1,29.1,33.9,24.1,5.96,5,24.63157894736842,1.842105263157895,8.074320655379811,0.7423556007579093,-0.004060598612584199,No,No,Normal,Safe,Stable
45435.75,May,262.05,92.93000000000001,1,26.6,6.68,7.89,3.19,5,5,0,2,29.1,33.9,24.1,5.96,5,24.68421052631579,1.578947368421053,8.062977931156286,0.7731226672159039,-0.003091443936038767,Yes,Yes,Normal,Safe,Stable
45435.79166666666,May,262.05,92.93000000000001,1,26.6,6.68,7.89,3.19,5,5,0,6,29.1,33.9,24.1,5.96,5,24.73684210526316,1.315789473684211,8.051635206932762,0.8038897336738986,-0.002122289259493334,No,No,Normal,Safe,Stable
45435.83333333334,May,262.05,92.93000000000001,1,26.6,6.68,7.89,3.19,5,5,1,4,29.1,33.9,24.1,5.96,5,24.78947368421053,1.052631578947369,8.040292482709237,0.8346568001318933,-0.001153134582947902,Yes,No,Normal,Safe,Stable
45435.875,May,262.05,92.93000000000001,1,26.6,6.68,7.89,3.19,5,5,1,2,29.1,33.9,24.1,5.96,5,24.84210526315789,0.7894736842105265,8.028949758485712,0.8654238665898879,-0.0001839799064024695,No,No,Normal,Safe,Stable
45435.91666666666,May,262.05,92.93000000000001,1,26.6,6.68,7.89,3.19,5,5,0,4,29.1,33.9,24.1,5.96,5,24.89473684210526,0.5263157894736841,8.017607034262188,0.8961909330478824,0.0007851747701429629,Yes,No,Normal,Safe,Stable
45435.95833333334,May,262.05,92.93000000000001,1,26.6,6.68,7.89,3.19,5,5,0,5,29.1,33.9,24.1,5.96,5,24.94736842105263,0.2631578947368425,8.006264310038663,0.9269579995058771,0.001754329446688397,No,No,Normal,Safe,Stable
45436,May,262.05,92.93000000000001,1,26.6,6.68,7.89,3.19,5,5,0,5,29.1,33.9,24.1,5.96,5,25,0,7.994921585815138,0.9577250659638717,0.002723484123233828,Yes,Yes,Normal,Safe,Stable
45436.04166666666,May,262.05,92.93000000000001,1,26.6,6.68,7.89,3.19,5,5,0,5,29.1,33.9,24.1,5.96,5,25,1,8.128941945905378,0.2898746950704711,0.1064646520543239,No,No,Normal,Safe,Stable
45436.08333333334,May,262.05,92.93000000000001,1,26.6,6.68,7.89,3.19,5,5,0,4,29.1,33.9,24.1,5.96,5,25,2,8.131242835424125,0.3437847033796105,0.4592758953256459,Yes,No,Normal,Safe,Stable
45436.125,May,262.05,92.93000000000001,1,26.6,6.68,7.89,3.19,5,5,1,1,29.1,33.9,24.1,5.96,5,25,3,8.470513247221509,0.2428984620999489,0.9421527798235203,No,No,Normal,Safe,Stable
45436.16666666666,May,262.05,92.93000000000001,1,26.6,6.68,7.89,3.19,5,5,0,2,29.1,33.9,24.1,5.96,5,25,4,7.929638478876857,0.9577321392312104,-0.02016130021545119,Yes,No,Normal,Safe,Stable
45436.20833333334,May,262.05,92.93000000000001,1,26.6,6.68,7.89,3.19,5,5,0,1,29.1,33.9,24.1,5.96,5,25,5,8.311126658327964,0.3750059419585317,0.01165893825740102,No,No,Normal,Safe,Stable
45436.25,May,262.05,92.93000000000001,1,26.6,6.68,7.89,3.19,5,5,0,4,29.1,33.9,24.1,5.96,5,25.05263157894737,4.736842105263158,8.285282583751023,0.4070032899698205,0.01188020406162786,Yes,Yes,Normal,Safe,Stable
45436.29166666666,May,262.05,92.93000000000001,1,26.6,6.68,7.89,3.19,5,5,0,5,29.1,33.9,24.1,5.96,5,25.10526315789474,4.473684210526316,8.259438509174082,0.4390006379811092,0.0121014698658547,No,No,Normal,Safe,Stable
45436.33333333334,May,262.05,92.93000000000001,1,26.6,6.68,7.89,3.19,5,5,1,4,29.1,33.9,24.1,5.96,5,25.15789473684211,4.210526315789473,8.233594434597141,0.470997985992398,0.01232273567008154,Yes,No,Normal,Safe,Stable
45436.375,May,262.05,92.93000000000001,1,26.6,6.68,7.89,3.19,5,5,1,4,29.1,33.9,24.1,5.96,5,25.21052631578947,3.947368421052632,8.207750360020199,0.5029953340036868,0.01254400147430838,No,No,Normal,Safe,Stable
45436.41666666666,May,262.05,92.93000000000001,1,26.6,6.68,7.89,3.19,5,5,1,5,29.1,33.9,24.1,5.96,5,25.26315789473684,3.684210526315789,8.181906285443258,0.5349926820149755,0.01276526727853522,Yes,No,Normal,Safe,Stable
45436.45833333334,May,262.05,92.93000000000001,1,26.6,6.68,7.89,3.19,5,5,0,4,29.1,33.9,24.1,5.96,5,25.31578947368421,3.421052631578947,8.156062210866317,0.5669900300262642,0.01298653308276206,No,No,Normal,Safe,Stable
45436.5,May,262.05,92.93000000000001,1,26.6,6.68,7.89,3.19,5,5,0,2,29.1,33.9,24.1,5.96,5,25.36842105263158,3.157894736842105,8.130218136289376,0.5989873780375531,0.0132077988869889,Yes,Yes,Normal,Safe,Stable
45436.54166666666,May,262.05,92.93000000000001,1,26.6,6.68,7.89,3.19,5,5,0,4,29.1,33.9,24.1,5.96,5,25.42105263157895,2.894736842105263,8.104374061712434,0.6309847260488418,0.01342906469121574,No,No,Normal,Safe,Stable
45436.58333333334,May,262.05,92.93000000000001,1,26.6,6.68,7.89,3.19,5,5,0,4,29.1,33.9,24.1,5.96,5,25.47368421052632,2.631578947368421,8.078529987135493,0.6629820740601307,0.01365033049544258,Yes,No,Normal,Safe,Stable
45436.625,May,262.05,92.93000000000001,1,26.6,6.68,7.89,3.19,5,5,0,4,29.1,33.9,24.1,5.96,5,25.52631578947368,2.368421052631579,8.052685912558552,0.6949794220714194,0.01387159629966942,No,No,Normal,Safe,Stable
45436.66666666666,May,262.05,92.93000000000001,1,26.6,6.68,7.89,3.19,5,5,0,6,29.1,33.9,24.1,5.96,5,25.57894736842105,2.105263157894737,8.02684183798161,0.7269767700827081,0.01409286210389626,Yes,No,Normal,Safe,Stable
45436.70833333334,May,262.05,92.93000000000001,1,26.6,6.68,7.89,3.19,5,5,0,2,29.1,33.9,24.1,5.96,5,25.63157894736842,1.842105263157895,8.000997763404669,0.7589741180939968,0.0143141279081231,No,No,Normal,Safe,Stable
45436.75,May,262.05,92.93000000000001,1,26.6,6.68,7.89,3.19,5,5,1,1,29.1,33.9,24.1,5.96,5,25.68421052631579,1.578947368421053,7.975153688827729,0.7909714661052856,0.01453539371234995,Yes,Yes,Normal,Safe,Stable
45436.79166666666,May,262.05,92.93000000000001,1,26.6,6.68,7.89,3.19,5,5,0,2,29.1,33.9,24.1,5.96,5,25.73684210526316,1.315789473684211,7.949309614250788,0.8229688141165744,0.01475665951657679,No,No,Normal,Safe,Stable
45436.83333333334,May,262.05,92.93000000000001,1,26.6,6.68,7.89,3.19,5,5,1,1,29.1,33.9,24.1,5.96,5,25.78947368421053,1.052631578947369,7.923465539673846,0.8549661621278631,0.01497792532080363,Yes,No,Normal,Safe,Stable
45436.875,May,262.05,92.93000000000001,1,26.6,6.68,7.89,3.19,5,5,0,5,29.1,33.9,24.1,5.96,5,25.84210526315789,0.7894736842105265,7.897621465096905,0.886963510139152,0.01519919112503047,No,No,Normal,Safe,Stable
45436.91666666666,May,262.05,92.93000000000001,1,26.6,6.68,7.89,3.19,5,5,0,4,29.1,33.9,24.1,5.96,5,25.89473684210526,0.5263157894736841,7.871777390519964,0.9189608581504407,0.01542045692925731,Yes,No,Normal,Safe,Stable
45436.95833333334,May,262.05,92.93000000000001,1,26.6,6.68,7.89,3.19,5,5,0,2,29.1,33.9,24.1,5.96,5,25.94736842105263,0.2631578947368425,7.845933315943022,0.9509582061617294,0.01564172273348415,No,No,Normal,Safe,Stable
45437,May,262.05,92.93000000000001,1,26.6,6.68,7.89,3.19,5,5,0,2,29.1,33.9,24.1,5.96,5,26,0,7.820089241366081,0.9829555541730182,0.01586298853771099,Yes,Yes,Normal,Safe,Stable
45437.04166666666,May,262.05,92.93000000000001,1,26.6,6.68,7.89,3.19,5,5,0,4,29.1,33.9,24.1,5.96,5,26,1,8.645721168674193,0.3317172939683409,0.1014803807852044,No,No,Normal,Safe,Stable
45437.08333333334,May,262.05,92.93000000000001,1,26.6,6.68,7.89,3.19,5,5,0,4,29.1,33.9,24.1,5.96,5,26,2,7.933450938216798,0.992587782031727,-0.03053188278774166,Yes,No,Normal,Safe,Stable
45437.125,May,262.05,92.93000000000001,1,26.6,6.68,7.89,3.19,5,5,0,5,29.1,33.9,24.1,5.96,5,26,3,8.57997542441548,0.1854065422067664,0.8922172712037744,No,No,Normal,Safe,Stable
45437.16666666666,May,262.05,92.93000000000001,1,26.6,6.68,7.89,3.19,5,5,0,5,29.1,33.9,24.1,5.96,5,26,4,7.697137151503723,0.9677231649486447,0.01255246272039684,Yes,No,Normal,Safe,Stable
45437.20833333334,May,262.05,92.93000000000001,1,26.6,6.68,7.89,3.19,5,5,0,4,29.1,33.9,24.1,5.96,5,26,5,8.468725625452537,0.3676388294407632,0.001471477089820985,No,No,Normal,Safe,Stable
45437.25,May,262.05,92.93000000000001,1,26.6,6.68,7.89,3.19,5,5,0,5,29.1,33.9,24.1,5.96,5,26.05263157894737,4.736842105263158,8.471629355484788,0.3700690784415064,0.001048766739473329,Yes,Yes,Normal,Safe,Stable
45437.29166666666,May,262.05,92.93000000000001,1,26.6,6.68,7.89,3.19,5,5,1,2,29.1,33.9,24.1,5.96,5,26.10526315789474,4.473684210526316,8.47453308551704,0.3724993274422495,0.0006260563891256738,No,No,Normal,Safe,Stable
45437.33333333334,May,262.05,92.93000000000001,1,26.6,6.68,7.89,3.19,5,5,0,4,29.1,33.9,24.1,5.96,5,26.15789473684211,4.210526315789473,8.477436815549293,0.3749295764429927,0.0002033460387780182,Yes,No,Normal,Safe,Stable
45437.375,May,262.05,92.93000000000001,1,26.6,6.68,7.89,3.19,5,5,0,1,29.1,33.9,24.1,5.96,5,26.21052631578947,3.947368421052632,8.480340545581544,0.3773598254437359,-0.0002193643115696374,No,No,Normal,Safe,Stable
45437.41666666666,May,262.05,92.93000000000001,1,26.6,6.68,7.89,3.19,5,5,0,5,29.1,33.9,24.1,5.96,5,26.26315789473684,3.684210526315789,8.483244275613796,0.379790074444479,-0.000642074661917293,Yes,No,Normal,Safe,Stable
45437.45833333334,May,262.05,92.93000000000001,1,26.6,6.68,7.89,3.19,5,5,1,5,29.1,33.9,24.1,5.96,5,26.31578947368421,3.421052631578947,8.486148005646047,0.3822203234452222,-0.001064785012264949,No,No,Normal,Safe,Stable
45437.5,May,262.05,92.93000000000001,1,26.6,6.68,7.89,3.19,5,5,0,4,29.1,33.9,24.1,5.96,5,26.36842105263158,3.157894736842105,8.489051735678299,0.3846505724459653,-0.001487495362612604,Yes,Yes,Normal,Safe,Stable
45437.54166666666,May,262.05,92.93000000000001,1,26.6,6.68,7.89,3.19,5,5,0,4,29.1,33.9,24.1,5.96,5,26.42105263157895,2.894736842105263,8.491955465710552,0.3870808214467085,-0.00191020571296026,No,No,Normal,Safe,Stable
45437.58333333334,May,262.05,92.93000000000001,1,26.6,6.68,7.89,3.19,5,5,0,2,29.1,33.9,24.1,5.96,5,26.47368421052632,2.631578947368421,8.494859195742803,0.3895110704474517,-0.002332916063307915,Yes,No,Normal,Safe,Stable
45437.625,May,262.05,92.93000000000001,1,26.6,6.68,7.89,3.19,5,5,0,2,29.1,33.9,24.1,5.96,5,26.52631578947368,2.368421052631579,8.497762925775055,0.3919413194481948,-0.002755626413655571,No,No,Normal,Safe,Stable
45437.66666666666,May,262.05,92.93000000000001,1,26.6,6.68,7.89,3.19,5,5,0,1,29.1,33.9,24.1,5.96,5,26.57894736842105,2.105263157894737,8.500666655807306,0.394371568448938,-0.003178336764003227,Yes,No,Normal,Safe,Stable
45437.70833333334,May,262.05,92.93000000000001,1,26.6,6.68,7.89,3.19,5,5,0,4,29.1,33.9,24.1,5.96,5,26.63157894736842,1.842105263157895,8.503570385839559,0.3968018174496812,-0.003601047114350882,No,No,Normal,Safe,Stable
45437.75,May,262.05,92.93000000000001,1,26.6,6.68,7.89,3.19,5,5,0,4,29.1,33.9,24.1,5.96,5,26.68421052631579,1.578947368421053,8.506474115871811,0.3992320664504243,-0.004023757464698538,Yes,Yes,Normal,Safe,Stable
45437.79166666666,May,262.05,92.93000000000001,1,26.6,6.68,7.89,3.19,5,5,0,4,29.1,33.9,24.1,5.96,5,26.73684210526316,1.315789473684211,8.509377845904062,0.4016623154511675,-0.004446467815046193,No,No,Normal,Safe,Stable
45437.83333333334,May,262.05,92.93000000000001,1,26.6,6.68,7.89,3.19,5,5,1,5,29.1,33.9,24.1,5.96,5,26.78947368421053,1.052631578947369,8.512281575936314,0.4040925644519107,-0.00486917816539385,Yes,No,Normal,Safe,Stable
45437.875,May,262.05,92.93000000000001,1,26.6,6.68,7.89,3.19,5,5,0,4,29.1,33.9,24.1,5.96,5,26.84210526315789,0.7894736842105265,8.515185305968565,0.4065228134526538,-0.005291888515741505,No,No,Normal,Safe,Stable
45437.91666666666,May,262.05,92.93000000000001,1,26.6,6.68,7.89,3.19,5,5,1,6,29.1,33.9,24.1,5.96,5,26.89473684210526,0.5263157894736841,8.518089036000818,0.408953062453397,-0.00571459886608916,Yes,No,Normal,Safe,Stable
45437.95833333334,May,262.05,92.93000000000001,1,26.6,6.68,7.89,3.19,5,5,0,2,29.1,33.9,24.1,5.96,5,26.94736842105263,0.2631578947368425,8.52099276603307,0.4113833114541401,-0.006137309216436815,No,No,Normal,Safe,Stable
45438,May,262.05,92.93000000000001,1,26.6,6.68,7.89,3.19,5,5,0,5,29.1,33.9,24.1,5.96,5,27,0,8.523896496065321,0.4138135604548833,-0.006560019566784472,Yes,Yes,Normal,Safe,Stable
45438.04166666666,May,262.05,92.93000000000001,1,26.6,6.68,7.89,3.19,5,5,0,5,29.1,33.9,24.1,5.96,5,27,1,7.618169821237984,0.9798107822469271,-0.007834399263369991,No,No,Normal,Safe,Stable
45438.08333333334,May,262.05,92.93000000000001,1,26.6,6.68,7.89,3.19,5,5,0,5,29.1,33.9,24.1,5.96,5,27,2,8.226573759431567,0.9415813872145306,0.0009300503240603401,Yes,No,Normal,Safe,Stable
45438.125,May,262.05,92.93000000000001,1,26.6,6.68,7.89,3.19,5,5,0,5,29.1,33.9,24.1,5.96,5,27,3,8.213882502877221,0.4262489401490921,0.02063664998549525,No,No,Normal,Safe,Stable
45438.16666666666,May,262.05,92.93000000000001,1,26.6,6.68,7.89,3.19,5,5,0,2,29.1,33.9,24.1,5.96,5,27,4,7.924204658584617,0.9600860855924093,0.01207884692655754,Yes,No,Normal,Safe,Stable
45438.20833333334,May,262.05,92.93000000000001,1,26.6,6.68,7.89,3.19,5,5,0,4,29.1,33.9,24.1,5.96,5,27,5,8.331883757393799,0.4332804372251237,0.01214127598589648,No,No,Normal,Safe,Stable
45438.25,May,262.05,92.93000000000001,1,26.6,6.68,7.89,3.19,5,5,0,6,29.1,33.9,24.1,5.96,5,27.05263157894737,4.736842105263158,8.309672404116094,0.4315334610253508,0.01188265768428731,Yes,Yes,Normal,Safe,Stable
45438.29166666666,May,262.05,92.93000000000001,1,26.6,6.68,7.89,3.19,5,5,0,5,29.1,33.9,24.1,5.96,5,27.10526315789474,4.473684210526316,8.28746105083839,0.4297864848255779,0.01162403938267813,No,No,Normal,Safe,Stable
45438.33333333334,May,262.05,92.93000000000001,1,26.6,6.68,7.89,3.19,5,5,0,2,29.1,33.9,24.1,5.96,5,27.15789473684211,4.210526315789473,8.265249697560687,0.428039508625805,0.01136542108106896,Yes,No,Normal,Safe,Stable
45438.375,May,262.05,92.93000000000001,1,26.6,6.68,7.89,3.19,5,5,0,6,29.1,33.9,24.1,5.96,5,27.21052631578947,3.947368421052632,8.243038344282983,0.4262925324260322,0.01110680277945978,No,No,Normal,Safe,Stable
45438.41666666666,May,262.05,92.93000000000001,1,26.6,6.68,7.89,3.19,5,5,1,4,29.1,33.9,24.1,5.96,5,27.26315789473684,3.684210526315789,8.220826991005278,0.4245455562262593,0.01084818447785061,Yes,No,Normal,Safe,Stable
45438.45833333334,May,262.05,92.93000000000001,1,26.6,6.68,7.89,3.19,5,5,0,5,29.1,33.9,24.1,5.96,5,27.31578947368421,3.421052631578947,8.198615637727574,0.4227985800264863,0.01058956617624143,No,No,Normal,Safe,Stable
45438.5,May,262.05,92.93000000000001,1,26.6,6.68,7.89,3.19,5,5,0,5,29.1,33.9,24.1,5.96,5,27.36842105263158,3.157894736842105,8.17640428444987,0.4210516038267135,0.01033094787463226,Yes,Yes,Normal,Safe,Stable
45438.54166666666,May,262.05,92.93000000000001,1,26.6,6.68,7.89,3.19,5,5,0,5,29.1,33.9,24.1,5.96,5,27.42105263157895,2.894736842105263,8.154192931172165,0.4193046276269406,0.01007232957302308,No,No,Normal,Safe,Stable
45438.58333333334,May,262.05,92.93000000000001,1,26.6,6.68,7.89,3.19,5,5,0,2,29.1,33.9,24.1,5.96,5,27.47368421052632,2.631578947368421,8.131981577894463,0.4175576514271677,0.00981371127141391,Yes,No,Normal,Safe,Stable
45438.625,May,262.05,92.93000000000001,1,26.6,6.68,7.89,3.19,5,5,0,1,29.1,33.9,24.1,5.96,5,27.52631578947368,2.368421052631579,8.109770224616758,0.4158106752273948,0.009555092969804734,No,No,Normal,Safe,Stable
45438.66666666666,May,262.05,92.93000000000001,1,26.6,6.68,7.89,3.19,5,5,0,6,29.1,33.9,24.1,5.96,5,27.57894736842105,2.105263157894737,8.087558871339054,0.4140636990276219,0.00929647466819556,Yes,No,Normal,Safe,Stable
45438.70833333334,May,262.05,92.93000000000001,1,26.6,6.68,7.89,3.19,5,5,0,4,29.1,33.9,24.1,5.96,5,27.63157894736842,1.842105263157895,8.065347518061349,0.412316722827849,0.009037856366586387,No,No,Normal,Safe,Stable
45438.75,May,262.05,92.93000000000001,1,26.6,6.68,7.89,3.19,5,5,0,5,29.1,33.9,24.1,5.96,5,27.68421052631579,1.578947368421053,8.043136164783645,0.4105697466280762,0.008779238064977211,Yes,Yes,Normal,Safe,Stable
45438.79166666666,May,262.05,92.93000000000001,1,26.6,6.68,7.89,3.19,5,5,0,5,29.1,33.9,24.1,5.96,5,27.73684210526316,1.315789473684211,8.020924811505942,0.4088227704283032,0.008520619763368036,No,No,Normal,Safe,Stable
45438.83333333334,May,262.05,92.93000000000001,1,26.6,6.68,7.89,3.19,5,5,0,5,29.1,33.9,24.1,5.96,5,27.78947368421053,1.052631578947369,7.998713458228238,0.4070757942285304,0.008262001461758862,Yes,No,Normal,Safe,Stable
45438.875,May,262.05,92.93000000000001,1,26.6,6.68,7.89,3.19,5,5,0,4,29.1,33.9,24.1,5.96,5,27.84210526315789,0.7894736842105265,7.976502104950534,0.4053288180287575,0.008003383160149688,No,No,Normal,Safe,Stable
45438.91666666666,May,262.05,92.93000000000001,1,26.6,6.68,7.89,3.19,5,5,0,4,29.1,33.9,24.1,5.96,5,27.89473684210526,0.5263157894736841,7.954290751672829,0.4035818418289846,0.007744764858540512,Yes,No,Normal,Safe,Stable
45438.95833333334,May,262.05,92.93000000000001,1,26.6,6.68,7.89,3.19,5,5,1,4,29.1,33.9,24.1,5.96,5,27.94736842105263,0.2631578947368425,7.932079398395126,0.4018348656292117,0.007486146556931338,No,No,Normal,Safe,Stable
45439,May,262.05,92.93000000000001,1,26.6,6.68,7.89,3.19,5,5,0,6,29.1,33.9,24.1,5.96,5,28,0,7.909868045117421,0.4000878894294388,0.007227528255322163,Yes,Yes,Normal,Safe,Stable
45439.04166666666,May,262.05,92.93000000000001,1,26.6,6.68,7.89,3.19,5,5,0,4,29.1,33.9,24.1,5.96,5,28,1,8.329447435861418,0.3568745834021909,0.1281466388467355,No,No,Normal,Safe,Stable
45439.08333333334,May,262.05,92.93000000000001,1,26.6,6.68,7.89,3.19,5,5,0,2,29.1,33.9,24.1,5.96,5,28,2,8.113518668981108,0.3528836457415788,0.4234320800313361,Yes,No,Normal,Safe,Stable
45439.125,May,262.05,92.93000000000001,1,26.6,6.68,7.89,3.19,5,5,0,4,29.1,33.9,24.1,5.96,5,28,3,8.807474248541951,0.2887779420393382,0.9132538097996391,No,No,Normal,Safe,Stable
45439.16666666666,May,262.05,92.93000000000001,1,26.6,6.68,7.89,3.19,5,5,0,5,29.1,33.9,24.1,5.96,5,28,4,8.03535659171469,0.2875362869843095,0.976953984032351,Yes,No,Normal,Safe,Stable
45439.20833333334,May,262.05,92.93000000000001,1,26.6,6.68,7.89,3.19,5,5,0,6,29.1,33.9,24.1,5.96,5,28,5,7.994409760825604,0.3889282690943579,0.03015276597184832,No,No,Normal,Safe,Stable
45439.25,May,262.0584615384615,92.92912087912089,1,26.60934065934066,6.691428571428571,7.88989010989011,3.195714285714286,5.010989010989011,5.010989010989011,0,4,29.1,33.9,24.1,5.938351648351649,5.010989010989011,27.7032967032967,4.945054945054945,7.991757897247544,0.3895647596228399,0.02958204811212229,Yes,Yes,Normal,Safe,Stable
45439.29166666666,May,262.0669230769231,92.92824175824177,1,26.61868131868132,6.702857142857143,7.88978021978022,3.201428571428572,5.021978021978022,5.021978021978022,1,2,29.1,33.9,24.1,5.916703296703297,5.021978021978022,27.40659340659341,4.890109890109891,7.989106033669483,0.3902012501513218,0.02901133025239626,No,No,Normal,Safe,Stable
45439.33333333334,May,262.0753846153846,92.92736263736265,1,26.62802197802198,6.714285714285714,7.889670329670329,3.207142857142857,5.032967032967033,5.032967032967033,0,1,29.1,33.9,24.1,5.895054945054945,5.032967032967033,27.10989010989011,4.835164835164835,7.986454170091423,0.3908377406798038,0.02844061239267022,Yes,No,Normal,Safe,Stable
45439.375,May,262.0838461538461,92.92648351648353,1,26.63736263736264,6.725714285714285,7.889560439560439,3.212857142857143,5.043956043956044,5.043956043956044,0,2,29.1,33.9,24.1,5.873406593406593,5.043956043956044,26.81318681318681,4.78021978021978,7.983802306513362,0.3914742312082857,0.02786989453294419,No,No,Normal,Safe,Stable
45439.41666666666,May,262.0923076923077,92.9256043956044,1,26.6467032967033,6.737142857142857,7.889450549450549,3.218571428571428,5.054945054945055,5.054945054945055,0,5,29.1,33.9,24.1,5.851758241758242,5.054945054945055,26.51648351648352,4.725274725274725,7.981150442935301,0.3921107217367676,0.02729917667321816,Yes,No,Normal,Safe,Stable
45439.45833333334,May,262.1007692307692,92.92472527472528,1,26.65604395604396,6.748571428571428,7.889340659340659,3.224285714285714,5.065934065934066,5.065934065934066,0,6,29.1,33.9,24.1,5.83010989010989,5.065934065934066,26.21978021978022,4.670329670329671,7.97849857935724,0.3927472122652496,0.02672845881349213,No,No,Normal,Safe,Stable
45439.5,May,262.1092307692308,92.92384615384616,1,26.66538461538462,6.76,7.889230769230769,3.23,5.076923076923077,5.076923076923077,0,5,29.1,33.9,24.1,5.808461538461539,5.076923076923077,25.92307692307692,4.615384615384615,7.97584671577918,0.3933837027937316,0.02615774095376609,Yes,Yes,Normal,Safe,Stable
45439.54166666666,May,262.1176923076923,92.92296703296704,1,26.67472527472528,6.771428571428571,7.889120879120878,3.235714285714286,5.087912087912088,5.087912087912088,0,2,29.1,33.9,24.1,5.786813186813187,5.087912087912088,25.62637362637363,4.56043956043956,7.973194852201119,0.3940201933222135,0.02558702309404006,No,No,Normal,Safe,Stable
45439.58333333334,May,262.1261538461538,92.92208791208792,1,26.68406593406593,6.782857142857143,7.889010989010989,3.241428571428572,5.098901098901099,5.098901098901099,0,6,29.1,33.9,24.1,5.765164835164835,5.098901098901099,25.32967032967033,4.505494505494505,7.970542988623059,0.3946566838506955,0.02501630523431403,Yes,No,Normal,Safe,Stable
45439.625,May,262.1346153846154,92.9212087912088,1,26.6934065934066,6.794285714285714,7.888901098901099,3.247142857142857,5.109890109890109,5.109890109890109,0,1,29.1,33.9,24.1,5.743516483516483,5.109890109890109,25.03296703296703,4.450549450549451,7.967891125044998,0.3952931743791774,0.024445587374588,No,No,Normal,Safe,Stable
45439.66666666666,May,262.1430769230769,92.92032967032968,1,26.70274725274725,6.805714285714285,7.888791208791209,3.252857142857143,5.12087912087912,5.12087912087912,0,4,29.1,33.9,24.1,5.721868131868132,5.12087912087912,24.73626373626374,4.395604395604396,7.965239261466937,0.3959296649076594,0.02387486951486197,Yes,No,Normal,Safe,Stable
45439.70833333334,May,262.1515384615385,92.91945054945056,1,26.71208791208791,6.817142857142857,7.888681318681319,3.258571428571428,5.131868131868132,5.131868131868132,0,5,29.1,33.9,24.1,5.70021978021978,5.131868131868132,24.43956043956044,4.34065934065934,7.962587397888877,0.3965661554361413,0.02330415165513593,No,No,Normal,Safe,Stable
45439.75,May,262.16,92.91857142857144,1,26.72142857142857,6.828571428571428,7.888571428571428,3.264285714285714,5.142857142857143,5.142857142857143,1,6,29.1,33.9,24.1,5.678571428571429,5.142857142857143,24.14285714285714,4.285714285714286,7.959935534310816,0.3972026459646232,0.0227334337954099,Yes,Yes,Normal,Safe,Stable
45439.79166666666,May,262.1684615384615,92.91769230769231,1,26.73076923076923,6.84,7.888461538461538,3.27,5.153846153846154,5.153846153846154,0,2,29.1,33.9,24.1,5.656923076923077,5.153846153846154,23.84615384615385,4.230769230769231,7.957283670732756,0.3978391364931052,0.02216271593568387,No,No,Normal,Safe,Stable
45439.83333333334,May,262.1769230769231,92.91681318681319,1,26.74010989010989,6.851428571428571,7.888351648351648,3.275714285714286,5.164835164835165,5.164835164835165,0,4,29.1,33.9,24.1,5.635274725274726,5.164835164835165,23.54945054945055,4.175824175824176,7.954631807154695,0.3984756270215872,0.02159199807595784,Yes,No,Normal,Safe,Stable
45439.875,May,262.1853846153846,92.91593406593407,1,26.74945054945055,6.862857142857143,7.888241758241758,3.281428571428572,5.175824175824176,5.175824175824176,0,5,29.1,33.9,24.1,5.613626373626373,5.175824175824176,23.25274725274725,4.12087912087912,7.951979943576634,0.3991121175500691,0.02102128021623181,No,No,Normal,Safe,Stable
45439.91666666666,May,262.1938461538462,92.91505494505495,1,26.75879120879121,6.874285714285714,7.888131868131868,3.287142857142857,5.186813186813187,5.186813186813187,1,2,29.1,33.9,24.1,5.591978021978022,5.186813186813187,22.95604395604396,4.065934065934066,7.949328079998573,0.3997486080785511,0.02045056235650577,Yes,No,Normal,Safe,Stable
45439.95833333334,May,262.2023076923077,92.91417582417583,1,26.76813186813187,6.885714285714285,7.888021978021977,3.292857142857143,5.197802197802198,5.197802197802198,1,4,29.1,33.9,24.1,5.57032967032967,5.197802197802198,22.65934065934066,4.010989010989011,7.946676216420513,0.400385098607033,0.01987984449677974,No,No,Normal,Safe,Stable
45440,May,262.2107692307692,92.91329670329671,1,26.77747252747253,6.897142857142857,7.887912087912087,3.298571428571428,5.208791208791209,5.208791208791209,0,2,29.1,33.9,24.1,5.548681318681319,5.208791208791209,22.36263736263736,3.956043956043956,7.944024352842453,0.4010215891355149,0.01930912663705371,Yes,Yes,Normal,Safe,Stable
45440.04166666666,May,262.2192307692308,92.91241758241759,1,26.78681318681319,6.908571428571428,7.887802197802197,3.304285714285714,5.21978021978022,5.21978021978022,0,5,29.1,33.9,24.1,5.527032967032967,5.21978021978022,22.06593406593407,3.901098901098901,7.941372489264392,0.4016580796639969,0.01873840877732768,No,No,Normal,Safe,Stable
45440.08333333334,May,262.2276923076923,92.91153846153847,1,26.79615384615385,6.92,7.887692307692308,3.31,5.230769230769231,5.230769230769231,1,6,29.1,33.9,24.1,5.505384615384616,5.230769230769231,21.76923076923077,3.846153846153846,7.938720625686331,0.4022945701924789,0.01816769091760165,Yes,No,Normal,Safe,Stable
45440.125,May,262.2361538461539,92.91065934065935,1,26.80549450549451,6.931428571428571,7.887582417582418,3.315714285714286,5.241758241758242,5.241758241758242,0,5,29.1,33.9,24.1,5.483736263736263,5.241758241758242,21.47252747252747,3.791208791208791,7.93606876210827,0.4029310607209608,0.01759697305787562,No,No,Normal,Safe,Stable
45440.16666666666,May,262.2446153846154,92.90978021978022,1,26.81483516483517,6.942857142857142,7.887472527472527,3.321428571428571,5.252747252747253,5.252747252747253,0,4,29.1,33.9,24.1,5.462087912087912,5.252747252747253,21.17582417582418,3.736263736263736,7.93341689853021,0.4035675512494428,0.01702625519814958,Yes,No,Normal,Safe,Stable
45440.20833333334,May,262.2530769230769,92.9089010989011,1,26.82417582417582,6.954285714285714,7.887362637362637,3.327142857142857,5.263736263736264,5.263736263736264,1,2,29.1,33.9,24.1,5.44043956043956,5.263736263736264,20.87912087912088,3.681318681318682,7.930765034952149,0.4042040417779247,0.01645553733842355,No,No,Normal,Safe,Stable
45440.25,May,262.2615384615385,92.90802197802198,1,26.83351648351648,6.965714285714285,7.887252747252747,3.332857142857143,5.274725274725275,5.274725274725275,0,6,29.1,33.9,24.1,5.418791208791209,5.274725274725275,20.58241758241758,3.626373626373626,7.928113171374089,0.4048405323064067,0.01588481947869752,Yes,Yes,Normal,Safe,Stable
45440.29166666666,May,262.27,92.90714285714286,1,26.84285714285715,6.977142857142857,7.887142857142857,3.338571428571429,5.285714285714286,5.285714285714286,0,2,29.1,33.9,24.1,5.397142857142857,5.285714285714286,20.28571428571428,3.571428571428571,7.925461307796028,0.4054770228348886,0.01531410161897149,No,No,Normal,Safe,Stable
45440.33333333334,May,262.2784615384616,92.90626373626374,1,26.8521978021978,6.988571428571428,7.887032967032967,3.344285714285714,5.296703296703297,5.296703296703297,1,4,29.1,33.9,24.1,5.375494505494506,5.296703296703297,19.98901098901099,3.516483516483516,7.922809444217967,0.4061135133633705,0.01474338375924546,Yes,No,Normal,Safe,Stable
45440.375,May,262.2869230769231,92.90538461538462,1,26.86153846153846,7,7.886923076923076,3.35,5.307692307692307,5.307692307692307,0,4,29.1,33.9,24.1,5.353846153846154,5.307692307692307,19.69230769230769,3.461538461538462,7.920157580639906,0.4067500038918525,0.01417266589951942,No,No,Normal,Safe,Stable
45440.41666666666,May,262.2953846153846,92.9045054945055,1,26.87087912087912,7.011428571428571,7.886813186813186,3.355714285714286,5.318681318681318,5.318681318681318,0,5,29.1,33.9,24.1,5.332197802197802,5.318681318681318,19.39560439560439,3.406593406593407,7.917505717061846,0.4073864944203345,0.01360194803979339,Yes,No,Normal,Safe,Stable
45440.45833333334,May,262.3038461538462,92.90362637362638,1,26.88021978021978,7.022857142857142,7.886703296703296,3.361428571428571,5.329670329670329,5.329670329670329,0,4,29.1,33.9,24.1,5.31054945054945,5.329670329670329,19.0989010989011,3.351648351648352,7.914853853483786,0.4080229849488164,0.01303123018006736,No,No,Normal,Safe,Stable
45440.5,May,262.3123076923077,92.90274725274726,1,26.88956043956044,7.034285714285714,7.886593406593406,3.367142857142857,5.34065934065934,5.34065934065934,0,5,29.1,33.9,24.1,5.288901098901099,5.34065934065934,18.8021978021978,3.296703296703297,7.912201989905725,0.4086594754772984,0.01246051232034133,Yes,Yes,Normal,Safe,Stable
45440.54166666666,May,262.3207692307693,92.90186813186813,1,26.8989010989011,7.045714285714285,7.886483516483517,3.372857142857143,5.351648351648351,5.351648351648351,0,4,29.1,33.9,24.1,5.267252747252748,5.351648351648351,18.5054945054945,3.241758241758242,7.909550126327664,0.4092959660057803,0.01188979446061529,No,No,Normal,Safe,Stable
45440.58333333334,May,262.3292307692308,92.90098901098901,1,26.90824175824176,7.057142857142857,7.886373626373626,3.378571428571429,5.362637362637363,5.362637362637363,0,5,29.1,33.9,24.1,5.245604395604396,5.362637362637363,18.20879120879121,3.186813186813187,7.906898262749603,0.4099324565342622,0.01131907660088926,Yes,No,Normal,Safe,Stable
45440.625,May,262.3376923076923,92.90010989010989,1,26.91758241758242,7.068571428571429,7.886263736263736,3.384285714285714,5.373626373626374,5.373626373626374,0,6,29.1,33.9,24.1,5.223956043956044,5.373626373626374,17.91208791208791,3.131868131868132,7.904246399171543,0.4105689470627442,0.01074835874116323,No,No,Normal,Safe,Stable
45440.66666666666,May,262.3461538461539,92.89923076923077,1,26.92692307692308,7.08,7.886153846153846,3.39,5.384615384615385,5.384615384615385,0,1,29.1,33.9,24.1,5.202307692307692,5.384615384615385,17.61538461538461,3.076923076923077,7.901594535593483,0.4112054375912262,0.0101776408814372,Yes,No,Normal,Safe,Stable
45440.70833333334,May,262.3546153846154,92.89835164835165,1,26.93626373626374,7.091428571428571,7.886043956043956,3.395714285714285,5.395604395604396,5.395604395604396,0,4,29.1,33.9,24.1,5.180659340659341,5.395604395604396,17.31868131868132,3.021978021978022,7.898942672015422,0.4118419281197081,0.009606923021711167,No,No,Normal,Safe,Stable
45440.75,May,262.3630769230769,92.89747252747253,1,26.94560439560439,7.102857142857142,7.885934065934066,3.401428571428571,5.406593406593407,5.406593406593407,0,6,29.1,33.9,24.1,5.159010989010989,5.406593406593407,17.02197802197802,2.967032967032967,7.896290808437361,0.4124784186481901,0.009036205161985136,Yes,Yes,Normal,Safe,Stable
45440.79166666666,May,262.3715384615385,92.89659340659341,1,26.95494505494506,7.114285714285714,7.885824175824175,3.407142857142857,5.417582417582418,5.417582417582418,0,6,29.1,33.9,24.1,5.137362637362638,5.417582417582418,16.72527472527472,2.912087912087912,7.8936389448593,0.413114909176672,0.008465487302259104,No,No,Normal,Safe,Stable
45440.83333333334,May,262.38,92.89571428571429,1,26.96428571428572,7.125714285714285,7.885714285714285,3.412857142857143,5.428571428571429,5.428571428571429,0,1,29.1,33.9,24.1,5.115714285714286,5.428571428571429,16.42857142857143,2.857142857142857,7.890987081281239,0.413751399705154,0.007894769442533072,Yes,No,Normal,Safe,Stable
45440.875,May,262.3884615384616,92.89483516483517,1,26.97362637362637,7.137142857142857,7.885604395604395,3.418571428571429,5.43956043956044,5.43956043956044,0,4,29.1,33.9,24.1,5.094065934065934,5.43956043956044,16.13186813186813,2.802197802197802,7.888335217703179,0.4143878902336359,0.00732405158280704,No,No,Normal,Safe,Stable
45440.91666666666,May,262.3969230769231,92.89395604395604,1,26.98296703296703,7.148571428571429,7.885494505494505,3.424285714285714,5.450549450549451,5.450549450549451,0,5,29.1,33.9,24.1,5.072417582417582,5.450549450549451,15.83516483516484,2.747252747252747,7.885683354125119,0.4150243807621179,0.006753333723081005,Yes,No,Normal,Safe,Stable
45440.95833333334,May,262.4053846153846,92.89307692307692,1,26.99230769230769,7.16,7.885384615384615,3.43,5.461538461538462,5.461538461538462,0,5,29.1,33.9,24.1,5.050769230769231,5.461538461538462,15.53846153846154,2.692307692307693,7.883031490547058,0.4156608712905998,0.006182615863354973,No,No,Normal,Safe,Stable
45441,May,262.4138461538462,92.8921978021978,1,27.00164835164835,7.171428571428571,7.885274725274725,3.435714285714285,5.472527472527473,5.472527472527473,0,2,29.1,33.9,24.1,5.029120879120879,5.472527472527473,15.24175824175824,2.637362637362637,7.880379626968997,0.4162973618190818,0.005611898003628941,Yes,Yes,Normal,Safe,Stable
45441.04166666666,May,262.4223076923077,92.89131868131868,1,27.01098901098901,7.182857142857142,7.885164835164835,3.441428571428571,5.483516483516484,5.483516483516484,0,4,29.1,33.9,24.1,5.007472527472528,5.483516483516484,14.94505494505495,2.582417582417583,7.877727763390936,0.4169338523475637,0.00504118014390291,No,No,Normal,Safe,Stable
45441.08333333334,May,262.4307692307692,92.89043956043956,1,27.02032967032967,7.194285714285714,7.885054945054945,3.447142857142857,5.494505494505495,5.494505494505495,0,6,29.1,33.9,24.1,4.985824175824176,5.494505494505495,14.64835164835165,2.527472527472527,7.875075899812876,0.4175703428760457,0.004470462284176878,Yes,No,Normal,Safe,Stable
45441.125,May,262.4392307692308,92.88956043956044,1,27.02967032967033,7.205714285714286,7.884945054945055,3.452857142857143,5.505494505494505,5.505494505494505,1,5,29.1,33.9,24.1,4.964175824175824,5.505494505494505,14.35164835164835,2.472527472527473,7.872424036234816,0.4182068334045276,0.003899744424450846,No,No,Normal,Safe,Stable
45441.16666666666,May,262.4476923076923,92.88868131868132,1,27.03901098901099,7.217142857142857,7.884835164835165,3.458571428571429,5.516483516483516,5.516483516483516,0,5,29.1,33.9,24.1,4.942527472527472,5.516483516483516,14.05494505494505,2.417582417582417,7.869772172656755,0.4188433239330096,0.003329026564724814,Yes,No,Normal,Safe,Stable
45441.20833333334,May,262.4561538461538,92.8878021978022,1,27.04835164835165,7.228571428571429,7.884725274725275,3.464285714285714,5.527472527472527,5.527472527472527,0,1,29.1,33.9,24.1,4.920879120879121,5.527472527472527,13.75824175824176,2.362637362637363,7.867120309078694,0.4194798144614915,0.002758308704998783,No,No,Normal,Safe,Stable
45441.25,May,262.4646153846154,92.88692307692308,1,27.05769230769231,7.24,7.884615384615384,3.47,5.538461538461538,5.538461538461538,0,5,29.1,33.9,24.1,4.899230769230769,5.538461538461538,13.46153846153846,2.307692307692308,7.864468445500633,0.4201163049899735,0.002187590845272751,Yes,Yes,Normal,Safe,Stable
45441.29166666666,May,262.4730769230769,92.88604395604396,1,27.06703296703297,7.251428571428571,7.884505494505494,3.475714285714286,5.549450549450549,5.549450549450549,0,4,29.1,33.9,24.1,4.877582417582418,5.549450549450549,13.16483516483516,2.252747252747253,7.861816581922572,0.4207527955184554,0.001616872985546719,No,No,Normal,Safe,Stable
45441.33333333334,May,262.4815384615384,92.88516483516483,1,27.07637362637363,7.262857142857142,7.884395604395604,3.481428571428571,5.56043956043956,5.56043956043956,0,2,29.1,33.9,24.1,4.855934065934066,5.56043956043956,12.86813186813187,2.197802197802198,7.859164718344513,0.4213892860469374,0.001046155125820687,Yes,No,Normal,Safe,Stable
45441.375,May,262.49,92.88428571428571,1,27.08571428571429,7.274285714285714,7.884285714285714,3.487142857142857,5.571428571428571,5.571428571428571,0,2,29.1,33.9,24.1,4.834285714285715,5.571428571428571,12.57142857142857,2.142857142857143,7.856512854766452,0.4220257765754193,0.0004754372660946554,No,No,Normal,Safe,Stable
45441.41666666666,May,262.4984615384615,92.88340659340659,1,27.09505494505494,7.285714285714286,7.884175824175824,3.492857142857143,5.582417582417582,5.582417582417582,0,5,29.1,33.9,24.1,4.812637362637362,5.582417582417582,12.27472527472528,2.087912087912088,7.853860991188391,0.4226622671039013,-9.528059363137636E-05,Yes,No,Normal,Safe,Stable
45441.45833333334,May,262.5069230769231,92.88252747252747,1,27.10439560439561,7.297142857142857,7.884065934065934,3.498571428571429,5.593406593406593,5.593406593406593,0,4,29.1,33.9,24.1,4.790989010989011,5.593406593406593,11.97802197802198,2.032967032967033,7.85120912761033,0.4232987576323832,-0.0006659984533574081,No,No,Normal,Safe,Stable
45441.5,May,262.5153846153846,92.88164835164835,1,27.11373626373626,7.308571428571428,7.883956043956044,3.504285714285714,5.604395604395604,5.604395604395604,0,1,29.1,33.9,24.1,4.769340659340659,5.604395604395604,11.68131868131868,1.978021978021978,7.848557264032269,0.4239352481608652,-0.001236716313083443,Yes,Yes,Normal,Safe,Stable
45441.54166666666,May,262.5238461538461,92.88076923076923,1,27.12307692307692,7.319999999999999,7.883846153846154,3.51,5.615384615384615,5.615384615384615,1,2,29.1,33.9,24.1,4.747692307692308,5.615384615384615,11.38461538461538,1.923076923076923,7.845905400454209,0.4245717386893471,-0.001807434172809475,No,No,Normal,Safe,Stable
45441.58333333334,May,262.5323076923077,92.87989010989011,1,27.13241758241758,7.331428571428571,7.883736263736264,3.515714285714286,5.626373626373626,5.626373626373626,0,1,29.1,33.9,24.1,4.726043956043956,5.626373626373626,11.08791208791209,1.868131868131868,7.843253536876149,0.4252082292178291,-0.002378152032535507,Yes,No,Normal,Safe,Stable
45441.625,May,262.5407692307692,92.87901098901099,1,27.14175824175824,7.342857142857143,7.883626373626374,3.521428571428571,5.637362637362638,5.637362637362638,0,2,29.1,33.9,24.1,4.704395604395605,5.637362637362638,10.79120879120879,1.813186813186813,7.840601673298088,0.4258447197463111,-0.002948869892261539,No,No,Normal,Safe,Stable
45441.66666666666,May,262.5492307692307,92.87813186813187,1,27.1510989010989,7.354285714285714,7.883516483516483,3.527142857142857,5.648351648351649,5.648351648351649,1,4,29.1,33.9,24.1,4.682747252747253,5.648351648351649,10.49450549450549,1.758241758241758,7.837949809720027,0.426481210274793,-0.003519587751987571,Yes,No,Normal,Safe,Stable
45441.70833333334,May,262.5576923076923,92.87725274725274,1,27.16043956043956,7.365714285714286,7.883406593406593,3.532857142857143,5.65934065934066,5.65934065934066,0,5,29.1,33.9,24.1,4.661098901098901,5.65934065934066,10.1978021978022,1.703296703296703,7.835297946141966,0.4271177008032749,-0.004090305611713602,No,No,Normal,Safe,Stable
45441.75,May,262.5661538461538,92.87637362637362,1,27.16978021978022,7.377142857142857,7.883296703296703,3.538571428571429,5.670329670329671,5.670329670329671,0,5,29.1,33.9,24.1,4.639450549450549,5.670329670329671,9.901098901098901,1.648351648351648,7.832646082563905,0.4277541913317569,-0.004661023471439634,Yes,Yes,Normal,Safe,Stable
45441.79166666666,May,262.5746153846154,92.8754945054945,1,27.17912087912088,7.388571428571428,7.883186813186813,3.544285714285714,5.681318681318682,5.681318681318682,0,4,29.1,33.9,24.1,4.617802197802198,5.681318681318682,9.604395604395606,1.593406593406594,7.829994218985846,0.4283906818602388,-0.005231741331165666,No,No,Normal,Safe,Stable
45441.83333333334,May,262.5830769230769,92.87461538461538,1,27.18846153846154,7.399999999999999,7.883076923076923,3.55,5.692307692307693,5.692307692307693,0,2,29.1,33.9,24.1,4.596153846153847,5.692307692307693,9.307692307692307,1.538461538461538,7.827342355407785,0.4290271723887208,-0.005802459190891698,Yes,No,Normal,Safe,Stable
45441.875,May,262.5915384615384,92.87373626373626,1,27.1978021978022,7.411428571428571,7.882967032967032,3.555714285714286,5.703296703296703,5.703296703296703,0,2,29.1,33.9,24.1,4.574505494505495,5.703296703296703,9.010989010989011,1.483516483516484,7.824690491829724,0.4296636629172027,-0.006373177050617729,No,No,Normal,Safe,Stable
45441.91666666666,May,262.6,92.87285714285714,1,27.20714285714286,7.422857142857143,7.882857142857143,3.561428571428571,5.714285714285714,5.714285714285714,0,2,29.1,33.9,24.1,4.552857142857142,5.714285714285714,8.714285714285715,1.428571428571429,7.822038628251663,0.4303001534456847,-0.006943894910343761,Yes,No,Normal,Safe,Stable
45441.95833333334,May,262.6084615384615,92.87197802197802,1,27.21648351648352,7.434285714285714,7.882747252747253,3.567142857142857,5.725274725274725,5.725274725274725,0,4,29.1,33.9,24.1,4.531208791208791,5.725274725274725,8.417582417582416,1.373626373626374,7.819386764673602,0.4309366439741666,-0.007514612770069793,No,No,Normal,Safe,Stable
45442,May,262.6169230769231,92.8710989010989,1,27.22582417582418,7.445714285714286,7.882637362637363,3.572857142857143,5.736263736263736,5.736263736263736,0,5,29.1,33.9,24.1,4.50956043956044,5.736263736263736,8.12087912087912,1.318681318681319,7.816734901095542,0.4315731345026486,-0.008085330629795825,Yes,Yes,Normal,Safe,Stable
45442.04166666666,May,262.6253846153846,92.87021978021978,1,27.23516483516483,7.457142857142857,7.882527472527473,3.578571428571428,5.747252747252747,5.747252747252747,1,4,29.1,33.9,24.1,4.487912087912088,5.747252747252747,7.824175824175825,1.263736263736264,7.814083037517482,0.4322096250311305,-0.008656048489521857,No,No,Normal,Safe,Stable
45442.08333333334,May,262.6338461538462,92.86934065934065,1,27.24450549450549,7.468571428571428,7.882417582417582,3.584285714285714,5.758241758241758,5.758241758241758,1,2,29.1,33.9,24.1,4.466263736263736,5.758241758241758,7.527472527472529,1.208791208791209,7.811431173939421,0.4328461155596125,-0.009226766349247888,Yes,No,Normal,Safe,Stable
45442.125,May,262.6423076923077,92.86846153846153,1,27.25384615384615,7.48,7.882307692307692,3.59,5.769230769230769,5.769230769230769,0,2,29.1,33.9,24.1,4.444615384615385,5.769230769230769,7.23076923076923,1.153846153846154,7.80877931036136,0.4334826060880944,-0.00979748420897392,No,No,Normal,Safe,Stable
45442.16666666666,May,262.6507692307692,92.86758241758241,1,27.26318681318681,7.491428571428571,7.882197802197802,3.595714285714286,5.78021978021978,5.78021978021978,1,5,29.1,33.9,24.1,4.422967032967033,5.78021978021978,6.934065934065934,1.098901098901099,7.806127446783299,0.4341190966165764,-0.01036820206869995,Yes,No,Normal,Safe,Stable
45442.20833333334,May,262.6592307692308,92.86670329670329,1,27.27252747252747,7.502857142857143,7.882087912087912,3.601428571428571,5.791208791208791,5.791208791208791,0,2,29.1,33.9,24.1,4.401318681318681,5.791208791208791,6.637362637362639,1.043956043956044,7.803475583205238,0.4347555871450584,-0.01093891992842598,No,No,Normal,Safe,Stable
45442.25,May,262.6676923076923,92.86582417582417,1,27.28186813186813,7.514285714285714,7.881978021978022,3.607142857142857,5.802197802197802,5.802197802197802,0,4,29.1,33.9,24.1,4.37967032967033,5.802197802197802,6.340659340659339,0.9890109890109891,7.800823719627179,0.4353920776735403,-0.01150963778815202,Yes,Yes,Normal,Safe,Stable
45442.29166666666,May,262.6761538461539,92.86494505494505,1,27.29120879120879,7.525714285714286,7.881868131868131,3.612857142857143,5.813186813186813,5.813186813186813,0,4,29.1,33.9,24.1,4.358021978021978,5.813186813186813,6.043956043956044,0.9340659340659343,7.798171856049118,0.4360285682020222,-0.01208035564787805,No,No,Normal,Safe,Stable
45442.33333333334,May,262.6846153846154,92.86406593406593,1,27.30054945054945,7.537142857142856,7.881758241758241,3.618571428571428,5.824175824175824,5.824175824175824,0,5,29.1,33.9,24.1,4.336373626373627,5.824175824175824,5.747252747252748,0.8791208791208796,7.795519992471057,0.4366650587305042,-0.01265107350760408,Yes,No,Normal,Safe,Stable
45442.375,May,262.6930769230769,92.86318681318681,1,27.30989010989011,7.548571428571428,7.881648351648352,3.624285714285714,5.835164835164835,5.835164835164835,0,2,29.1,33.9,24.1,4.314725274725275,5.835164835164835,5.450549450549449,0.8241758241758239,7.792868128892996,0.4373015492589861,-0.01322179136733011,No,No,Normal,Safe,Stable
45442.41666666666,May,262.7015384615385,92.8623076923077,1,27.31923076923077,7.56,7.881538461538462,3.63,5.846153846153847,5.846153846153847,0,4,29.1,33.9,24.1,4.293076923076923,5.846153846153847,5.153846153846153,0.7692307692307692,7.790216265314935,0.4379380397874681,-0.01379250922705614,Yes,No,Normal,Safe,Stable
45442.45833333334,May,262.71,92.86142857142856,1,27.32857142857143,7.571428571428571,7.881428571428572,3.635714285714286,5.857142857142858,5.857142857142858,1,5,29.1,33.9,24.1,4.271428571428571,5.857142857142858,4.857142857142858,0.7142857142857144,7.787564401736875,0.4385745303159501,-0.01436322708678217,No,No,Normal,Safe,Stable
45442.5,May,262.7184615384616,92.86054945054944,1,27.33791208791209,7.582857142857143,7.881318681318681,3.641428571428571,5.868131868131869,5.868131868131869,1,4,29.1,33.9,24.1,4.24978021978022,5.868131868131869,4.560439560439562,0.6593406593406597,7.784912538158815,0.439211020844432,-0.01493394494650821,Yes,Yes,Normal,Safe,Stable
45442.54166666666,May,262.7269230769231,92.85967032967032,1,27.34725274725275,7.594285714285714,7.881208791208791,3.647142857142857,5.87912087912088,5.87912087912088,1,5,29.1,33.9,24.1,4.228131868131868,5.87912087912088,4.263736263736263,0.604395604395604,7.782260674580754,0.4398475113729139,-0.01550466280623424,No,No,Normal,Safe,Stable
45442.58333333334,May,262.7353846153846,92.8587912087912,1,27.3565934065934,7.605714285714285,7.881098901098901,3.652857142857143,5.890109890109891,5.890109890109891,0,5,29.1,33.9,24.1,4.206483516483517,5.890109890109891,3.967032967032967,0.5494505494505493,7.779608811002693,0.4404840019013959,-0.01607538066596028,Yes,No,Normal,Safe,Stable
45442.625,May,262.7438461538462,92.85791208791208,1,27.36593406593407,7.617142857142857,7.880989010989011,3.658571428571428,5.901098901098901,5.901098901098901,0,6,29.1,33.9,24.1,4.184835164835165,5.901098901098901,3.670329670329672,0.4945054945054945,7.776956947424632,0.4411204924298778,-0.01664609852568631,No,No,Normal,Safe,Stable
45442.66666666666,May,262.7523076923077,92.85703296703296,1,27.37527472527472,7.628571428571428,7.880879120879121,3.664285714285714,5.912087912087912,5.912087912087912,1,4,29.1,33.9,24.1,4.163186813186813,5.912087912087912,3.373626373626372,0.4395604395604398,7.774305083846572,0.4417569829583598,-0.01721681638541234,Yes,No,Normal,Safe,Stable
45442.70833333334,May,262.7607692307692,92.85615384615384,1,27.38461538461538,7.64,7.88076923076923,3.67,5.923076923076923,5.923076923076923,0,1,29.1,33.9,24.1,4.141538461538461,5.923076923076923,3.076923076923077,0.384615384615385,7.771653220268512,0.4423934734868418,-0.01778753424513837,No,No,Normal,Safe,Stable
45442.75,May,262.7692307692308,92.85527472527473,1,27.39395604395605,7.651428571428571,7.88065934065934,3.675714285714286,5.934065934065934,5.934065934065934,0,5,29.1,33.9,24.1,4.11989010989011,5.934065934065934,2.780219780219781,0.3296703296703294,7.769001356690451,0.4430299640153237,-0.0183582521048644,Yes,Yes,Normal,Safe,Stable
45442.79166666666,May,262.7776923076923,92.85439560439561,1,27.4032967032967,7.662857142857143,7.88054945054945,3.681428571428571,5.945054945054945,5.945054945054945,0,5,29.1,33.9,24.1,4.098241758241758,5.945054945054945,2.483516483516482,0.2747252747252746,7.76634949311239,0.4436664545438057,-0.01892896996459044,No,No,Normal,Safe,Stable
45442.83333333334,May,262.7861538461539,92.85351648351647,1,27.41263736263736,7.674285714285714,7.880439560439561,3.687142857142857,5.956043956043956,5.956043956043956,0,4,29.1,33.9,24.1,4.076593406593407,5.956043956043956,2.186813186813186,0.2197802197802199,7.763697629534329,0.4443029450722876,-0.01949968782431647,Yes,No,Normal,Safe,Stable
45442.875,May,262.7946153846154,92.85263736263735,1,27.42197802197802,7.685714285714285,7.880329670329671,3.692857142857143,5.967032967032967,5.967032967032967,0,4,29.1,33.9,24.1,4.054945054945055,5.967032967032967,1.890109890109891,0.1648351648351651,7.761045765956268,0.4449394356007695,-0.0200704056840425,No,No,Normal,Safe,Stable
45442.91666666666,May,262.8030769230769,92.85175824175823,1,27.43131868131868,7.697142857142857,7.88021978021978,3.698571428571428,5.978021978021978,5.978021978021978,1,5,29.1,33.9,24.1,4.033296703296704,5.978021978021978,1.593406593406595,0.1098901098901104,7.758393902378208,0.4455759261292515,-0.02064112354376853,Yes,No,Normal,Safe,Stable
45442.95833333334,May,262.8115384615385,92.85087912087911,1,27.44065934065934,7.708571428571428,7.88010989010989,3.704285714285714,5.989010989010989,5.989010989010989,0,2,29.1,33.9,24.1,4.011648351648352,5.989010989010989,1.296703296703296,0.05494505494505475,7.755742038800148,0.4462124166577334,-0.02121184140349456,No,No,Normal,Safe,Stable
45443,June,262.82,92.84999999999999,1,27.45,7.72,7.88,3.71,6,6,0,4,29.1,33.9,24.1,3.99,6,1,0,7.753090175222087,0.4468489071862154,-0.02178255926322059,Yes,Yes,Normal,Safe,Stable
45443.04166666666,June,262.82,92.84999999999999,1,27.45,7.72,7.88,3.71,6,6,1,5,29.1,33.9,24.1,3.99,6,1,1,7.914567335854313,0.3458019016513217,0.1459136121573247,No,No,Normal,Safe,Stable
45443.08333333334,June,262.82,92.84999999999999,1,27.45,7.72,7.88,3.71,6,6,1,2,29.1,33.9,24.1,3.99,6,1,2,8.424293554228909,0.3242909943603901,0.4293005243830337,Yes,No,Normal,Safe,Stable
45443.125,June,262.82,92.84999999999999,1,27.45,7.72,7.88,3.71,6,6,0,2,29.1,33.9,24.1,3.99,6,1,3,7.991850633395349,0.5682622605260846,0.01949834566358219,No,No,Normal,Safe,Stable
45443.16666666666,June,262.82,92.84999999999999,1,27.45,7.72,7.88,3.71,6,6,0,1,29.1,33.9,24.1,3.99,6,1,4,8.016499890832328,0.2870518511987851,0.8762564482119174,Yes,No,Normal,Safe,Stable
45443.20833333334,June,262.82,92.84999999999999,1,27.45,7.72,7.88,3.71,6,6,0,2,29.1,33.9,24.1,3.99,6,1,5,8.038394205851015,0.9669251705062573,0.02202530507129058,No,No,Normal,Safe,Stable
45443.25,June,262.82,92.84999999999999,1,27.45,7.72,7.88,3.71,6,6,0,2,29.1,33.9,24.1,3.99,6,1.052631578947368,4.736842105263158,8.052824462429507,0.9379800614203498,0.02153301937362186,Yes,Yes,Normal,Safe,Stable
45443.29166666666,June,262.82,92.84999999999999,1,27.45,7.72,7.88,3.71,6,6,0,5,29.1,33.9,24.1,3.99,6,1.105263157894737,4.473684210526316,8.067254719007998,0.9090349523344424,0.02104073367595315,No,No,Normal,Safe,Stable
45443.33333333334,June,262.82,92.84999999999999,1,27.45,7.72,7.88,3.71,6,6,0,2,29.1,33.9,24.1,3.99,6,1.157894736842105,4.210526315789473,8.081684975586491,0.8800898432485351,0.02054844797828443,Yes,No,Normal,Safe,Stable
45443.375,June,262.82,92.84999999999999,1,27.45,7.72,7.88,3.71,6,6,0,2,29.1,33.9,24.1,3.99,6,1.210526315789474,3.947368421052632,8.096115232164983,0.8511447341626277,0.02005616228061571,No,No,Normal,Safe,Stable
45443.41666666666,June,262.82,92.84999999999999,1,27.45,7.72,7.88,3.71,6,6,0,5,29.1,33.9,24.1,3.99,6,1.263157894736842,3.684210526315789,8.110545488743474,0.8221996250767203,0.019563876582947,Yes,No,Normal,Safe,Stable
45443.45833333334,June,262.82,92.84999999999999,1,27.45,7.72,7.88,3.71,6,6,0,2,29.1,33.9,24.1,3.99,6,1.315789473684211,3.421052631578947,8.124975745321967,0.7932545159908129,0.01907159088527828,No,No,Normal,Safe,Stable
45443.5,June,262.82,92.84999999999999,1,27.45,7.72,7.88,3.71,6,6,0,4,29.1,33.9,24.1,3.99,6,1.368421052631579,3.157894736842105,8.139406001900458,0.7643094069049055,0.01857930518760956,Yes,Yes,Normal,Safe,Stable
45443.54166666666,June,262.82,92.84999999999999,1,27.45,7.72,7.88,3.71,6,6,0,4,29.1,33.9,24.1,3.99,6,1.421052631578947,2.894736842105263,8.15383625847895,0.7353642978189981,0.01808701948994085,No,No,Normal,Safe,Stable
45443.58333333334,June,262.82,92.84999999999999,1,27.45,7.72,7.88,3.71,6,6,0,5,29.1,33.9,24.1,3.99,6,1.473684210526316,2.631578947368421,8.168266515057443,0.7064191887330907,0.01759473379227213,Yes,No,Normal,Safe,Stable
45443.625,June,262.82,92.84999999999999,1,27.45,7.72,7.88,3.71,6,6,0,5,29.1,33.9,24.1,3.99,6,1.526315789473684,2.368421052631579,8.182696771635934,0.6774740796471833,0.01710244809460341,No,No,Normal,Safe,Stable
45443.66666666666,June,262.82,92.84999999999999,1,27.45,7.72,7.88,3.71,6,6,1,5,29.1,33.9,24.1,3.99,6,1.578947368421053,2.105263157894737,8.197127028214426,0.648528970561276,0.0166101623969347,Yes,No,Normal,Safe,Stable
45443.70833333334,June,262.82,92.84999999999999,1,27.45,7.72,7.88,3.71,6,6,0,4,29.1,33.9,24.1,3.99,6,1.631578947368421,1.842105263157895,8.211557284792919,0.6195838614753686,0.01611787669926599,No,No,Normal,Safe,Stable
45443.75,June,262.82,92.84999999999999,1,27.45,7.72,7.88,3.71,6,6,0,1,29.1,33.9,24.1,3.99,6,1.684210526315789,1.578947368421053,8.22598754137141,0.5906387523894612,0.01562559100159727,Yes,Yes,Normal,Safe,Stable
45443.79166666666,June,262.82,92.84999999999999,1,27.45,7.72,7.88,3.71,6,6,0,4,29.1,33.9,24.1,3.99,6,1.736842105263158,1.315789473684211,8.240417797949902,0.5616936433035538,0.01513330530392855,No,No,Normal,Safe,Stable
45443.83333333334,June,262.82,92.84999999999999,1,27.45,7.72,7.88,3.71,6,6,0,5,29.1,33.9,24.1,3.99,6,1.789473684210526,1.052631578947369,8.254848054528393,0.5327485342176463,0.01464101960625984,Yes,No,Normal,Safe,Stable
45443.875,June,262.82,92.84999999999999,1,27.45,7.72,7.88,3.71,6,6,0,4,29.1,33.9,24.1,3.99,6,1.842105263157895,0.7894736842105265,8.269278311106886,0.5038034251317389,0.01414873390859112,No,No,Normal,Safe,Stable
45443.91666666666,June,262.82,92.84999999999999,1,27.45,7.72,7.88,3.71,6,6,1,6,29.1,33.9,24.1,3.99,6,1.894736842105263,0.5263157894736841,8.283708567685379,0.4748583160458316,0.0136564482109224,Yes,No,Normal,Safe,Stable
45443.95833333334,June,262.82,92.84999999999999,1,27.45,7.72,7.88,3.71,6,6,0,5,29.1,33.9,24.1,3.99,6,1.947368421052631,0.2631578947368425,8.298138824263869,0.4459132069599242,0.01316416251325369,No,No,Normal,Safe,Stable
45444,June,262.82,92.84999999999999,1,27.45,7.72,7.88,3.71,6,6,0,5,29.1,33.9,24.1,3.99,6,2,0,8.312569080842362,0.4169680978740168,0.01267187681558497,Yes,Yes,Normal,Safe,Stable
45444.04166666666,June,262.82,92.84999999999999,1,27.45,7.72,7.88,3.71,6,6,0,5,29.1,33.9,24.1,3.99,6,2,1,7.961158731955274,0.3241464314038507,0.1524812844171268,No,No,Normal,Safe,Stable
45444.08333333334,June,262.82,92.84999999999999,1,27.45,7.72,7.88,3.71,6,6,0,1,29.1,33.9,24.1,3.99,6,2,2,8.302178958085168,0.9693272445091066,0.01734848335322685,Yes,No,Normal,Safe,Stable
45444.125,June,262.82,92.84999999999999,1,27.45,7.72,7.88,3.71,6,6,0,4,29.1,33.9,24.1,3.99,6,2,3,8.05856784725597,0.9627495501882282,-0.002273417835667532,No,No,Normal,Safe,Stable
45444.16666666666,June,262.82,92.84999999999999,1,27.45,7.72,7.88,3.71,6,6,1,5,29.1,33.9,24.1,3.99,6,2,4,8.469669542564532,0.2588646848572423,0.9872969277512429,Yes,No,Normal,Safe,Stable
45444.20833333334,June,262.82,92.84999999999999,1,27.45,7.72,7.88,3.71,6,6,0,1,29.1,33.9,24.1,3.99,6,2,5,8.285294075185247,0.3900354290784204,0.02792965506092162,No,No,Normal,Safe,Stable
45444.25,June,262.82,92.84999999999999,1,27.45,7.72,7.88,3.71,6,6,0,5,29.1,33.9,24.1,3.99,6,2.052631578947369,4.736842105263158,8.276838461257373,0.3904363043133421,0.02724900138328643,Yes,Yes,Normal,Safe,Stable
45444.29166666666,June,262.82,92.84999999999999,1,27.45,7.72,7.88,3.71,6,6,0,2,29.1,33.9,24.1,3.99,6,2.105263157894737,4.473684210526316,8.2683828473295,0.3908371795482637,0.02656834770565124,No,No,Normal,Safe,Stable
45444.33333333334,June,262.82,92.84999999999999,1,27.45,7.72,7.88,3.71,6,6,0,2,29.1,33.9,24.1,3.99,6,2.157894736842105,4.210526315789473,8.259927233401626,0.3912380547831854,0.02588769402801605,Yes,No,Normal,Safe,Stable
45444.375,June,262.82,92.84999999999999,1,27.45,7.72,7.88,3.71,6,6,1,4,29.1,33.9,24.1,3.99,6,2.210526315789473,3.947368421052632,8.251471619473753,0.3916389300181071,0.02520704035038086,No,No,Normal,Safe,Stable
45444.41666666666,June,262.82,92.84999999999999,1,27.45,7.72,7.88,3.71,6,6,1,4,29.1,33.9,24.1,3.99,6,2.263157894736842,3.684210526315789,8.243016005545879,0.3920398052530287,0.02452638667274567,Yes,No,Normal,Safe,Stable
45444.45833333334,June,262.82,92.84999999999999,1,27.45,7.72,7.88,3.71,6,6,0,5,29.1,33.9,24.1,3.99,6,2.315789473684211,3.421052631578947,8.234560391618006,0.3924406804879504,0.02384573299511047,No,No,Normal,Safe,Stable
45444.5,June,262.82,92.84999999999999,1,27.45,7.72,7.88,3.71,6,6,0,4,29.1,33.9,24.1,3.99,6,2.368421052631579,3.157894736842105,8.226104777690132,0.392841555722872,0.02316507931747529,Yes,Yes,Normal,Safe,Stable
45444.54166666666,June,262.82,92.84999999999999,1,27.45,7.72,7.88,3.71,6,6,0,1,29.1,33.9,24.1,3.99,6,2.421052631578947,2.894736842105263,8.217649163762259,0.3932424309577937,0.0224844256398401,No,No,Normal,Safe,Stable
45444.58333333334,June,262.82,92.84999999999999,1,27.45,7.72,7.88,3.71,6,6,0,4,29.1,33.9,24.1,3.99,6,2.473684210526316,2.631578947368421,8.209193549834385,0.3936433061927154,0.02180377196220491,Yes,No,Normal,Safe,Stable
45444.625,June,262.82,92.84999999999999,1,27.45,7.72,7.88,3.71,6,6,0,2,29.1,33.9,24.1,3.99,6,2.526315789473684,2.368421052631579,8.20073793590651,0.394044181427637,0.02112311828456971,No,No,Normal,Safe,Stable
45444.66666666666,June,262.82,92.84999999999999,1,27.45,7.72,7.88,3.71,6,6,0,4,29.1,33.9,24.1,3.99,6,2.578947368421053,2.105263157894737,8.192282321978636,0.3944450566625586,0.02044246460693452,Yes,No,Normal,Safe,Stable
45444.70833333334,June,262.82,92.84999999999999,1,27.45,7.72,7.88,3.71,6,6,0,2,29.1,33.9,24.1,3.99,6,2.631578947368421,1.842105263157895,8.183826708050763,0.3948459318974803,0.01976181092929933,No,No,Normal,Safe,Stable
45444.75,June,262.82,92.84999999999999,1,27.45,7.72,7.88,3.71,6,6,1,2,29.1,33.9,24.1,3.99,6,2.684210526315789,1.578947368421053,8.175371094122889,0.395246807132402,0.01908115725166414,Yes,Yes,Normal,Safe,Stable
45444.79166666666,June,262.82,92.84999999999999,1,27.45,7.72,7.88,3.71,6,6,0,1,29.1,33.9,24.1,3.99,6,2.736842105263158,1.315789473684211,8.166915480195016,0.3956476823673236,0.01840050357402895,No,No,Normal,Safe,Stable
45444.83333333334,June,262.82,92.84999999999999,1,27.45,7.72,7.88,3.71,6,6,0,1,29.1,33.9,24.1,3.99,6,2.789473684210527,1.052631578947369,8.158459866267142,0.3960485576022453,0.01771984989639376,Yes,No,Normal,Safe,Stable
45444.875,June,262.82,92.84999999999999,1,27.45,7.72,7.88,3.71,6,6,0,4,29.1,33.9,24.1,3.99,6,2.842105263157895,0.7894736842105265,8.150004252339269,0.3964494328371669,0.01703919621875857,No,No,Normal,Safe,Stable
45444.91666666666,June,262.82,92.84999999999999,1,27.45,7.72,7.88,3.71,6,6,0,4,29.1,33.9,24.1,3.99,6,2.894736842105263,0.5263157894736841,8.141548638411395,0.3968503080720886,0.01635854254112338,Yes,No,Normal,Safe,Stable
45444.95833333334,June,262.82,92.84999999999999,1,27.45,7.72,7.88,3.71,6,6,0,4,29.1,33.9,24.1,3.99,6,2.947368421052631,0.2631578947368425,8.133093024483522,0.3972511833070103,0.01567788886348819,No,No,Normal,Safe,Stable
45445,June,262.82,92.84999999999999,1,27.45,7.72,7.88,3.71,6,6,0,5,29.1,33.9,24.1,3.99,6,3,0,8.124637410555648,0.3976520585419319,0.014997235185853,Yes,Yes,Normal,Safe,Stable
45445.04166666666,June,262.82,92.84999999999999,1,27.45,7.72,7.88,3.71,6,6,0,5,29.1,33.9,24.1,3.99,6,3,1,8.183473026992498,0.9742469391153995,0.01174714671839483,No,No,Normal,Safe,Stable
45445.08333333334,June,262.82,92.84999999999999,1,27.45,7.72,7.88,3.71,6,6,0,6,29.1,33.9,24.1,3.99,6,3,2,8.405959620410433,0.2666781032327201,0.4992836651866362,Yes,No,Normal,Safe,Stable
45445.125,June,262.82,92.84999999999999,1,27.45,7.72,7.88,3.71,6,6,0,5,29.1,33.9,24.1,3.99,6,3,3,8.124381000415827,0.2528970699317046,0.9604353803343977,No,No,Normal,Safe,Stable
45445.16666666666,June,262.82,92.84999999999999,1,27.45,7.72,7.88,3.71,6,6,1,1,29.1,33.9,24.1,3.99,6,3,4,8.459023665203969,0.3247383171539934,0.8673279308856335,Yes,No,Normal,Safe,Stable
45445.20833333334,June,262.82,92.84999999999999,1,27.45,7.72,7.88,3.71,6,6,0,1,29.1,33.9,24.1,3.99,6,3,5,8.149800565505195,0.3601099615397464,0.04765891025277999,No,No,Normal,Safe,Stable
45445.25,June,262.82,92.84999999999999,1,27.45,7.72,7.88,3.71,6,6,0,5,29.1,33.9,24.1,3.99,6,3.052631578947369,4.736842105263158,8.152533004118506,0.3625419686575519,0.04509769301186563,Yes,Yes,Normal,Safe,Stable
45445.29166666666,June,262.82,92.84999999999999,1,27.45,7.72,7.88,3.71,6,6,0,4,29.1,33.9,24.1,3.99,6,3.105263157894737,4.473684210526316,8.155265442731816,0.3649739757753574,0.04253647577095128,No,No,Normal,Safe,Stable
45445.33333333334,June,262.82,92.84999999999999,1,27.45,7.72,7.88,3.71,6,6,0,5,29.1,33.9,24.1,3.99,6,3.157894736842105,4.210526315789473,8.157997881345127,0.3674059828931628,0.03997525853003692,Yes,No,Normal,Safe,Stable
45445.375,June,262.82,92.84999999999999,1,27.45,7.72,7.88,3.71,6,6,0,1,29.1,33.9,24.1,3.99,6,3.210526315789473,3.947368421052632,8.160730319958438,0.3698379900109683,0.03741404128912257,No,No,Normal,Safe,Stable
45445.41666666666,June,262.82,92.84999999999999,1,27.45,7.72,7.88,3.71,6,6,0,4,29.1,33.9,24.1,3.99,6,3.263157894736842,3.684210526315789,8.163462758571747,0.3722699971287738,0.03485282404820821,Yes,No,Normal,Safe,Stable
45445.45833333334,June,262.82,92.84999999999999,1,27.45,7.72,7.88,3.71,6,6,0,5,29.1,33.9,24.1,3.99,6,3.315789473684211,3.421052631578947,8.166195197185058,0.3747020042465793,0.03229160680729385,No,No,Normal,Safe,Stable
45445.5,June,262.82,92.84999999999999,1,27.45,7.72,7.88,3.71,6,6,1,6,29.1,33.9,24.1,3.99,6,3.368421052631579,3.157894736842105,8.168927635798369,0.3771340113643848,0.02973038956637949,Yes,Yes,Normal,Safe,Stable
45445.54166666666,June,262.82,92.84999999999999,1,27.45,7.72,7.88,3.71,6,6,0,4,29.1,33.9,24.1,3.99,6,3.421052631578947,2.894736842105263,8.171660074411678,0.3795660184821903,0.02716917232546514,No,No,Normal,Safe,Stable
45445.58333333334,June,262.82,92.84999999999999,1,27.45,7.72,7.88,3.71,6,6,1,5,29.1,33.9,24.1,3.99,6,3.473684210526316,2.631578947368421,8.174392513024989,0.3819980255999958,0.02460795508455078,Yes,No,Normal,Safe,Stable
45445.625,June,262.82,92.84999999999999,1,27.45,7.72,7.88,3.71,6,6,0,4,29.1,33.9,24.1,3.99,6,3.526315789473684,2.368421052631579,8.1771249516383,0.3844300327178013,0.02204673784363643,No,No,Normal,Safe,Stable
45445.66666666666,June,262.82,92.84999999999999,1,27.45,7.72,7.88,3.71,6,6,1,4,29.1,33.9,24.1,3.99,6,3.578947368421053,2.105263157894737,8.179857390251611,0.3868620398356068,0.01948552060272207,Yes,No,Normal,Safe,Stable
45445.70833333334,June,262.82,92.84999999999999,1,27.45,7.72,7.88,3.71,6,6,0,2,29.1,33.9,24.1,3.99,6,3.631578947368421,1.842105263157895,8.18258982886492,0.3892940469534123,0.01692430336180771,No,No,Normal,Safe,Stable
45445.75,June,262.82,92.84999999999999,1,27.45,7.72,7.88,3.71,6,6,0,6,29.1,33.9,24.1,3.99,6,3.684210526315789,1.578947368421053,8.185322267478231,0.3917260540712177,0.01436308612089335,Yes,Yes,Normal,Safe,Stable
45445.79166666666,June,262.82,92.84999999999999,1,27.45,7.72,7.88,3.71,6,6,0,1,29.1,33.9,24.1,3.99,6,3.736842105263158,1.315789473684211,8.188054706091542,0.3941580611890232,0.011801868879979,No,No,Normal,Safe,Stable
45445.83333333334,June,262.82,92.84999999999999,1,27.45,7.72,7.88,3.71,6,6,0,6,29.1,33.9,24.1,3.99,6,3.789473684210527,1.052631578947369,8.190787144704851,0.3965900683068287,0.009240651639064644,Yes,No,Normal,Safe,Stable
45445.875,June,262.82,92.84999999999999,1,27.45,7.72,7.88,3.71,6,6,0,4,29.1,33.9,24.1,3.99,6,3.842105263157895,0.7894736842105265,8.193519583318162,0.3990220754246342,0.006679434398150288,No,No,Normal,Safe,Stable
45445.91666666666,June,262.82,92.84999999999999,1,27.45,7.72,7.88,3.71,6,6,0,5,29.1,33.9,24.1,3.99,6,3.894736842105263,0.5263157894736841,8.196252021931473,0.4014540825424397,0.004118217157235933,Yes,No,Normal,Safe,Stable
45445.95833333334,June,262.82,92.84999999999999,1,27.45,7.72,7.88,3.71,6,6,0,5,29.1,33.9,24.1,3.99,6,3.947368421052631,0.2631578947368425,8.198984460544782,0.4038860896602452,0.001556999916321578,No,No,Normal,Safe,Stable
45446,June,262.82,92.84999999999999,1,27.45,7.72,7.88,3.71,6,6,0,4,29.1,33.9,24.1,3.99,6,4,0,8.201716899158093,0.4063180967780507,-0.001004217324592778,Yes,Yes,Normal,Safe,Stable
45446.04166666666,June,262.82,92.84999999999999,1,27.45,7.72,7.88,3.71,6,6,0,4,29.1,33.9,24.1,3.99,6,4,1,8.350614663506779,0.3072081722092906,0.08682471919592366,No,No,Normal,Safe,Stable
45446.08333333334,June,262.82,92.84999999999999,1,27.45,7.72,7.88,3.71,6,6,0,2,29.1,33.9,24.1,3.99,6,4,2,7.993883438922048,0.9636604072256945,-0.02806656740673584,Yes,No,Normal,Safe,Stable
45446.125,June,262.82,92.84999999999999,1,27.45,7.72,7.88,3.71,6,6,1,1,29.1,33.9,24.1,3.99,6,4,3,8.410154839815338,0.2179674764782655,0.9639743606660137,No,No,Normal,Safe,Stable
45446.16666666666,June,262.82,92.84999999999999,1,27.45,7.72,7.88,3.71,6,6,0,1,29.1,33.9,24.1,3.99,6,4,4,7.988021013320957,0.9719014727576869,-0.0004811575406142479,Yes,No,Normal,Safe,Stable
45446.20833333334,June,262.82,92.84999999999999,1,27.45,7.72,7.88,3.71,6,6,0,4,29.1,33.9,24.1,3.99,6,4,5,8.081829848411282,0.382436884993337,-0.01532008111231209,No,No,Normal,Safe,Stable
45446.25,June,262.82,92.84999999999999,1,27.45,7.72,7.88,3.71,6,6,1,2,29.1,33.9,24.1,3.99,6,4.052631578947368,4.736842105263158,8.089478556971253,0.3825325420232704,-0.01304254197848409,Yes,Yes,Normal,Safe,Stable
45446.29166666666,June,262.82,92.84999999999999,1,27.45,7.72,7.88,3.71,6,6,0,1,29.1,33.9,24.1,3.99,6,4.105263157894737,4.473684210526316,8.097127265531222,0.3826281990532037,-0.0107650028446561,No,No,Normal,Safe,Stable
45446.33333333334,June,262.82,92.84999999999999,1,27.45,7.72,7.88,3.71,6,6,0,4,29.1,33.9,24.1,3.99,6,4.157894736842105,4.210526315789473,8.104775974091194,0.382723856083137,-0.008487463710828098,Yes,No,Normal,Safe,Stable
45446.375,June,262.82,92.84999999999999,1,27.45,7.72,7.88,3.71,6,6,0,2,29.1,33.9,24.1,3.99,6,4.210526315789473,3.947368421052632,8.112424682651163,0.3828195131130704,-0.006209924577000103,No,No,Normal,Safe,Stable
45446.41666666666,June,262.82,92.84999999999999,1,27.45,7.72,7.88,3.71,6,6,1,1,29.1,33.9,24.1,3.99,6,4.263157894736842,3.684210526315789,8.120073391211134,0.3829151701430037,-0.003932385443172107,Yes,No,Normal,Safe,Stable
45446.45833333334,June,262.82,92.84999999999999,1,27.45,7.72,7.88,3.71,6,6,0,5,29.1,33.9,24.1,3.99,6,4.315789473684211,3.421052631578947,8.127722099771104,0.3830108271729371,-0.001654846309344109,No,No,Normal,Safe,Stable
45446.5,June,262.82,92.84999999999999,1,27.45,7.72,7.88,3.71,6,6,0,2,29.1,33.9,24.1,3.99,6,4.368421052631579,3.157894736842105,8.135370808331075,0.3831064842028705,0.0006226928244838885,Yes,Yes,Normal,Safe,Stable
45446.54166666666,June,262.82,92.84999999999999,1,27.45,7.72,7.88,3.71,6,6,1,4,29.1,33.9,24.1,3.99,6,4.421052631578947,2.894736842105263,8.143019516891046,0.3832021412328038,0.002900231958311884,No,No,Normal,Safe,Stable
45446.58333333334,June,262.82,92.84999999999999,1,27.45,7.72,7.88,3.71,6,6,1,4,29.1,33.9,24.1,3.99,6,4.473684210526316,2.631578947368421,8.150668225451016,0.3832977982627371,0.00517777109213988,Yes,No,Normal,Safe,Stable
45446.625,June,262.82,92.84999999999999,1,27.45,7.72,7.88,3.71,6,6,1,4,29.1,33.9,24.1,3.99,6,4.526315789473684,2.368421052631579,8.158316934010987,0.3833934552926705,0.007455310225967876,No,No,Normal,Safe,Stable
45446.66666666666,June,262.82,92.84999999999999,1,27.45,7.72,7.88,3.71,6,6,0,1,29.1,33.9,24.1,3.99,6,4.578947368421053,2.105263157894737,8.165965642570956,0.3834891123226039,0.009732849359795875,Yes,No,Normal,Safe,Stable
45446.70833333334,June,262.82,92.84999999999999,1,27.45,7.72,7.88,3.71,6,6,0,6,29.1,33.9,24.1,3.99,6,4.631578947368421,1.842105263157895,8.173614351130928,0.3835847693525372,0.01201038849362387,No,No,Normal,Safe,Stable
45446.75,June,262.82,92.84999999999999,1,27.45,7.72,7.88,3.71,6,6,1,2,29.1,33.9,24.1,3.99,6,4.684210526315789,1.578947368421053,8.181263059690899,0.3836804263824705,0.01428792762745187,Yes,Yes,Normal,Safe,Stable
45446.79166666666,June,262.82,92.84999999999999,1,27.45,7.72,7.88,3.71,6,6,0,2,29.1,33.9,24.1,3.99,6,4.736842105263158,1.315789473684211,8.188911768250868,0.3837760834124039,0.01656546676127987,No,No,Normal,Safe,Stable
45446.83333333334,June,262.82,92.84999999999999,1,27.45,7.72,7.88,3.71,6,6,0,6,29.1,33.9,24.1,3.99,6,4.789473684210527,1.052631578947369,8.19656047681084,0.3838717404423372,0.01884300589510786,Yes,No,Normal,Safe,Stable
45446.875,June,262.82,92.84999999999999,1,27.45,7.72,7.88,3.71,6,6,0,2,29.1,33.9,24.1,3.99,6,4.842105263157895,0.7894736842105265,8.204209185370809,0.3839673974722706,0.02112054502893586,No,No,Normal,Safe,Stable
45446.91666666666,June,262.82,92.84999999999999,1,27.45,7.72,7.88,3.71,6,6,0,2,29.1,33.9,24.1,3.99,6,4.894736842105263,0.5263157894736841,8.21185789393078,0.3840630545022039,0.02339808416276386,Yes,No,Normal,Safe,Stable
45446.95833333334,June,262.82,92.84999999999999,1,27.45,7.72,7.88,3.71,6,6,0,2,29.1,33.9,24.1,3.99,6,4.947368421052632,0.2631578947368425,8.21950660249075,0.3841587115321373,0.02567562329659185,No,No,Normal,Safe,Stable
45447,June,262.82,92.84999999999999,1,27.45,7.72,7.88,3.71,6,6,1,2,29.1,33.9,24.1,3.99,6,5,0,8.227155311050721,0.3842543685620706,0.02795316243041985,Yes,Yes,Normal,Safe,Stable
45447.04166666666,June,262.82,92.84999999999999,1,27.45,7.72,7.88,3.71,6,6,0,1,29.1,33.9,24.1,3.99,6,5,1,8.077177446607983,0.3478368394843488,0.1454616622408888,No,No,Normal,Safe,Stable
45447.08333333334,June,262.82,92.84999999999999,1,27.45,7.72,7.88,3.71,6,6,0,4,29.1,33.9,24.1,3.99,6,5,2,7.727779290341798,0.9376709119881591,0.006692680179358451,Yes,No,Normal,Safe,Stable
45447.125,June,262.82,92.84999999999999,1,27.45,7.72,7.88,3.71,6,6,0,4,29.1,33.9,24.1,3.99,6,5,3,8.203890658989742,0.2175399950560661,0.9868208552886332,No,No,Normal,Safe,Stable
45447.16666666666,June,262.82,92.84999999999999,1,27.45,7.72,7.88,3.71,6,6,1,6,29.1,33.9,24.1,3.99,6,5,4,8.105480432513552,0.9727103014517737,-0.0003216242390783209,Yes,No,Normal,Safe,Stable
45447.20833333334,June,262.82,92.84999999999999,1,27.45,7.72,7.88,3.71,6,6,1,5,29.1,33.9,24.1,3.99,6,5,5,8.055682298498807,0.386052526009735,0.008375225043721011,No,No,Normal,Safe,Stable
45447.25,June,262.82,92.84999999999999,1,27.45,7.72,7.88,3.71,6,6,0,2,29.1,33.9,24.1,3.99,6,5.052631578947368,4.736842105263158,8.040797827573726,0.4170527054837149,0.007938860421498313,Yes,Yes,Normal,Safe,Stable
45447.29166666666,June,262.82,92.84999999999999,1,27.45,7.72,7.88,3.71,6,6,0,2,29.1,33.9,24.1,3.99,6,5.105263157894737,4.473684210526316,8.025913356648646,0.4480528849576948,0.007502495799275613,No,No,Normal,Safe,Stable
45447.33333333334,June,262.82,92.84999999999999,1,27.45,7.72,7.88,3.71,6,6,0,5,29.1,33.9,24.1,3.99,6,5.157894736842105,4.210526315789473,8.011028885723565,0.4790530644316747,0.007066131177052914,Yes,No,Normal,Safe,Stable
45447.375,June,262.82,92.84999999999999,1,27.45,7.72,7.88,3.71,6,6,0,4,29.1,33.9,24.1,3.99,6,5.210526315789473,3.947368421052632,7.996144414798485,0.5100532439056547,0.006629766554830215,No,No,Normal,Safe,Stable
45447.41666666666,June,262.82,92.84999999999999,1,27.45,7.72,7.88,3.71,6,6,1,1,29.1,33.9,24.1,3.99,6,5.263157894736842,3.684210526315789,7.981259943873404,0.5410534233796346,0.006193401932607516,Yes,No,Normal,Safe,Stable
45447.45833333334,June,262.82,92.84999999999999,1,27.45,7.72,7.88,3.71,6,6,0,6,29.1,33.9,24.1,3.99,6,5.315789473684211,3.421052631578947,7.966375472948323,0.5720536028536145,0.005757037310384816,No,No,Normal,Safe,Stable
45447.5,June,262.82,92.84999999999999,1,27.45,7.72,7.88,3.71,6,6,1,4,29.1,33.9,24.1,3.99,6,5.368421052631579,3.157894736842105,7.951491002023243,0.6030537823275943,0.005320672688162118,Yes,Yes,Normal,Safe,Stable
45447.54166666666,June,262.82,92.84999999999999,1,27.45,7.72,7.88,3.71,6,6,0,6,29.1,33.9,24.1,3.99,6,5.421052631578947,2.894736842105263,7.936606531098162,0.6340539618015743,0.004884308065939418,No,No,Normal,Safe,Stable
45447.58333333334,June,262.82,92.84999999999999,1,27.45,7.72,7.88,3.71,6,6,1,2,29.1,33.9,24.1,3.99,6,5.473684210526316,2.631578947368421,7.921722060173082,0.6650541412755542,0.004447943443716719,Yes,No,Normal,Safe,Stable
45447.625,June,262.82,92.84999999999999,1,27.45,7.72,7.88,3.71,6,6,0,4,29.1,33.9,24.1,3.99,6,5.526315789473684,2.368421052631579,7.906837589248,0.6960543207495341,0.00401157882149402,No,No,Normal,Safe,Stable
45447.66666666666,June,262.82,92.84999999999999,1,27.45,7.72,7.88,3.71,6,6,0,2,29.1,33.9,24.1,3.99,6,5.578947368421053,2.105263157894737,7.891953118322919,0.727054500223514,0.003575214199271321,Yes,No,Normal,Safe,Stable
45447.70833333334,June,262.82,92.84999999999999,1,27.45,7.72,7.88,3.71,6,6,0,2,29.1,33.9,24.1,3.99,6,5.631578947368421,1.842105263157895,7.877068647397839,0.7580546796974938,0.003138849577048622,No,No,Normal,Safe,Stable
45447.75,June,262.82,92.84999999999999,1,27.45,7.72,7.88,3.71,6,6,0,2,29.1,33.9,24.1,3.99,6,5.684210526315789,1.578947368421053,7.862184176472758,0.7890548591714739,0.002702484954825923,Yes,Yes,Normal,Safe,Stable
45447.79166666666,June,262.82,92.84999999999999,1,27.45,7.72,7.88,3.71,6,6,0,1,29.1,33.9,24.1,3.99,6,5.736842105263158,1.315789473684211,7.847299705547678,0.8200550386454537,0.002266120332603224,No,No,Normal,Safe,Stable
45447.83333333334,June,262.82,92.84999999999999,1,27.45,7.72,7.88,3.71,6,6,1,4,29.1,33.9,24.1,3.99,6,5.789473684210527,1.052631578947369,7.832415234622597,0.8510552181194336,0.001829755710380525,Yes,No,Normal,Safe,Stable
45447.875,June,262.82,92.84999999999999,1,27.45,7.72,7.88,3.71,6,6,0,5,29.1,33.9,24.1,3.99,6,5.842105263157895,0.7894736842105265,7.817530763697516,0.8820553975934136,0.001393391088157826,No,No,Normal,Safe,Stable
45447.91666666666,June,262.82,92.84999999999999,1,27.45,7.72,7.88,3.71,6,6,0,4,29.1,33.9,24.1,3.99,6,5.894736842105263,0.5263157894736841,7.802646292772436,0.9130555770673934,0.0009570264659351261,Yes,No,Normal,Safe,Stable
45447.95833333334,June,262.82,92.84999999999999,1,27.45,7.72,7.88,3.71,6,6,0,5,29.1,33.9,24.1,3.99,6,5.947368421052632,0.2631578947368425,7.787761821847355,0.9440557565413734,0.0005206618437124267,No,No,Normal,Safe,Stable
45448,June,262.82,92.84999999999999,1,27.45,7.72,7.88,3.71,6,6,1,1,29.1,33.9,24.1,3.99,6,6,0,7.772877350922275,0.9750559360153533,8.429722148972768E-05,Yes,Yes,Normal,Safe,Stable
45448.04166666666,June,262.82,92.84999999999999,1,27.45,7.72,7.88,3.71,6,6,0,2,29.1,33.9,24.1,3.99,6,6,1,7.927839998306871,0.94242271671877,0.02086075337899249,No,No,Normal,Safe,Stable
45448.08333333334,June,262.82,92.84999999999999,1,27.45,7.72,7.88,3.71,6,6,1,5,29.1,33.9,24.1,3.99,6,6,2,8.07287497661259,0.9785145492557925,-0.002397754229067924,Yes,No,Normal,Safe,Stable
45448.125,June,262.82,92.84999999999999,1,27.45,7.72,7.88,3.71,6,6,0,4,29.1,33.9,24.1,3.99,6,6,3,7.986073613793048,0.2314364623486132,0.8733431284182291,No,No,Normal,Safe,Stable
45448.16666666666,June,262.82,92.84999999999999,1,27.45,7.72,7.88,3.71,6,6,0,6,29.1,33.9,24.1,3.99,6,6,4,8.059902786546729,0.3117193243221733,0.8576471962244107,Yes,No,Normal,Safe,Stable
45448.20833333334,June,262.82,92.84999999999999,1,27.45,7.72,7.88,3.71,6,6,0,5,29.1,33.9,24.1,3.99,6,6,5,8.285966154099629,0.3908398815943981,-0.01017771997702219,No,No,Normal,Safe,Stable
45448.25,June,262.82,92.84999999999999,1,27.45,7.72,7.88,3.71,6,6,0,5,29.1,33.9,24.1,3.99,6,6.052631578947368,4.736842105263158,8.286836491207275,0.4204490341020716,-0.01001209597524454,Yes,Yes,Normal,Safe,Stable
45448.29166666666,June,262.82,92.84999999999999,1,27.45,7.72,7.88,3.71,6,6,1,5,29.1,33.9,24.1,3.99,6,6.105263157894737,4.473684210526316,8.287706828314919,0.450058186609745,-0.009846471973466891,No,No,Normal,Safe,Stable
45448.33333333334,June,262.82,92.84999999999999,1,27.45,7.72,7.88,3.71,6,6,0,4,29.1,33.9,24.1,3.99,6,6.157894736842105,4.210526315789473,8.288577165422565,0.4796673391174185,-0.009680847971689241,Yes,No,Normal,Safe,Stable
45448.375,June,262.82,92.84999999999999,1,27.45,7.72,7.88,3.71,6,6,1,5,29.1,33.9,24.1,3.99,6,6.210526315789473,3.947368421052632,8.289447502530209,0.5092764916250919,-0.009515223969911592,No,No,Normal,Safe,Stable
45448.41666666666,June,262.82,92.84999999999999,1,27.45,7.72,7.88,3.71,6,6,0,2,29.1,33.9,24.1,3.99,6,6.263157894736842,3.684210526315789,8.290317839637854,0.5388856441327654,-0.009349599968133941,Yes,No,Normal,Safe,Stable
45448.45833333334,June,262.82,92.84999999999999,1,27.45,7.72,7.88,3.71,6,6,0,5,29.1,33.9,24.1,3.99,6,6.315789473684211,3.421052631578947,8.291188176745498,0.5684947966404389,-0.009183975966356291,No,No,Normal,Safe,Stable
45448.5,June,262.82,92.84999999999999,1,27.45,7.72,7.88,3.71,6,6,1,4,29.1,33.9,24.1,3.99,6,6.368421052631579,3.157894736842105,8.292058513853144,0.5981039491481124,-0.009018351964578642,Yes,Yes,Normal,Safe,Stable
45448.54166666666,June,262.82,92.84999999999999,1,27.45,7.72,7.88,3.71,6,6,0,2,29.1,33.9,24.1,3.99,6,6.421052631578947,2.894736842105263,8.292928850960788,0.6277131016557859,-0.008852727962800991,No,No,Normal,Safe,Stable
45448.58333333334,June,262.82,92.84999999999999,1,27.45,7.72,7.88,3.71,6,6,0,5,29.1,33.9,24.1,3.99,6,6.473684210526316,2.631578947368421,8.293799188068434,0.6573222541634594,-0.008687103961023342,Yes,No,Normal,Safe,Stable
45448.625,June,262.82,92.84999999999999,1,27.45,7.72,7.88,3.71,6,6,0,5,29.1,33.9,24.1,3.99,6,6.526315789473684,2.368421052631579,8.294669525176078,0.6869314066711327,-0.008521479959245692,No,No,Normal,Safe,Stable
45448.66666666666,June,262.82,92.84999999999999,1,27.45,7.72,7.88,3.71,6,6,0,4,29.1,33.9,24.1,3.99,6,6.578947368421053,2.105263157894737,8.295539862283723,0.7165405591788063,-0.008355855957468041,Yes,No,Normal,Safe,Stable
45448.70833333334,June,262.82,92.84999999999999,1,27.45,7.72,7.88,3.71,6,6,1,4,29.1,33.9,24.1,3.99,6,6.631578947368421,1.842105263157895,8.296410199391367,0.7461497116864797,-0.008190231955690392,No,No,Normal,Safe,Stable
45448.75,June,262.82,92.84999999999999,1,27.45,7.72,7.88,3.71,6,6,0,4,29.1,33.9,24.1,3.99,6,6.684210526315789,1.578947368421053,8.297280536499013,0.7757588641941532,-0.008024607953912742,Yes,Yes,Normal,Safe,Stable
45448.79166666666,June,262.82,92.84999999999999,1,27.45,7.72,7.88,3.71,6,6,0,4,29.1,33.9,24.1,3.99,6,6.736842105263158,1.315789473684211,8.298150873606657,0.8053680167018267,-0.007858983952135093,No,No,Normal,Safe,Stable
45448.83333333334,June,262.82,92.84999999999999,1,27.45,7.72,7.88,3.71,6,6,0,4,29.1,33.9,24.1,3.99,6,6.789473684210527,1.052631578947369,8.299021210714303,0.8349771692095,-0.007693359950357442,Yes,No,Normal,Safe,Stable
45448.875,June,262.82,92.84999999999999,1,27.45,7.72,7.88,3.71,6,6,0,4,29.1,33.9,24.1,3.99,6,6.842105263157895,0.7894736842105265,8.299891547821947,0.8645863217171736,-0.007527735948579792,No,No,Normal,Safe,Stable
45448.91666666666,June,262.82,92.84999999999999,1,27.45,7.72,7.88,3.71,6,6,0,2,29.1,33.9,24.1,3.99,6,6.894736842105263,0.5263157894736841,8.300761884929592,0.894195474224847,-0.007362111946802143,Yes,No,Normal,Safe,Stable
45448.95833333334,June,262.82,92.84999999999999,1,27.45,7.72,7.88,3.71,6,6,0,4,29.1,33.9,24.1,3.99,6,6.947368421052632,0.2631578947368425,8.301632222037236,0.9238046267325205,-0.007196487945024492,No,No,Normal,Safe,Stable
45449,June,262.82,92.84999999999999,1,27.45,7.72,7.88,3.71,6,6,0,2,29.1,33.9,24.1,3.99,6,7,0,8.302502559144882,0.953413779240194,-0.007030863943246843,Yes,Yes,Normal,Safe,Stable
45449.04166666666,June,262.82,92.84999999999999,1,27.45,7.72,7.88,3.71,6,6,0,1,29.1,33.9,24.1,3.99,6,7,1,8.236634101721931,0.9939358367795007,-0.03547253228935383,No,No,Normal,Safe,Stable
45449.08333333334,June,262.82,92.84999999999999,1,27.45,7.72,7.88,3.71,6,6,0,4,29.1,33.9,24.1,3.99,6,7,2,8.036655839616037,0.3670287779254982,0.4561245726955023,Yes,No,Normal,Safe,Stable
45449.125,June,262.82,92.84999999999999,1,27.45,7.72,7.88,3.71,6,6,0,2,29.1,33.9,24.1,3.99,6,7,3,8.23657662496802,0.4278229518643685,0.05184226612946511,No,No,Normal,Safe,Stable
45449.16666666666,June,262.82,92.84999999999999,1,27.45,7.72,7.88,3.71,6,6,0,4,29.1,33.9,24.1,3.99,6,7,4,8.339133179360996,0.2915952465336952,0.9585290127071173,Yes,No,Normal,Safe,Stable
45449.20833333334,June,262.82,92.84999999999999,1,27.45,7.72,7.88,3.71,6,6,0,5,29.1,33.9,24.1,3.99,6,7,5,8.082473451649582,0.4168188192883517,0.02436649126925199,No,No,Normal,Safe,Stable
45449.25,June,262.82,92.84999999999999,1,27.45,7.72,7.88,3.71,6,6,0,4,29.1,33.9,24.1,3.99,6,7.052631578947368,4.736842105263158,8.099578162479776,0.4160225266895913,0.02396004954151236,Yes,Yes,Normal,Safe,Stable
45449.29166666666,June,262.82,92.84999999999999,1,27.45,7.72,7.88,3.71,6,6,0,4,29.1,33.9,24.1,3.99,6,7.105263157894737,4.473684210526316,8.116682873309971,0.4152262340908309,0.02355360781377274,No,No,Normal,Safe,Stable
45449.33333333334,June,262.82,92.84999999999999,1,27.45,7.72,7.88,3.71,6,6,0,6,29.1,33.9,24.1,3.99,6,7.157894736842105,4.210526315789473,8.133787584140165,0.4144299414920705,0.02314716608603311,Yes,No,Normal,Safe,Stable
45449.375,June,262.82,92.84999999999999,1,27.45,7.72,7.88,3.71,6,6,0,5,29.1,33.9,24.1,3.99,6,7.210526315789473,3.947368421052632,8.150892294970358,0.4136336488933101,0.02274072435829349,No,No,Normal,Safe,Stable
45449.41666666666,June,262.82,92.84999999999999,1,27.45,7.72,7.88,3.71,6,6,1,4,29.1,33.9,24.1,3.99,6,7.263157894736842,3.684210526315789,8.167997005800553,0.4128373562945497,0.02233428263055386,Yes,No,Normal,Safe,Stable
45449.45833333334,June,262.82,92.84999999999999,1,27.45,7.72,7.88,3.71,6,6,0,1,29.1,33.9,24.1,3.99,6,7.315789473684211,3.421052631578947,8.185101716630747,0.4120410636957893,0.02192784090281423,No,No,Normal,Safe,Stable
45449.5,June,262.82,92.84999999999999,1,27.45,7.72,7.88,3.71,6,6,0,5,29.1,33.9,24.1,3.99,6,7.368421052631579,3.157894736842105,8.202206427460942,0.4112447710970289,0.02152139917507461,Yes,Yes,Normal,Safe,Stable
45449.54166666666,June,262.82,92.84999999999999,1,27.45,7.72,7.88,3.71,6,6,0,2,29.1,33.9,24.1,3.99,6,7.421052631578947,2.894736842105263,8.219311138291136,0.4104484784982685,0.02111495744733498,No,No,Normal,Safe,Stable
45449.58333333334,June,262.82,92.84999999999999,1,27.45,7.72,7.88,3.71,6,6,0,2,29.1,33.9,24.1,3.99,6,7.473684210526316,2.631578947368421,8.236415849121331,0.4096521858995081,0.02070851571959536,Yes,No,Normal,Safe,Stable
45449.625,June,262.82,92.84999999999999,1,27.45,7.72,7.88,3.71,6,6,0,5,29.1,33.9,24.1,3.99,6,7.526315789473684,2.368421052631579,8.253520559951523,0.4088558933007477,0.02030207399185573,No,No,Normal,Safe,Stable
45449.66666666666,June,262.82,92.84999999999999,1,27.45,7.72,7.88,3.71,6,6,0,2,29.1,33.9,24.1,3.99,6,7.578947368421053,2.105263157894737,8.270625270781718,0.4080596007019873,0.01989563226411611,Yes,No,Normal,Safe,Stable
45449.70833333334,June,262.82,92.84999999999999,1,27.45,7.72,7.88,3.71,6,6,1,2,29.1,33.9,24.1,3.99,6,7.631578947368421,1.842105263157895,8.287729981611912,0.4072633081032269,0.01948919053637648,No,No,Normal,Safe,Stable
45449.75,June,262.82,92.84999999999999,1,27.45,7.72,7.88,3.71,6,6,1,4,29.1,33.9,24.1,3.99,6,7.684210526315789,1.578947368421053,8.304834692442107,0.4064670155044665,0.01908274880863686,Yes,Yes,Normal,Safe,Stable
45449.79166666666,June,262.82,92.84999999999999,1,27.45,7.72,7.88,3.71,6,6,0,5,29.1,33.9,24.1,3.99,6,7.736842105263158,1.315789473684211,8.321939403272301,0.405670722905706,0.01867630708089723,No,No,Normal,Safe,Stable
45449.83333333334,June,262.82,92.84999999999999,1,27.45,7.72,7.88,3.71,6,6,0,4,29.1,33.9,24.1,3.99,6,7.789473684210527,1.052631578947369,8.339044114102496,0.4048744303069457,0.0182698653531576,Yes,No,Normal,Safe,Stable
45449.875,June,262.82,92.84999999999999,1,27.45,7.72,7.88,3.71,6,6,0,5,29.1,33.9,24.1,3.99,6,7.842105263157895,0.7894736842105265,8.356148824932689,0.4040781377081853,0.01786342362541798,No,No,Normal,Safe,Stable
45449.91666666666,June,262.82,92.84999999999999,1,27.45,7.72,7.88,3.71,6,6,0,2,29.1,33.9,24.1,3.99,6,7.894736842105263,0.5263157894736841,8.373253535762883,0.4032818451094249,0.01745698189767835,Yes,No,Normal,Safe,Stable
45449.95833333334,June,262.82,92.84999999999999,1,27.45,7.72,7.88,3.71,6,6,0,5,29.1,33.9,24.1,3.99,6,7.947368421052632,0.2631578947368425,8.390358246593077,0.4024855525106645,0.01705054016993873,No,No,Normal,Safe,Stable
45450,June,262.82,92.84999999999999,1,27.45,7.72,7.88,3.71,6,6,0,2,29.1,33.9,24.1,3.99,6,8,0,8.407462957423272,0.4016892599119041,0.0166440984421991,Yes,Yes,Normal,Safe,Stable
45450.04166666666,June,262.82,92.84999999999999,1,27.45,7.72,7.88,3.71,6,6,0,4,29.1,33.9,24.1,3.99,6,8,1,8.34384826602829,0.3495983955986272,0.1375752985115262,No,No,Normal,Safe,Stable
45450.08333333334,June,262.82,92.84999999999999,1,27.45,7.72,7.88,3.71,6,6,0,2,29.1,33.9,24.1,3.99,6,8,2,7.832267638066948,0.9582215761607475,0.01481698777536704,Yes,No,Normal,Safe,Stable
45450.125,June,262.82,92.84999999999999,1,27.45,7.72,7.88,3.71,6,6,0,5,29.1,33.9,24.1,3.99,6,8,3,8.225083964336664,0.1524597097016438,0.8738922406288504,No,No,Normal,Safe,Stable
45450.16666666666,June,262.82,92.84999999999999,1,27.45,7.72,7.88,3.71,6,6,0,4,29.1,33.9,24.1,3.99,6,8,4,8.217125941249495,0.9689299546892902,-0.0043984051515521,Yes,No,Normal,Safe,Stable
45450.20833333334,June,262.82,92.84999999999999,1,27.45,7.72,7.88,3.71,6,6,0,2,29.1,33.9,24.1,3.99,6,8,5,7.668681513798656,0.9522539238452007,0.04431021767230959,No,No,Normal,Safe,Stable
45450.25,June,262.82,92.84999999999999,1,27.45,7.72,7.88,3.71,6,6,0,5,29.1,33.9,24.1,3.99,6,8.052631578947368,4.736842105263158,7.674375398381767,0.9215977869070784,0.04258668058058854,Yes,Yes,Normal,Safe,Stable
45450.29166666666,June,262.82,92.84999999999999,1,27.45,7.72,7.88,3.71,6,6,0,4,29.1,33.9,24.1,3.99,6,8.105263157894736,4.473684210526316,7.680069282964878,0.8909416499689562,0.0408631434888675,No,No,Normal,Safe,Stable
45450.33333333334,June,262.82,92.84999999999999,1,27.45,7.72,7.88,3.71,6,6,1,5,29.1,33.9,24.1,3.99,6,8.157894736842104,4.210526315789473,7.685763167547988,0.8602855130308339,0.03913960639714645,Yes,No,Normal,Safe,Stable
45450.375,June,262.82,92.84999999999999,1,27.45,7.72,7.88,3.71,6,6,0,4,29.1,33.9,24.1,3.99,6,8.210526315789474,3.947368421052632,7.691457052131098,0.8296293760927117,0.0374160693054254,No,No,Normal,Safe,Stable
45450.41666666666,June,262.82,92.84999999999999,1,27.45,7.72,7.88,3.71,6,6,0,4,29.1,33.9,24.1,3.99,6,8.263157894736842,3.684210526315789,7.697150936714209,0.7989732391545894,0.03569253221370436,Yes,No,Normal,Safe,Stable
45450.45833333334,June,262.82,92.84999999999999,1,27.45,7.72,7.88,3.71,6,6,0,6,29.1,33.9,24.1,3.99,6,8.315789473684211,3.421052631578947,7.70284482129732,0.7683171022164672,0.03396899512198331,No,No,Normal,Safe,Stable
45450.5,June,262.82,92.84999999999999,1,27.45,7.72,7.88,3.71,6,6,0,5,29.1,33.9,24.1,3.99,6,8.368421052631579,3.157894736842105,7.70853870588043,0.7376609652783449,0.03224545803026227,Yes,Yes,Normal,Safe,Stable
45450.54166666666,June,262.82,92.84999999999999,1,27.45,7.72,7.88,3.71,6,6,0,2,29.1,33.9,24.1,3.99,6,8.421052631578947,2.894736842105263,7.714232590463541,0.7070048283402227,0.03052192093854122,No,No,Normal,Safe,Stable
45450.58333333334,June,262.82,92.84999999999999,1,27.45,7.72,7.88,3.71,6,6,1,2,29.1,33.9,24.1,3.99,6,8.473684210526315,2.631578947368421,7.719926475046652,0.6763486914021004,0.02879838384682018,Yes,No,Normal,Safe,Stable
45450.625,June,262.82,92.84999999999999,1,27.45,7.72,7.88,3.71,6,6,0,5,29.1,33.9,24.1,3.99,6,8.526315789473685,2.368421052631579,7.725620359629762,0.6456925544639782,0.02707484675509913,No,No,Normal,Safe,Stable
45450.66666666666,June,262.82,92.84999999999999,1,27.45,7.72,7.88,3.71,6,6,1,4,29.1,33.9,24.1,3.99,6,8.578947368421053,2.105263157894737,7.731314244212872,0.6150364175258559,0.02535130966337809,Yes,No,Normal,Safe,Stable
45450.70833333334,June,262.82,92.84999999999999,1,27.45,7.72,7.88,3.71,6,6,0,5,29.1,33.9,24.1,3.99,6,8.631578947368421,1.842105263157895,7.737008128795983,0.5843802805877336,0.02362777257165704,No,No,Normal,Safe,Stable
45450.75,June,262.82,92.84999999999999,1,27.45,7.72,7.88,3.71,6,6,0,5,29.1,33.9,24.1,3.99,6,8.684210526315789,1.578947368421053,7.742702013379094,0.5537241436496114,0.02190423547993599,Yes,Yes,Normal,Safe,Stable
45450.79166666666,June,262.82,92.84999999999999,1,27.45,7.72,7.88,3.71,6,6,0,2,29.1,33.9,24.1,3.99,6,8.736842105263158,1.315789473684211,7.748395897962205,0.5230680067114892,0.02018069838821495,No,No,Normal,Safe,Stable
45450.83333333334,June,262.82,92.84999999999999,1,27.45,7.72,7.88,3.71,6,6,0,6,29.1,33.9,24.1,3.99,6,8.789473684210526,1.052631578947369,7.754089782545315,0.4924118697733669,0.0184571612964939,Yes,No,Normal,Safe,Stable
45450.875,June,262.82,92.84999999999999,1,27.45,7.72,7.88,3.71,6,6,0,4,29.1,33.9,24.1,3.99,6,8.842105263157894,0.7894736842105265,7.759783667128425,0.4617557328352447,0.01673362420477286,No,No,Normal,Safe,Stable
45450.91666666666,June,262.82,92.84999999999999,1,27.45,7.72,7.88,3.71,6,6,1,2,29.1,33.9,24.1,3.99,6,8.894736842105264,0.5263157894736841,7.765477551711536,0.4310995958971224,0.01501008711305181,Yes,No,Normal,Safe,Stable
45450.95833333334,June,262.82,92.84999999999999,1,27.45,7.72,7.88,3.71,6,6,0,4,29.1,33.9,24.1,3.99,6,8.947368421052632,0.2631578947368425,7.771171436294646,0.4004434589590001,0.01328655002133076,No,No,Normal,Safe,Stable
45451,June,262.82,92.84999999999999,1,27.45,7.72,7.88,3.71,6,6,0,4,29.1,33.9,24.1,3.99,6,9,0,7.776865320877757,0.369787322020878,0.01156301292960972,Yes,Yes,Normal,Safe,Stable
45451.04166666666,June,262.82,92.84999999999999,1,27.45,7.72,7.88,3.71,6,6,0,4,29.1,33.9,24.1,3.99,6,9,1,8.245397080338854,1.00184738829382,0.005052791947425792,No,No,Normal,Safe,Stable
45451.08333333334,June,262.82,92.84999999999999,1,27.45,7.72,7.88,3.71,6,6,0,4,29.1,33.9,24.1,3.99,6,9,2,8.198097475997223,0.99749463619083,0.028499723258344,Yes,No,Normal,Safe,Stable
45451.125,June,262.82,92.84999999999999,1,27.45,7.72,7.88,3.71,6,6,0,5,29.1,33.9,24.1,3.99,6,9,3,8.195951117319797,0.2783097546424623,0.8687785327726917,No,No,Normal,Safe,Stable
45451.16666666666,June,262.82,92.84999999999999,1,27.45,7.72,7.88,3.71,6,6,1,5,29.1,33.9,24.1,3.99,6,9,4,8.318991166174124,0.2844286416253232,0.9777957085596378,Yes,No,Normal,Safe,Stable
45451.20833333334,June,262.82,92.84999999999999,1,27.45,7.72,7.88,3.71,6,6,0,5,29.1,33.9,24.1,3.99,6,9,5,7.90388998840394,0.9626665864994004,0.0008361955351878989,No,No,Normal,Safe,Stable
45451.25,June,262.82,92.84999999999999,1,27.45,7.72,7.88,3.71,6,6,0,4,29.1,33.9,24.1,3.99,6,9.052631578947368,4.736842105263158,7.924859061978215,0.9326858373742061,0.002950669853400741,Yes,Yes,Normal,Safe,Stable
45451.29166666666,June,262.82,92.84999999999999,1,27.45,7.72,7.88,3.71,6,6,0,1,29.1,33.9,24.1,3.99,6,9.105263157894736,4.473684210526316,7.94582813555249,0.9027050882490117,0.005065144171613582,No,No,Normal,Safe,Stable
45451.33333333334,June,262.82,92.84999999999999,1,27.45,7.72,7.88,3.71,6,6,0,5,29.1,33.9,24.1,3.99,6,9.157894736842104,4.210526315789473,7.966797209126764,0.8727243391238173,0.007179618489826425,Yes,No,Normal,Safe,Stable
45451.375,June,262.82,92.84999999999999,1,27.45,7.72,7.88,3.71,6,6,0,2,29.1,33.9,24.1,3.99,6,9.210526315789474,3.947368421052632,7.987766282701039,0.842743589998623,0.009294092808039266,No,No,Normal,Safe,Stable
45451.41666666666,June,262.82,92.84999999999999,1,27.45,7.72,7.88,3.71,6,6,0,2,29.1,33.9,24.1,3.99,6,9.263157894736842,3.684210526315789,8.008735356275315,0.8127628408734286,0.01140856712625211,Yes,No,Normal,Safe,Stable
45451.45833333334,June,262.82,92.84999999999999,1,27.45,7.72,7.88,3.71,6,6,0,2,29.1,33.9,24.1,3.99,6,9.315789473684211,3.421052631578947,8.029704429849589,0.7827820917482343,0.01352304144446495,No,No,Normal,Safe,Stable
45451.5,June,262.82,92.84999999999999,1,27.45,7.72,7.88,3.71,6,6,1,6,29.1,33.9,24.1,3.99,6,9.368421052631579,3.157894736842105,8.050673503423864,0.75280134262304,0.01563751576267779,Yes,Yes,Normal,Safe,Stable
45451.54166666666,June,262.82,92.84999999999999,1,27.45,7.72,7.88,3.71,6,6,0,5,29.1,33.9,24.1,3.99,6,9.421052631578947,2.894736842105263,8.071642576998139,0.7228205934978456,0.01775199008089063,No,No,Normal,Safe,Stable
45451.58333333334,June,262.82,92.84999999999999,1,27.45,7.72,7.88,3.71,6,6,0,2,29.1,33.9,24.1,3.99,6,9.473684210526315,2.631578947368421,8.092611650572413,0.6928398443726512,0.01986646439910348,Yes,No,Normal,Safe,Stable
45451.625,June,262.82,92.84999999999999,1,27.45,7.72,7.88,3.71,6,6,1,5,29.1,33.9,24.1,3.99,6,9.526315789473685,2.368421052631579,8.113580724146688,0.6628590952474569,0.02198093871731632,No,No,Normal,Safe,Stable
45451.66666666666,June,262.82,92.84999999999999,1,27.45,7.72,7.88,3.71,6,6,0,6,29.1,33.9,24.1,3.99,6,9.578947368421053,2.105263157894737,8.134549797720963,0.6328783461222625,0.02409541303552916,Yes,No,Normal,Safe,Stable
45451.70833333334,June,262.82,92.84999999999999,1,27.45,7.72,7.88,3.71,6,6,0,1,29.1,33.9,24.1,3.99,6,9.631578947368421,1.842105263157895,8.155518871295238,0.6028975969970682,0.026209887353742,No,No,Normal,Safe,Stable
45451.75,June,262.82,92.84999999999999,1,27.45,7.72,7.88,3.71,6,6,0,5,29.1,33.9,24.1,3.99,6,9.684210526315789,1.578947368421053,8.176487944869512,0.5729168478718738,0.02832436167195484,Yes,Yes,Normal,Safe,Stable
45451.79166666666,June,262.82,92.84999999999999,1,27.45,7.72,7.88,3.71,6,6,0,6,29.1,33.9,24.1,3.99,6,9.736842105263158,1.315789473684211,8.197457018443787,0.5429360987466795,0.03043883599016768,No,No,Normal,Safe,Stable
45451.83333333334,June,262.82,92.84999999999999,1,27.45,7.72,7.88,3.71,6,6,0,5,29.1,33.9,24.1,3.99,6,9.789473684210526,1.052631578947369,8.218426092018062,0.5129553496214851,0.03255331030838052,Yes,No,Normal,Safe,Stable
45451.875,June,262.82,92.84999999999999,1,27.45,7.72,7.88,3.71,6,6,0,4,29.1,33.9,24.1,3.99,6,9.842105263157894,0.7894736842105265,8.239395165592336,0.4829746004962908,0.03466778462659337,No,No,Normal,Safe,Stable
45451.91666666666,June,262.82,92.84999999999999,1,27.45,7.72,7.88,3.71,6,6,0,4,29.1,33.9,24.1,3.99,6,9.894736842105264,0.5263157894736841,8.260364239166611,0.4529938513710964,0.03678225894480621,Yes,No,Normal,Safe,Stable
45451.95833333334,June,262.82,92.84999999999999,1,27.45,7.72,7.88,3.71,6,6,0,5,29.1,33.9,24.1,3.99,6,9.947368421052632,0.2631578947368425,8.281333312740886,0.4230131022459021,0.03889673326301905,No,No,Normal,Safe,Stable
45452,June,262.82,92.84999999999999,1,27.45,7.72,7.88,3.71,6,6,0,4,29.1,33.9,24.1,3.99,6,10,0,8.30230238631516,0.3930323531207077,0.04101120758123189,Yes,Yes,Normal,Safe,Stable
45452.04166666666,June,262.82,92.84999999999999,1,27.45,7.72,7.88,3.71,6,6,0,4,29.1,33.9,24.1,3.99,6,10,1,7.991543852292463,0.3359511146266797,0.1072447748383756,No,No,Normal,Safe,Stable
45452.08333333334,June,262.82,92.84999999999999,1,27.45,7.72,7.88,3.71,6,6,1,1,29.1,33.9,24.1,3.99,6,10,2,8.132208850601055,0.3129508095562746,0.488726620179032,Yes,No,Normal,Safe,Stable
45452.125,June,262.82,92.84999999999999,1,27.45,7.72,7.88,3.71,6,6,1,5,29.1,33.9,24.1,3.99,6,10,3,8.36630963624412,0.2139052171310977,0.9858728385073181,No,No,Normal,Safe,Stable
45452.16666666666,June,262.82,92.84999999999999,1,27.45,7.72,7.88,3.71,6,6,0,2,29.1,33.9,24.1,3.99,6,10,4,8.03907040066755,0.9245410980452269,0.002173730882008291,Yes,No,Normal,Safe,Stable
45452.20833333334,June,262.82,92.84999999999999,1,27.45,7.72,7.88,3.71,6,6,0,2,29.1,33.9,24.1,3.99,6,10,5,8.420317239146209,0.4398127109392918,0.02715969337799331,No,No,Normal,Safe,Stable
45452.25,June,262.82,92.84999999999999,1,27.45,7.72,7.88,3.71,6,6,0,4,29.1,33.9,24.1,3.99,6,10.05263157894737,4.736842105263158,8.434244866403125,0.4387188325636083,0.02646578156579962,Yes,Yes,Normal,Safe,Stable
45452.29166666666,June,262.82,92.84999999999999,1,27.45,7.72,7.88,3.71,6,6,0,4,29.1,33.9,24.1,3.99,6,10.10526315789474,4.473684210526316,8.44817249366004,0.4376249541879247,0.02577186975360594,No,No,Normal,Safe,Stable
45452.33333333334,June,262.82,92.84999999999999,1,27.45,7.72,7.88,3.71,6,6,1,2,29.1,33.9,24.1,3.99,6,10.1578947368421,4.210526315789473,8.462100120916956,0.4365310758122412,0.02507795794141225,Yes,No,Normal,Safe,Stable
45452.375,June,262.82,92.84999999999999,1,27.45,7.72,7.88,3.71,6,6,0,4,29.1,33.9,24.1,3.99,6,10.21052631578947,3.947368421052632,8.476027748173872,0.4354371974365576,0.02438404612921857,No,No,Normal,Safe,Stable
45452.41666666666,June,262.82,92.84999999999999,1,27.45,7.72,7.88,3.71,6,6,0,5,29.1,33.9,24.1,3.99,6,10.26315789473684,3.684210526315789,8.489955375430789,0.434343319060874,0.02369013431702488,Yes,No,Normal,Safe,Stable
45452.45833333334,June,262.82,92.84999999999999,1,27.45,7.72,7.88,3.71,6,6,1,5,29.1,33.9,24.1,3.99,6,10.31578947368421,3.421052631578947,8.503883002687704,0.4332494406851904,0.02299622250483119,No,No,Normal,Safe,Stable
45452.5,June,262.82,92.84999999999999,1,27.45,7.72,7.88,3.71,6,6,0,4,29.1,33.9,24.1,3.99,6,10.36842105263158,3.157894736842105,8.51781062994462,0.4321555623095069,0.02230231069263751,Yes,Yes,Normal,Safe,Stable
45452.54166666666,June,262.82,92.84999999999999,1,27.45,7.72,7.88,3.71,6,6,0,4,29.1,33.9,24.1,3.99,6,10.42105263157895,2.894736842105263,8.531738257201535,0.4310616839338233,0.02160839888044382,No,No,Normal,Safe,Stable
45452.58333333334,June,262.82,92.84999999999999,1,27.45,7.72,7.88,3.71,6,6,0,1,29.1,33.9,24.1,3.99,6,10.47368421052632,2.631578947368421,8.545665884458451,0.4299678055581398,0.02091448706825014,Yes,No,Normal,Safe,Stable
45452.625,June,262.82,92.84999999999999,1,27.45,7.72,7.88,3.71,6,6,0,2,29.1,33.9,24.1,3.99,6,10.52631578947368,2.368421052631579,8.559593511715367,0.4288739271824562,0.02022057525605645,No,No,Normal,Safe,Stable
45452.66666666666,June,262.82,92.84999999999999,1,27.45,7.72,7.88,3.71,6,6,0,5,29.1,33.9,24.1,3.99,6,10.57894736842105,2.105263157894737,8.573521138972282,0.4277800488067727,0.01952666344386277,Yes,No,Normal,Safe,Stable
45452.70833333334,June,262.82,92.84999999999999,1,27.45,7.72,7.88,3.71,6,6,0,1,29.1,33.9,24.1,3.99,6,10.63157894736842,1.842105263157895,8.587448766229198,0.4266861704310891,0.01883275163166908,No,No,Normal,Safe,Stable
45452.75,June,262.82,92.84999999999999,1,27.45,7.72,7.88,3.71,6,6,0,5,29.1,33.9,24.1,3.99,6,10.68421052631579,1.578947368421053,8.601376393486113,0.4255922920554056,0.01813883981947539,Yes,Yes,Normal,Safe,Stable
45452.79166666666,June,262.82,92.84999999999999,1,27.45,7.72,7.88,3.71,6,6,0,5,29.1,33.9,24.1,3.99,6,10.73684210526316,1.315789473684211,8.615304020743029,0.424498413679722,0.01744492800728171,No,No,Normal,Safe,Stable
45452.83333333334,June,262.82,92.84999999999999,1,27.45,7.72,7.88,3.71,6,6,1,4,29.1,33.9,24.1,3.99,6,10.78947368421053,1.052631578947369,8.629231647999946,0.4234045353040384,0.01675101619508802,Yes,No,Normal,Safe,Stable
45452.875,June,262.82,92.84999999999999,1,27.45,7.72,7.88,3.71,6,6,1,5,29.1,33.9,24.1,3.99,6,10.84210526315789,0.7894736842105265,8.643159275256862,0.4223106569283548,0.01605710438289434,No,No,Normal,Safe,Stable
45452.91666666666,June,262.82,92.84999999999999,1,27.45,7.72,7.88,3.71,6,6,0,2,29.1,33.9,24.1,3.99,6,10.89473684210526,0.5263157894736841,8.657086902513777,0.4212167785526713,0.01536319257070065,Yes,No,Normal,Safe,Stable
45452.95833333334,June,262.82,92.84999999999999,1,27.45,7.72,7.88,3.71,6,6,1,4,29.1,33.9,24.1,3.99,6,10.94736842105263,0.2631578947368425,8.671014529770693,0.4201229001769877,0.01466928075850697,No,No,Normal,Safe,Stable
45453,June,262.82,92.84999999999999,1,27.45,7.72,7.88,3.71,6,6,0,4,29.1,33.9,24.1,3.99,6,11,0,8.684942157027608,0.4190290218013042,0.01397536894631328,Yes,Yes,Normal,Safe,Stable
45453.04166666666,June,262.82,92.84999999999999,1,27.45,7.72,7.88,3.71,6,6,0,4,29.1,33.9,24.1,3.99,6,11,1,8.050336405780408,0.3312689249732588,0.1225770373900463,No,No,Normal,Safe,Stable
45453.08333333334,June,262.82,92.84999999999999,1,27.45,7.72,7.88,3.71,6,6,0,5,29.1,33.9,24.1,3.99,6,11,2,7.858834782679144,0.9612061041467621,0.0004982696804631836,Yes,No,Normal,Safe,Stable
45453.125,June,262.82,92.84999999999999,1,27.45,7.72,7.88,3.71,6,6,0,2,29.1,33.9,24.1,3.99,6,11,3,7.99900004112861,0.5486580425906273,0.04678123503536485,No,No,Normal,Safe,Stable
45453.16666666666,June,262.82,92.84999999999999,1,27.45,7.72,7.88,3.71,6,6,0,2,29.1,33.9,24.1,3.99,6,11,4,7.743568868569218,0.9800630154497693,0.02141647286980957,Yes,No,Normal,Safe,Stable
45453.20833333334,June,262.82,92.84999999999999,1,27.45,7.72,7.88,3.71,6,6,0,5,29.1,33.9,24.1,3.99,6,11,5,8.089373566185508,0.3752056360904324,0.005199986665291098,No,No,Normal,Safe,Stable
45453.25,June,262.82,92.84999999999999,1,27.45,7.72,7.88,3.71,6,6,0,5,29.1,33.9,24.1,3.99,6,11.05263157894737,4.736842105263158,8.12377836606743,0.3765633352595544,0.005882295075262997,Yes,Yes,Normal,Safe,Stable
45453.29166666666,June,262.82,92.84999999999999,1,27.45,7.72,7.88,3.71,6,6,0,1,29.1,33.9,24.1,3.99,6,11.10526315789474,4.473684210526316,8.158183165949353,0.3779210344286764,0.006564603485234897,No,No,Normal,Safe,Stable
45453.33333333334,June,262.82,92.84999999999999,1,27.45,7.72,7.88,3.71,6,6,1,2,29.1,33.9,24.1,3.99,6,11.1578947368421,4.210526315789473,8.192587965831276,0.3792787335977984,0.007246911895206797,Yes,No,Normal,Safe,Stable
45453.375,June,262.82,92.84999999999999,1,27.45,7.72,7.88,3.71,6,6,0,5,29.1,33.9,24.1,3.99,6,11.21052631578947,3.947368421052632,8.226992765713197,0.3806364327669204,0.007929220305178696,No,No,Normal,Safe,Stable
45453.41666666666,June,262.82,92.84999999999999,1,27.45,7.72,7.88,3.71,6,6,0,5,29.1,33.9,24.1,3.99,6,11.26315789473684,3.684210526315789,8.26139756559512,0.3819941319360424,0.008611528715150595,Yes,No,Normal,Safe,Stable
45453.45833333334,June,262.82,92.84999999999999,1,27.45,7.72,7.88,3.71,6,6,0,2,29.1,33.9,24.1,3.99,6,11.31578947368421,3.421052631578947,8.295802365477043,0.3833518311051644,0.009293837125122495,No,No,Normal,Safe,Stable
45453.5,June,262.82,92.84999999999999,1,27.45,7.72,7.88,3.71,6,6,0,5,29.1,33.9,24.1,3.99,6,11.36842105263158,3.157894736842105,8.330207165358965,0.3847095302742863,0.009976145535094395,Yes,Yes,Normal,Safe,Stable
45453.54166666666,June,262.82,92.84999999999999,1,27.45,7.72,7.88,3.71,6,6,0,6,29.1,33.9,24.1,3.99,6,11.42105263157895,2.894736842105263,8.364611965240888,0.3860672294434084,0.01065845394506629,No,No,Normal,Safe,Stable
45453.58333333334,June,262.82,92.84999999999999,1,27.45,7.72,7.88,3.71,6,6,1,5,29.1,33.9,24.1,3.99,6,11.47368421052632,2.631578947368421,8.399016765122811,0.3874249286125304,0.01134076235503819,Yes,No,Normal,Safe,Stable
45453.625,June,262.82,92.84999999999999,1,27.45,7.72,7.88,3.71,6,6,0,1,29.1,33.9,24.1,3.99,6,11.52631578947368,2.368421052631579,8.433421565004732,0.3887826277816523,0.01202307076501009,No,No,Normal,Safe,Stable
45453.66666666666,June,262.82,92.84999999999999,1,27.45,7.72,7.88,3.71,6,6,1,5,29.1,33.9,24.1,3.99,6,11.57894736842105,2.105263157894737,8.467826364886655,0.3901403269507743,0.01270537917498199,Yes,No,Normal,Safe,Stable
45453.70833333334,June,262.82,92.84999999999999,1,27.45,7.72,7.88,3.71,6,6,0,5,29.1,33.9,24.1,3.99,6,11.63157894736842,1.842105263157895,8.502231164768578,0.3914980261198964,0.01338768758495389,No,No,Normal,Safe,Stable
45453.75,June,262.82,92.84999999999999,1,27.45,7.72,7.88,3.71,6,6,1,5,29.1,33.9,24.1,3.99,6,11.68421052631579,1.578947368421053,8.5366359646505,0.3928557252890184,0.01406999599492579,Yes,Yes,Normal,Safe,Stable
45453.79166666666,June,262.82,92.84999999999999,1,27.45,7.72,7.88,3.71,6,6,0,2,29.1,33.9,24.1,3.99,6,11.73684210526316,1.315789473684211,8.571040764532423,0.3942134244581403,0.01475230440489769,No,No,Normal,Safe,Stable
45453.83333333334,June,262.82,92.84999999999999,1,27.45,7.72,7.88,3.71,6,6,0,2,29.1,33.9,24.1,3.99,6,11.78947368421053,1.052631578947369,8.605445564414346,0.3955711236272623,0.01543461281486959,Yes,No,Normal,Safe,Stable
45453.875,June,262.82,92.84999999999999,1,27.45,7.72,7.88,3.71,6,6,0,5,29.1,33.9,24.1,3.99,6,11.84210526315789,0.7894736842105265,8.639850364296269,0.3969288227963843,0.01611692122484149,No,No,Normal,Safe,Stable
45453.91666666666,June,262.82,92.84999999999999,1,27.45,7.72,7.88,3.71,6,6,0,1,29.1,33.9,24.1,3.99,6,11.89473684210526,0.5263157894736841,8.67425516417819,0.3982865219655063,0.01679922963481339,Yes,No,Normal,Safe,Stable
45453.95833333334,June,262.82,92.84999999999999,1,27.45,7.72,7.88,3.71,6,6,0,1,29.1,33.9,24.1,3.99,6,11.94736842105263,0.2631578947368425,8.708659964060113,0.3996442211346283,0.01748153804478529,No,No,Normal,Safe,Stable
45454,June,262.82,92.84999999999999,1,27.45,7.72,7.88,3.71,6,6,0,6,29.1,33.9,24.1,3.99,6,12,0,8.743064763942035,0.4010019203037503,0.01816384645475719,Yes,Yes,Normal,Safe,Stable
45454.04166666666,June,262.82,92.84999999999999,1,27.45,7.72,7.88,3.71,6,6,0,2,29.1,33.9,24.1,3.99,6,12,1,7.793345365430222,0.9448591225204733,-0.02635152597385783,No,No,Normal,Safe,Stable
45454.08333333334,June,262.82,92.84999999999999,1,27.45,7.72,7.88,3.71,6,6,1,4,29.1,33.9,24.1,3.99,6,12,2,8.088801314076813,0.348970241719894,0.4542878927204994,Yes,No,Normal,Safe,Stable
45454.125,June,262.82,92.84999999999999,1,27.45,7.72,7.88,3.71,6,6,0,5,29.1,33.9,24.1,3.99,6,12,3,8.305886624828242,0.5096925008501053,0.04366950713302364,No,No,Normal,Safe,Stable
45454.16666666666,June,262.82,92.84999999999999,1,27.45,7.72,7.88,3.71,6,6,1,5,29.1,33.9,24.1,3.99,6,12,4,7.962882051183113,0.237481655006435,0.9732591491578898,Yes,No,Normal,Safe,Stable
45454.20833333334,June,262.82,92.84999999999999,1,27.45,7.72,7.88,3.71,6,6,0,5,29.1,33.9,24.1,3.99,6,12,5,8.374380521320413,0.414356129935838,0.01302515137066242,No,No,Normal,Safe,Stable
45454.25,June,262.82,92.84999999999999,1,27.45,7.72,7.88,3.71,6,6,0,4,29.1,33.9,24.1,3.99,6,12.05263157894737,4.736842105263158,8.370522788137812,0.4137034900609433,0.01175758710596039,Yes,Yes,Normal,Safe,Stable
45454.29166666666,June,262.82,92.84999999999999,1,27.45,7.72,7.88,3.71,6,6,0,1,29.1,33.9,24.1,3.99,6,12.10526315789474,4.473684210526316,8.366665054955211,0.4130508501860486,0.01049002284125836,No,No,Normal,Safe,Stable
45454.33333333334,June,262.82,92.84999999999999,1,27.45,7.72,7.88,3.71,6,6,0,4,29.1,33.9,24.1,3.99,6,12.1578947368421,4.210526315789473,8.362807321772609,0.4123982103111539,0.00922245857655633,Yes,No,Normal,Safe,Stable
45454.375,June,262.82,92.84999999999999,1,27.45,7.72,7.88,3.71,6,6,0,6,29.1,33.9,24.1,3.99,6,12.21052631578947,3.947368421052632,8.358949588590008,0.4117455704362593,0.0079548943118543,No,No,Normal,Safe,Stable
45454.41666666666,June,262.82,92.84999999999999,1,27.45,7.72,7.88,3.71,6,6,0,4,29.1,33.9,24.1,3.99,6,12.26315789473684,3.684210526315789,8.355091855407407,0.4110929305613645,0.00668733004715227,Yes,No,Normal,Safe,Stable
45454.45833333334,June,262.82,92.84999999999999,1,27.45,7.72,7.88,3.71,6,6,0,5,29.1,33.9,24.1,3.99,6,12.31578947368421,3.421052631578947,8.351234122224806,0.4104402906864699,0.00541976578245024,No,No,Normal,Safe,Stable
45454.5,June,262.82,92.84999999999999,1,27.45,7.72,7.88,3.71,6,6,0,5,29.1,33.9,24.1,3.99,6,12.36842105263158,3.157894736842105,8.347376389042205,0.4097876508115751,0.00415220151774821,Yes,Yes,Normal,Safe,Stable
45454.54166666666,June,262.82,92.84999999999999,1,27.45,7.72,7.88,3.71,6,6,0,2,29.1,33.9,24.1,3.99,6,12.42105263157895,2.894736842105263,8.343518655859603,0.4091350109366805,0.00288463725304618,No,No,Normal,Safe,Stable
45454.58333333334,June,262.82,92.84999999999999,1,27.45,7.72,7.88,3.71,6,6,1,1,29.1,33.9,24.1,3.99,6,12.47368421052632,2.631578947368421,8.339660922677002,0.4084823710617858,0.00161707298834415,Yes,No,Normal,Safe,Stable
45454.625,June,262.82,92.84999999999999,1,27.45,7.72,7.88,3.71,6,6,1,2,29.1,33.9,24.1,3.99,6,12.52631578947368,2.368421052631579,8.335803189494401,0.4078297311868911,0.0003495087236421203,No,No,Normal,Safe,Stable
45454.66666666666,June,262.82,92.84999999999999,1,27.45,7.72,7.88,3.71,6,6,0,5,29.1,33.9,24.1,3.99,6,12.57894736842105,2.105263157894737,8.3319454563118,0.4071770913119964,-0.0009180555410599096,Yes,No,Normal,Safe,Stable
45454.70833333334,June,262.82,92.84999999999999,1,27.45,7.72,7.88,3.71,6,6,0,1,29.1,33.9,24.1,3.99,6,12.63157894736842,1.842105263157895,8.328087723129197,0.4065244514371018,-0.00218561980576194,No,No,Normal,Safe,Stable
45454.75,June,262.82,92.84999999999999,1,27.45,7.72,7.88,3.71,6,6,1,4,29.1,33.9,24.1,3.99,6,12.68421052631579,1.578947368421053,8.324229989946597,0.405871811562207,-0.003453184070463969,Yes,Yes,Normal,Safe,Stable
45454.79166666666,June,262.82,92.84999999999999,1,27.45,7.72,7.88,3.71,6,6,0,2,29.1,33.9,24.1,3.99,6,12.73684210526316,1.315789473684211,8.320372256763996,0.4052191716873124,-0.004720748335165999,No,No,Normal,Safe,Stable
45454.83333333334,June,262.82,92.84999999999999,1,27.45,7.72,7.88,3.71,6,6,0,5,29.1,33.9,24.1,3.99,6,12.78947368421053,1.052631578947369,8.316514523581395,0.4045665318124176,-0.005988312599868029,Yes,No,Normal,Safe,Stable
45454.875,June,262.82,92.84999999999999,1,27.45,7.72,7.88,3.71,6,6,1,6,29.1,33.9,24.1,3.99,6,12.84210526315789,0.7894736842105265,8.312656790398794,0.403913891937523,-0.007255876864570059,No,No,Normal,Safe,Stable
45454.91666666666,June,262.82,92.84999999999999,1,27.45,7.72,7.88,3.71,6,6,0,2,29.1,33.9,24.1,3.99,6,12.89473684210526,0.5263157894736841,8.308799057216191,0.4032612520626283,-0.008523441129272089,Yes,No,Normal,Safe,Stable
45454.95833333334,June,262.82,92.84999999999999,1,27.45,7.72,7.88,3.71,6,6,0,1,29.1,33.9,24.1,3.99,6,12.94736842105263,0.2631578947368425,8.304941324033591,0.4026086121877336,-0.009791005393974119,No,No,Normal,Safe,Stable
45455,June,262.82,92.84999999999999,1,27.45,7.72,7.88,3.71,6,6,1,2,29.1,33.9,24.1,3.99,6,13,0,8.30108359085099,0.4019559723128389,-0.01105856965867615,Yes,Yes,Normal,Safe,Stable
45455.04166666666,June,262.82,92.84999999999999,1,27.45,7.72,7.88,3.71,6,6,0,1,29.1,33.9,24.1,3.99,6,13,1,7.925432306318647,0.32614694982208,0.1323080549380836,No,No,Normal,Safe,Stable
45455.08333333334,June,262.82,92.84999999999999,1,27.45,7.72,7.88,3.71,6,6,0,5,29.1,33.9,24.1,3.99,6,13,2,8.245429083905709,0.373193307477893,0.4344786960517351,Yes,No,Normal,Safe,Stable
45455.125,June,262.82,92.84999999999999,1,27.45,7.72,7.88,3.71,6,6,0,6,29.1,33.9,24.1,3.99,6,13,3,8.407609960181563,0.2933523962140331,0.945073229727696,No,No,Normal,Safe,Stable
45455.16666666666,June,262.82,92.84999999999999,1,27.45,7.72,7.88,3.71,6,6,0,6,29.1,33.9,24.1,3.99,6,13,4,8.03962995969958,0.3281983428537225,0.8668689393545443,Yes,No,Normal,Safe,Stable
45455.20833333334,June,262.82,92.84999999999999,1,27.45,7.72,7.88,3.71,6,6,0,2,29.1,33.9,24.1,3.99,6,13,5,8.044986250259685,0.3887253420052071,0.01992569936033911,No,No,Normal,Safe,Stable
45455.25,June,262.82,92.84999999999999,1,27.45,7.72,7.88,3.71,6,6,0,6,29.1,33.9,24.1,3.99,6,13.05263157894737,4.736842105263158,8.072578525731121,0.3901950960879316,0.01831238120820393,Yes,Yes,Normal,Safe,Stable
45455.29166666666,June,262.82,92.84999999999999,1,27.45,7.72,7.88,3.71,6,6,0,5,29.1,33.9,24.1,3.99,6,13.10526315789474,4.473684210526316,8.100170801202557,0.391664850170656,0.01669906305606875,No,No,Normal,Safe,Stable
45455.33333333334,June,262.82,92.84999999999999,1,27.45,7.72,7.88,3.71,6,6,0,2,29.1,33.9,24.1,3.99,6,13.1578947368421,4.210526315789473,8.127763076673993,0.3931346042533805,0.01508574490393358,Yes,No,Normal,Safe,Stable
45455.375,June,262.82,92.84999999999999,1,27.45,7.72,7.88,3.71,6,6,1,4,29.1,33.9,24.1,3.99,6,13.21052631578947,3.947368421052632,8.155355352145428,0.394604358336105,0.0134724267517984,No,No,Normal,Safe,Stable
45455.41666666666,June,262.82,92.84999999999999,1,27.45,7.72,7.88,3.71,6,6,0,5,29.1,33.9,24.1,3.99,6,13.26315789473684,3.684210526315789,8.182947627616864,0.3960741124188294,0.01185910859966322,Yes,No,Normal,Safe,Stable
45455.45833333334,June,262.82,92.84999999999999,1,27.45,7.72,7.88,3.71,6,6,0,2,29.1,33.9,24.1,3.99,6,13.31578947368421,3.421052631578947,8.2105399030883,0.3975438665015539,0.01024579044752805,No,No,Normal,Safe,Stable
45455.5,June,262.82,92.84999999999999,1,27.45,7.72,7.88,3.71,6,6,0,4,29.1,33.9,24.1,3.99,6,13.36842105263158,3.157894736842105,8.238132178559736,0.3990136205842783,0.008632472295392869,Yes,Yes,Normal,Safe,Stable
45455.54166666666,June,262.82,92.84999999999999,1,27.45,7.72,7.88,3.71,6,6,0,6,29.1,33.9,24.1,3.99,6,13.42105263157895,2.894736842105263,8.265724454031172,0.4004833746670028,0.00701915414325769,No,No,Normal,Safe,Stable
45455.58333333334,June,262.82,92.84999999999999,1,27.45,7.72,7.88,3.71,6,6,0,5,29.1,33.9,24.1,3.99,6,13.47368421052632,2.631578947368421,8.293316729502608,0.4019531287497273,0.005405835991122512,Yes,No,Normal,Safe,Stable
45455.625,June,262.82,92.84999999999999,1,27.45,7.72,7.88,3.71,6,6,1,2,29.1,33.9,24.1,3.99,6,13.52631578947368,2.368421052631579,8.320909004974043,0.4034228828324517,0.003792517838987333,No,No,Normal,Safe,Stable
45455.66666666666,June,262.82,92.84999999999999,1,27.45,7.72,7.88,3.71,6,6,0,5,29.1,33.9,24.1,3.99,6,13.57894736842105,2.105263157894737,8.348501280445479,0.4048926369151762,0.002179199686852158,Yes,No,Normal,Safe,Stable
45455.70833333334,June,262.82,92.84999999999999,1,27.45,7.72,7.88,3.71,6,6,0,6,29.1,33.9,24.1,3.99,6,13.63157894736842,1.842105263157895,8.376093555916915,0.4063623909979007,0.0005658815347169797,No,No,Normal,Safe,Stable
45455.75,June,262.82,92.84999999999999,1,27.45,7.72,7.88,3.71,6,6,1,2,29.1,33.9,24.1,3.99,6,13.68421052631579,1.578947368421053,8.403685831388351,0.4078321450806251,-0.001047436617418199,Yes,Yes,Normal,Safe,Stable
45455.79166666666,June,262.82,92.84999999999999,1,27.45,7.72,7.88,3.71,6,6,0,4,29.1,33.9,24.1,3.99,6,13.73684210526316,1.315789473684211,8.431278106859788,0.4093018991633496,-0.002660754769553374,No,No,Normal,Safe,Stable
45455.83333333334,June,262.82,92.84999999999999,1,27.45,7.72,7.88,3.71,6,6,0,5,29.1,33.9,24.1,3.99,6,13.78947368421053,1.052631578947369,8.458870382331224,0.410771653246074,-0.004274072921688552,Yes,No,Normal,Safe,Stable
45455.875,June,262.82,92.84999999999999,1,27.45,7.72,7.88,3.71,6,6,0,5,29.1,33.9,24.1,3.99,6,13.84210526315789,0.7894736842105265,8.486462657802658,0.4122414073287985,-0.005887391073823731,No,No,Normal,Safe,Stable
45455.91666666666,June,262.82,92.84999999999999,1,27.45,7.72,7.88,3.71,6,6,0,5,29.1,33.9,24.1,3.99,6,13.89473684210526,0.5263157894736841,8.514054933274094,0.413711161411523,-0.007500709225958909,Yes,No,Normal,Safe,Stable
45455.95833333334,June,262.82,92.84999999999999,1,27.45,7.72,7.88,3.71,6,6,0,2,29.1,33.9,24.1,3.99,6,13.94736842105263,0.2631578947368425,8.54164720874553,0.4151809154942474,-0.009114027378094088,No,No,Normal,Safe,Stable
45456,June,262.82,92.84999999999999,1,27.45,7.72,7.88,3.71,6,6,0,5,29.1,33.9,24.1,3.99,6,14,0,8.569239484216967,0.4166506695769719,-0.01072734553022926,Yes,Yes,Normal,Safe,Stable
45456.04166666666,June,262.82,92.84999999999999,1,27.45,7.72,7.88,3.71,6,6,0,2,29.1,33.9,24.1,3.99,6,14,1,8.055372402044615,0.3350832658039529,0.1248489650989438,No,No,Normal,Safe,Stable
45456.08333333334,June,262.82,92.84999999999999,1,27.45,7.72,7.88,3.71,6,6,1,2,29.1,33.9,24.1,3.99,6,14,2,7.941772918653887,1.004329128238978,0.00808277793428205,Yes,No,Normal,Safe,Stable
45456.125,June,262.82,92.84999999999999,1,27.45,7.72,7.88,3.71,6,6,0,5,29.1,33.9,24.1,3.99,6,14,3,8.239677461809153,0.3179728194466371,0.8545346162824291,No,No,Normal,Safe,Stable
45456.16666666666,June,262.82,92.84999999999999,1,27.45,7.72,7.88,3.71,6,6,0,6,29.1,33.9,24.1,3.99,6,14,4,8.445522335229866,0.2878605311618133,0.8748066835552033,Yes,No,Normal,Safe,Stable
45456.20833333334,June,262.82,92.84999999999999,1,27.45,7.72,7.88,3.71,6,6,0,5,29.1,33.9,24.1,3.99,6,14,5,7.911947118139675,0.3861747498534978,0.01227776683957912,No,No,Normal,Safe,Stable
45456.25,June,262.82,92.84999999999999,1,27.45,7.72,7.88,3.71,6,6,0,5,29.1,33.9,24.1,3.99,6,14.05263157894737,4.736842105263158,7.937884565894874,0.3869677657777056,0.01295440033496898,Yes,Yes,Normal,Safe,Stable
45456.29166666666,June,262.82,92.84999999999999,1,27.45,7.72,7.88,3.71,6,6,0,2,29.1,33.9,24.1,3.99,6,14.10526315789474,4.473684210526316,7.963822013650072,0.3877607817019133,0.01363103383035884,No,No,Normal,Safe,Stable
45456.33333333334,June,262.82,92.84999999999999,1,27.45,7.72,7.88,3.71,6,6,0,5,29.1,33.9,24.1,3.99,6,14.1578947368421,4.210526315789473,7.98975946140527,0.3885537976261211,0.0143076673257487,Yes,No,Normal,Safe,Stable
45456.375,June,262.82,92.84999999999999,1,27.45,7.72,7.88,3.71,6,6,0,2,29.1,33.9,24.1,3.99,6,14.21052631578947,3.947368421052632,8.015696909160468,0.3893468135503289,0.01498430082113856,No,No,Normal,Safe,Stable
45456.41666666666,June,262.82,92.84999999999999,1,27.45,7.72,7.88,3.71,6,6,1,5,29.1,33.9,24.1,3.99,6,14.26315789473684,3.684210526315789,8.041634356915667,0.3901398294745366,0.01566093431652842,Yes,No,Normal,Safe,Stable
45456.45833333334,June,262.82,92.84999999999999,1,27.45,7.72,7.88,3.71,6,6,0,2,29.1,33.9,24.1,3.99,6,14.31578947368421,3.421052631578947,8.067571804670864,0.3909328453987443,0.01633756781191828,No,No,Normal,Safe,Stable
45456.5,June,262.82,92.84999999999999,1,27.45,7.72,7.88,3.71,6,6,0,2,29.1,33.9,24.1,3.99,6,14.36842105263158,3.157894736842105,8.093509252426063,0.3917258613229521,0.01701420130730814,Yes,Yes,Normal,Safe,Stable
45456.54166666666,June,262.82,92.84999999999999,1,27.45,7.72,7.88,3.71,6,6,0,5,29.1,33.9,24.1,3.99,6,14.42105263157895,2.894736842105263,8.119446700181262,0.3925188772471598,0.01769083480269799,No,No,Normal,Safe,Stable
45456.58333333334,June,262.82,92.84999999999999,1,27.45,7.72,7.88,3.71,6,6,0,4,29.1,33.9,24.1,3.99,6,14.47368421052632,2.631578947368421,8.145384147936459,0.3933118931713676,0.01836746829808785,Yes,No,Normal,Safe,Stable
45456.625,June,262.82,92.84999999999999,1,27.45,7.72,7.88,3.71,6,6,0,4,29.1,33.9,24.1,3.99,6,14.52631578947368,2.368421052631579,8.171321595691659,0.3941049090955754,0.01904410179347771,No,No,Normal,Safe,Stable
45456.66666666666,June,262.82,92.84999999999999,1,27.45,7.72,7.88,3.71,6,6,0,2,29.1,33.9,24.1,3.99,6,14.57894736842105,2.105263157894737,8.197259043446856,0.3948979250197832,0.01972073528886757,Yes,No,Normal,Safe,Stable
45456.70833333334,June,262.82,92.84999999999999,1,27.45,7.72,7.88,3.71,6,6,0,5,29.1,33.9,24.1,3.99,6,14.63157894736842,1.842105263157895,8.223196491202055,0.3956909409439909,0.02039736878425743,No,No,Normal,Safe,Stable
45456.75,June,262.82,92.84999999999999,1,27.45,7.72,7.88,3.71,6,6,1,4,29.1,33.9,24.1,3.99,6,14.68421052631579,1.578947368421053,8.249133938957254,0.3964839568681987,0.02107400227964729,Yes,Yes,Normal,Safe,Stable
45456.79166666666,June,262.82,92.84999999999999,1,27.45,7.72,7.88,3.71,6,6,0,5,29.1,33.9,24.1,3.99,6,14.73684210526316,1.315789473684211,8.275071386712451,0.3972769727924064,0.02175063577503715,No,No,Normal,Safe,Stable
45456.83333333334,June,262.82,92.84999999999999,1,27.45,7.72,7.88,3.71,6,6,0,4,29.1,33.9,24.1,3.99,6,14.78947368421053,1.052631578947369,8.30100883446765,0.3980699887166141,0.02242726927042701,Yes,No,Normal,Safe,Stable
45456.875,June,262.82,92.84999999999999,1,27.45,7.72,7.88,3.71,6,6,1,6,29.1,33.9,24.1,3.99,6,14.84210526315789,0.7894736842105265,8.326946282222847,0.3988630046408219,0.02310390276581687,No,No,Normal,Safe,Stable
45456.91666666666,June,262.82,92.84999999999999,1,27.45,7.72,7.88,3.71,6,6,1,4,29.1,33.9,24.1,3.99,6,14.89473684210526,0.5263157894736841,8.352883729978046,0.3996560205650297,0.02378053626120673,Yes,No,Normal,Safe,Stable
45456.95833333334,June,262.82,92.84999999999999,1,27.45,7.72,7.88,3.71,6,6,0,4,29.1,33.9,24.1,3.99,6,14.94736842105263,0.2631578947368425,8.378821177733244,0.4004490364892374,0.02445716975659659,No,No,Normal,Safe,Stable
45457,June,262.82,92.84999999999999,1,27.45,7.72,7.88,3.71,6,6,0,5,29.1,33.9,24.1,3.99,6,15,0,8.404758625488443,0.4012420524134452,0.02513380325198645,Yes,Yes,Normal,Safe,Stable
45457.04166666666,June,262.82,92.84999999999999,1,27.45,7.72,7.88,3.71,6,6,0,2,29.1,33.9,24.1,3.99,6,15,1,7.964170760828664,0.3241709580357439,0.1180089344480745,No,No,Normal,Safe,Stable
45457.08333333334,June,262.82,92.84999999999999,1,27.45,7.72,7.88,3.71,6,6,1,5,29.1,33.9,24.1,3.99,6,15,2,8.245982486035109,0.2972533532528522,0.5173674304592266,Yes,No,Normal,Safe,Stable
45457.125,June,262.82,92.84999999999999,1,27.45,7.72,7.88,3.71,6,6,0,2,29.1,33.9,24.1,3.99,6,15,3,7.709911327137932,0.9312639107868016,0.009629126315674513,No,No,Normal,Safe,Stable
45457.16666666666,June,262.82,92.84999999999999,1,27.45,7.72,7.88,3.71,6,6,0,2,29.1,33.9,24.1,3.99,6,15,4,8.073937497055123,0.2941200421867259,0.8381473574962118,Yes,No,Normal,Safe,Stable
45457.20833333334,June,262.82,92.84999999999999,1,27.45,7.72,7.88,3.71,6,6,0,6,29.1,33.9,24.1,3.99,6,15,5,8.417532573709209,0.3744706502960696,0.02319683329022975,No,No,Normal,Safe,Stable
45457.25,June,262.82,92.84999999999999,1,27.45,7.72,7.88,3.71,6,6,1,1,29.1,33.9,24.1,3.99,6,15.05263157894737,4.736842105263158,8.390097284009245,0.4067765747359309,0.0206089082980031,Yes,Yes,Normal,Safe,Stable
45457.29166666666,June,262.82,92.84999999999999,1,27.45,7.72,7.88,3.71,6,6,1,1,29.1,33.9,24.1,3.99,6,15.10526315789474,4.473684210526316,8.362661994309283,0.4390824991757922,0.01802098330577644,No,No,Normal,Safe,Stable
45457.33333333334,June,262.82,92.84999999999999,1,27.45,7.72,7.88,3.71,6,6,0,2,29.1,33.9,24.1,3.99,6,15.1578947368421,4.210526315789473,8.335226704609319,0.4713884236156535,0.01543305831354979,Yes,No,Normal,Safe,Stable
45457.375,June,262.82,92.84999999999999,1,27.45,7.72,7.88,3.71,6,6,1,6,29.1,33.9,24.1,3.99,6,15.21052631578947,3.947368421052632,8.307791414909355,0.5036943480555148,0.01284513332132313,No,No,Normal,Safe,Stable
45457.41666666666,June,262.82,92.84999999999999,1,27.45,7.72,7.88,3.71,6,6,0,4,29.1,33.9,24.1,3.99,6,15.26315789473684,3.684210526315789,8.280356125209392,0.5360002724953761,0.01025720832909648,Yes,No,Normal,Safe,Stable
45457.45833333334,June,262.82,92.84999999999999,1,27.45,7.72,7.88,3.71,6,6,0,5,29.1,33.9,24.1,3.99,6,15.31578947368421,3.421052631578947,8.252920835509428,0.5683061969352374,0.007669283336869826,No,No,Normal,Safe,Stable
45457.5,June,262.82,92.84999999999999,1,27.45,7.72,7.88,3.71,6,6,0,1,29.1,33.9,24.1,3.99,6,15.36842105263158,3.157894736842105,8.225485545809464,0.6006121213750988,0.005081358344643173,Yes,Yes,Normal,Safe,Stable
45457.54166666666,June,262.82,92.84999999999999,1,27.45,7.72,7.88,3.71,6,6,1,2,29.1,33.9,24.1,3.99,6,15.42105263157895,2.894736842105263,8.198050256109502,0.63291804581496,0.002493433352416519,No,No,Normal,Safe,Stable
45457.58333333334,June,262.82,92.84999999999999,1,27.45,7.72,7.88,3.71,6,6,1,4,29.1,33.9,24.1,3.99,6,15.47368421052632,2.631578947368421,8.170614966409538,0.6652239702548213,-9.449163981013406E-05,Yes,No,Normal,Safe,Stable
45457.625,June,262.82,92.84999999999999,1,27.45,7.72,7.88,3.71,6,6,0,5,29.1,33.9,24.1,3.99,6,15.52631578947368,2.368421052631579,8.143179676709574,0.6975298946946826,-0.002682416632036787,No,No,Normal,Safe,Stable
45457.66666666666,June,262.82,92.84999999999999,1,27.45,7.72,7.88,3.71,6,6,0,4,29.1,33.9,24.1,3.99,6,15.57894736842105,2.105263157894737,8.115744387009611,0.729835819134544,-0.005270341624263441,Yes,No,Normal,Safe,Stable
45457.70833333334,June,262.82,92.84999999999999,1,27.45,7.72,7.88,3.71,6,6,0,5,29.1,33.9,24.1,3.99,6,15.63157894736842,1.842105263157895,8.088309097309647,0.7621417435744053,-0.007858266616490098,No,No,Normal,Safe,Stable
45457.75,June,262.82,92.84999999999999,1,27.45,7.72,7.88,3.71,6,6,0,2,29.1,33.9,24.1,3.99,6,15.68421052631579,1.578947368421053,8.060873807609683,0.7944476680142666,-0.01044619160871675,Yes,Yes,Normal,Safe,Stable
45457.79166666666,June,262.82,92.84999999999999,1,27.45,7.72,7.88,3.71,6,6,0,4,29.1,33.9,24.1,3.99,6,15.73684210526316,1.315789473684211,8.033438517909721,0.8267535924541278,-0.0130341166009434,No,No,Normal,Safe,Stable
45457.83333333334,June,262.82,92.84999999999999,1,27.45,7.72,7.88,3.71,6,6,0,5,29.1,33.9,24.1,3.99,6,15.78947368421053,1.052631578947369,8.006003228209757,0.8590595168939892,-0.01562204159317006,Yes,No,Normal,Safe,Stable
45457.875,June,262.82,92.84999999999999,1,27.45,7.72,7.88,3.71,6,6,1,2,29.1,33.9,24.1,3.99,6,15.84210526315789,0.7894736842105265,7.978567938509793,0.8913654413338505,-0.01820996658539671,No,No,Normal,Safe,Stable
45457.91666666666,June,262.82,92.84999999999999,1,27.45,7.72,7.88,3.71,6,6,0,5,29.1,33.9,24.1,3.99,6,15.89473684210526,0.5263157894736841,7.95113264880983,0.9236713657737119,-0.02079789157762336,Yes,No,Normal,Safe,Stable
45457.95833333334,June,262.82,92.84999999999999,1,27.45,7.72,7.88,3.71,6,6,1,4,29.1,33.9,24.1,3.99,6,15.94736842105263,0.2631578947368425,7.923697359109866,0.955977290213573,-0.02338581656985002,No,No,Normal,Safe,Stable
45458,June,262.82,92.84999999999999,1,27.45,7.72,7.88,3.71,6,6,0,4,29.1,33.9,24.1,3.99,6,16,0,7.896262069409903,0.9882832146534345,-0.02597374156207667,Yes,Yes,Normal,Safe,Stable
45458.04166666666,June,262.82,92.84999999999999,1,27.45,7.72,7.88,3.71,6,6,0,5,29.1,33.9,24.1,3.99,6,16,1,8.164099728527576,0.379752840513662,0.1463570558020631,No,No,Normal,Safe,Stable
45458.08333333334,June,262.82,92.84999999999999,1,27.45,7.72,7.88,3.71,6,6,0,1,29.1,33.9,24.1,3.99,6,16,2,7.828992438260626,1.017260159099584,-0.006904105692351968,Yes,No,Normal,Safe,Stable
45458.125,June,262.82,92.84999999999999,1,27.45,7.72,7.88,3.71,6,6,0,4,29.1,33.9,24.1,3.99,6,16,3,8.28442282046603,0.3699451937169956,0.8048827248358845,No,No,Normal,Safe,Stable
45458.16666666666,June,262.82,92.84999999999999,1,27.45,7.72,7.88,3.71,6,6,0,4,29.1,33.9,24.1,3.99,6,16,4,7.702875411725385,1.024481249804187,-0.01609880841918502,Yes,No,Normal,Safe,Stable
45458.20833333334,June,262.82,92.84999999999999,1,27.45,7.72,7.88,3.71,6,6,0,6,29.1,33.9,24.1,3.99,6,16,5,8.125303834678437,0.3977950315445739,0.0207380139215484,No,No,Normal,Safe,Stable
45458.25,June,262.82,92.84999999999999,1,27.45,7.72,7.88,3.71,6,6,0,5,29.1,33.9,24.1,3.99,6,16.05263157894737,4.736842105263158,8.130071582309638,0.398340698994574,0.0193575309562051,Yes,Yes,Normal,Safe,Stable
45458.29166666666,June,262.82,92.84999999999999,1,27.45,7.72,7.88,3.71,6,6,0,4,29.1,33.9,24.1,3.99,6,16.10526315789474,4.473684210526316,8.134839329940839,0.3988863664445741,0.01797704799086179,No,No,Normal,Safe,Stable
45458.33333333334,June,262.82,92.84999999999999,1,27.45,7.72,7.88,3.71,6,6,0,1,29.1,33.9,24.1,3.99,6,16.15789473684211,4.210526315789473,8.139607077572039,0.3994320338945743,0.01659656502551849,Yes,No,Normal,Safe,Stable
45458.375,June,262.82,92.84999999999999,1,27.45,7.72,7.88,3.71,6,6,1,2,29.1,33.9,24.1,3.99,6,16.21052631578947,3.947368421052632,8.144374825203238,0.3999777013445744,0.01521608206017519,No,No,Normal,Safe,Stable
45458.41666666666,June,262.82,92.84999999999999,1,27.45,7.72,7.88,3.71,6,6,0,5,29.1,33.9,24.1,3.99,6,16.26315789473684,3.684210526315789,8.149142572834439,0.4005233687945745,0.01383559909483188,Yes,No,Normal,Safe,Stable
45458.45833333334,June,262.82,92.84999999999999,1,27.45,7.72,7.88,3.71,6,6,1,5,29.1,33.9,24.1,3.99,6,16.31578947368421,3.421052631578947,8.15391032046564,0.4010690362445746,0.01245511612948858,No,No,Normal,Safe,Stable
45458.5,June,262.82,92.84999999999999,1,27.45,7.72,7.88,3.71,6,6,0,4,29.1,33.9,24.1,3.99,6,16.36842105263158,3.157894736842105,8.15867806809684,0.4016147036945747,0.01107463316414528,Yes,Yes,Normal,Safe,Stable
45458.54166666666,June,262.82,92.84999999999999,1,27.45,7.72,7.88,3.71,6,6,0,5,29.1,33.9,24.1,3.99,6,16.42105263157895,2.894736842105263,8.163445815728041,0.4021603711445748,0.009694150198801972,No,No,Normal,Safe,Stable
45458.58333333334,June,262.82,92.84999999999999,1,27.45,7.72,7.88,3.71,6,6,0,4,29.1,33.9,24.1,3.99,6,16.47368421052632,2.631578947368421,8.168213563359242,0.4027060385945749,0.008313667233458668,Yes,No,Normal,Safe,Stable
45458.625,June,262.82,92.84999999999999,1,27.45,7.72,7.88,3.71,6,6,0,4,29.1,33.9,24.1,3.99,6,16.52631578947368,2.368421052631579,8.172981310990441,0.4032517060445751,0.006933184268115365,No,No,Normal,Safe,Stable
45458.66666666666,June,262.82,92.84999999999999,1,27.45,7.72,7.88,3.71,6,6,1,5,29.1,33.9,24.1,3.99,6,16.57894736842105,2.105263157894737,8.177749058621641,0.4037973734945752,0.005552701302772061,Yes,No,Normal,Safe,Stable
45458.70833333334,June,262.82,92.84999999999999,1,27.45,7.72,7.88,3.71,6,6,1,2,29.1,33.9,24.1,3.99,6,16.63157894736842,1.842105263157895,8.182516806252842,0.4043430409445753,0.004172218337428757,No,No,Normal,Safe,Stable
45458.75,June,262.82,92.84999999999999,1,27.45,7.72,7.88,3.71,6,6,1,4,29.1,33.9,24.1,3.99,6,16.68421052631579,1.578947368421053,8.187284553884043,0.4048887083945754,0.002791735372085453,Yes,Yes,Normal,Safe,Stable
45458.79166666666,June,262.82,92.84999999999999,1,27.45,7.72,7.88,3.71,6,6,0,4,29.1,33.9,24.1,3.99,6,16.73684210526316,1.315789473684211,8.192052301515243,0.4054343758445755,0.001411252406742152,No,No,Normal,Safe,Stable
45458.83333333334,June,262.82,92.84999999999999,1,27.45,7.72,7.88,3.71,6,6,0,4,29.1,33.9,24.1,3.99,6,16.78947368421053,1.052631578947369,8.196820049146444,0.4059800432945756,3.076944139884796E-05,Yes,No,Normal,Safe,Stable
45458.875,June,262.82,92.84999999999999,1,27.45,7.72,7.88,3.71,6,6,1,4,29.1,33.9,24.1,3.99,6,16.84210526315789,0.7894736842105265,8.201587796777643,0.4065257107445757,-0.001349713523944456,No,No,Normal,Safe,Stable
45458.91666666666,June,262.82,92.84999999999999,1,27.45,7.72,7.88,3.71,6,6,0,6,29.1,33.9,24.1,3.99,6,16.89473684210526,0.5263157894736841,8.206355544408844,0.4070713781945758,-0.00273019648928776,Yes,No,Normal,Safe,Stable
45458.95833333334,June,262.82,92.84999999999999,1,27.45,7.72,7.88,3.71,6,6,0,2,29.1,33.9,24.1,3.99,6,16.94736842105263,0.2631578947368425,8.211123292040044,0.407617045644576,-0.004110679454631064,No,No,Normal,Safe,Stable
45459,June,262.82,92.84999999999999,1,27.45,7.72,7.88,3.71,6,6,0,5,29.1,33.9,24.1,3.99,6,17,0,8.215891039671245,0.4081627130945761,-0.005491162419974369,Yes,Yes,Normal,Safe,Stable
45459.04166666666,June,262.82,92.84999999999999,1,27.45,7.72,7.88,3.71,6,6,0,1,29.1,33.9,24.1,3.99,6,17,1,8.305961059992335,0.3228713948910555,0.1235388510450884,No,No,Normal,Safe,Stable
45459.08333333334,June,262.82,92.84999999999999,1,27.45,7.72,7.88,3.71,6,6,1,2,29.1,33.9,24.1,3.99,6,17,2,7.892265213105317,0.9896184853766296,0.03567389952414923,Yes,No,Normal,Safe,Stable
45459.125,June,262.82,92.84999999999999,1,27.45,7.72,7.88,3.71,6,6,0,5,29.1,33.9,24.1,3.99,6,17,3,8.346126894137681,0.2329470563027988,0.9440264217715594,No,No,Normal,Safe,Stable
45459.16666666666,June,262.82,92.84999999999999,1,27.45,7.72,7.88,3.71,6,6,0,6,29.1,33.9,24.1,3.99,6,17,4,7.87056569251519,0.9780520557474554,0.01693099954275085,Yes,No,Normal,Safe,Stable
45459.20833333334,June,262.82,92.84999999999999,1,27.45,7.72,7.88,3.71,6,6,0,5,29.1,33.9,24.1,3.99,6,17,5,8.567624958703048,0.3974795770889568,0.002074196313113341,No,No,Normal,Safe,Stable
45459.25,June,262.82,92.84999999999999,1,27.45,7.72,7.88,3.71,6,6,1,5,29.1,33.9,24.1,3.99,6,17.05263157894737,4.736842105263158,8.537947178998964,0.3974721436923293,0.003787426712172525,Yes,Yes,Normal,Safe,Stable
45459.29166666666,June,262.82,92.84999999999999,1,27.45,7.72,7.88,3.71,6,6,1,6,29.1,33.9,24.1,3.99,6,17.10526315789474,4.473684210526316,8.50826939929488,0.3974647102957018,0.00550065711123171,No,No,Normal,Safe,Stable
45459.33333333334,June,262.82,92.84999999999999,1,27.45,7.72,7.88,3.71,6,6,1,4,29.1,33.9,24.1,3.99,6,17.15789473684211,4.210526315789473,8.478591619590796,0.3974572768990743,0.007213887510290893,Yes,No,Normal,Safe,Stable
45459.375,June,262.82,92.84999999999999,1,27.45,7.72,7.88,3.71,6,6,0,5,29.1,33.9,24.1,3.99,6,17.21052631578947,3.947368421052632,8.448913839886711,0.3974498435024468,0.008927117909350078,No,No,Normal,Safe,Stable
45459.41666666666,June,262.82,92.84999999999999,1,27.45,7.72,7.88,3.71,6,6,1,6,29.1,33.9,24.1,3.99,6,17.26315789473684,3.684210526315789,8.419236060182627,0.3974424101058192,0.01064034830840926,Yes,No,Normal,Safe,Stable
45459.45833333334,June,262.82,92.84999999999999,1,27.45,7.72,7.88,3.71,6,6,1,5,29.1,33.9,24.1,3.99,6,17.31578947368421,3.421052631578947,8.389558280478543,0.3974349767091917,0.01235357870746845,No,No,Normal,Safe,Stable
45459.5,June,262.82,92.84999999999999,1,27.45,7.72,7.88,3.71,6,6,1,4,29.1,33.9,24.1,3.99,6,17.36842105263158,3.157894736842105,8.359880500774459,0.3974275433125642,0.01406680910652763,Yes,Yes,Normal,Safe,Stable
45459.54166666666,June,262.82,92.84999999999999,1,27.45,7.72,7.88,3.71,6,6,0,4,29.1,33.9,24.1,3.99,6,17.42105263157895,2.894736842105263,8.330202721070375,0.3974201099159367,0.01578003950558681,No,No,Normal,Safe,Stable
45459.58333333334,June,262.82,92.84999999999999,1,27.45,7.72,7.88,3.71,6,6,0,6,29.1,33.9,24.1,3.99,6,17.47368421052632,2.631578947368421,8.300524941366291,0.3974126765193092,0.017493269904646,Yes,No,Normal,Safe,Stable
45459.625,June,262.82,92.84999999999999,1,27.45,7.72,7.88,3.71,6,6,1,6,29.1,33.9,24.1,3.99,6,17.52631578947368,2.368421052631579,8.270847161662205,0.3974052431226817,0.01920650030370518,No,No,Normal,Safe,Stable
45459.66666666666,June,262.82,92.84999999999999,1,27.45,7.72,7.88,3.71,6,6,0,5,29.1,33.9,24.1,3.99,6,17.57894736842105,2.105263157894737,8.241169381958121,0.3973978097260542,0.02091973070276437,Yes,No,Normal,Safe,Stable
45459.70833333334,June,262.82,92.84999999999999,1,27.45,7.72,7.88,3.71,6,6,0,4,29.1,33.9,24.1,3.99,6,17.63157894736842,1.842105263157895,8.211491602254037,0.3973903763294266,0.02263296110182355,No,No,Normal,Safe,Stable
45459.75,June,262.82,92.84999999999999,1,27.45,7.72,7.88,3.71,6,6,0,4,29.1,33.9,24.1,3.99,6,17.68421052631579,1.578947368421053,8.181813822549953,0.3973829429327991,0.02434619150088273,Yes,Yes,Normal,Safe,Stable
45459.79166666666,June,262.82,92.84999999999999,1,27.45,7.72,7.88,3.71,6,6,0,2,29.1,33.9,24.1,3.99,6,17.73684210526316,1.315789473684211,8.15213604284587,0.3973755095361716,0.02605942189994192,No,No,Normal,Safe,Stable
45459.83333333334,June,262.82,92.84999999999999,1,27.45,7.72,7.88,3.71,6,6,0,5,29.1,33.9,24.1,3.99,6,17.78947368421053,1.052631578947369,8.122458263141786,0.3973680761395441,0.0277726522990011,Yes,No,Normal,Safe,Stable
45459.875,June,262.82,92.84999999999999,1,27.45,7.72,7.88,3.71,6,6,1,5,29.1,33.9,24.1,3.99,6,17.84210526315789,0.7894736842105265,8.0927804834377,0.3973606427429165,0.02948588269806029,No,No,Normal,Safe,Stable
45459.91666666666,June,262.82,92.84999999999999,1,27.45,7.72,7.88,3.71,6,6,0,4,29.1,33.9,24.1,3.99,6,17.89473684210526,0.5263157894736841,8.063102703733616,0.397353209346289,0.03119911309711947,Yes,No,Normal,Safe,Stable
45459.95833333334,June,262.82,92.84999999999999,1,27.45,7.72,7.88,3.71,6,6,0,4,29.1,33.9,24.1,3.99,6,17.94736842105263,0.2631578947368425,8.033424924029532,0.3973457759496615,0.03291234349617866,No,No,Normal,Safe,Stable
45460,June,262.82,92.84999999999999,1,27.45,7.72,7.88,3.71,6,6,0,5,29.1,33.9,24.1,3.99,6,18,0,8.003747144325448,0.397338342553034,0.03462557389523784,Yes,Yes,Normal,Safe,Stable
45460.04166666666,June,262.82,92.84999999999999,1,27.45,7.72,7.88,3.71,6,6,0,4,29.1,33.9,24.1,3.99,6,18,1,8.440788754776941,0.2874753745742648,0.09555051461660503,No,No,Normal,Safe,Stable
45460.08333333334,June,262.82,92.84999999999999,1,27.45,7.72,7.88,3.71,6,6,0,5,29.1,33.9,24.1,3.99,6,18,2,7.99862551604411,0.9214408298937053,-0.004952821874175677,Yes,No,Normal,Safe,Stable
45460.125,June,262.82,92.84999999999999,1,27.45,7.72,7.88,3.71,6,6,1,5,29.1,33.9,24.1,3.99,6,18,3,8.266348944926051,0.167983575305703,0.878149038073661,No,No,Normal,Safe,Stable
45460.16666666666,June,262.82,92.84999999999999,1,27.45,7.72,7.88,3.71,6,6,0,5,29.1,33.9,24.1,3.99,6,18,4,8.016865313943962,0.2726037345007418,0.8719926550367719,Yes,No,Normal,Safe,Stable
45460.20833333334,June,262.82,92.84999999999999,1,27.45,7.72,7.88,3.71,6,6,1,4,29.1,33.9,24.1,3.99,6,18,5,8.05265265382967,0.4186497925881539,0.004957581959760883,No,No,Normal,Safe,Stable
45460.25,June,262.82,92.84999999999999,1,27.45,7.72,7.88,3.71,6,6,0,5,29.1,33.9,24.1,3.99,6,18.05263157894737,4.736842105263158,8.042947744439866,0.4173673044600037,0.005667380489794729,Yes,Yes,Normal,Safe,Stable
45460.29166666666,June,262.82,92.84999999999999,1,27.45,7.72,7.88,3.71,6,6,0,5,29.1,33.9,24.1,3.99,6,18.10526315789474,4.473684210526316,8.033242835050062,0.4160848163318535,0.006377179019828575,No,No,Normal,Safe,Stable
45460.33333333334,June,262.82,92.84999999999999,1,27.45,7.72,7.88,3.71,6,6,0,5,29.1,33.9,24.1,3.99,6,18.15789473684211,4.210526315789473,8.023537925660259,0.4148023282037033,0.007086977549862422,Yes,No,Normal,Safe,Stable
45460.375,June,262.82,92.84999999999999,1,27.45,7.72,7.88,3.71,6,6,0,5,29.1,33.9,24.1,3.99,6,18.21052631578947,3.947368421052632,8.013833016270455,0.4135198400755531,0.007796776079896268,No,No,Normal,Safe,Stable
45460.41666666666,June,262.82,92.84999999999999,1,27.45,7.72,7.88,3.71,6,6,0,5,29.1,33.9,24.1,3.99,6,18.26315789473684,3.684210526315789,8.004128106880652,0.412237351947403,0.008506574609930113,Yes,No,Normal,Safe,Stable
45460.45833333334,June,262.82,92.84999999999999,1,27.45,7.72,7.88,3.71,6,6,0,4,29.1,33.9,24.1,3.99,6,18.31578947368421,3.421052631578947,7.994423197490848,0.4109548638192528,0.00921637313996396,No,No,Normal,Safe,Stable
45460.5,June,262.82,92.84999999999999,1,27.45,7.72,7.88,3.71,6,6,0,5,29.1,33.9,24.1,3.99,6,18.36842105263158,3.157894736842105,7.984718288101044,0.4096723756911026,0.009926171669997806,Yes,Yes,Normal,Safe,Stable
45460.54166666666,June,262.82,92.84999999999999,1,27.45,7.72,7.88,3.71,6,6,0,2,29.1,33.9,24.1,3.99,6,18.42105263157895,2.894736842105263,7.975013378711241,0.4083898875629524,0.01063597020003165,No,No,Normal,Safe,Stable
45460.58333333334,June,262.82,92.84999999999999,1,27.45,7.72,7.88,3.71,6,6,0,4,29.1,33.9,24.1,3.99,6,18.47368421052632,2.631578947368421,7.965308469321437,0.4071073994348022,0.0113457687300655,Yes,No,Normal,Safe,Stable
45460.625,June,262.82,92.84999999999999,1,27.45,7.72,7.88,3.71,6,6,0,5,29.1,33.9,24.1,3.99,6,18.52631578947368,2.368421052631579,7.955603559931633,0.405824911306652,0.01205556726009934,No,No,Normal,Safe,Stable
45460.66666666666,June,262.82,92.84999999999999,1,27.45,7.72,7.88,3.71,6,6,0,4,29.1,33.9,24.1,3.99,6,18.57894736842105,2.105263157894737,7.945898650541829,0.4045424231785019,0.01276536579013319,Yes,No,Normal,Safe,Stable
45460.70833333334,June,262.82,92.84999999999999,1,27.45,7.72,7.88,3.71,6,6,0,5,29.1,33.9,24.1,3.99,6,18.63157894736842,1.842105263157895,7.936193741152025,0.4032599350503517,0.01347516432016704,No,No,Normal,Safe,Stable
45460.75,June,262.82,92.84999999999999,1,27.45,7.72,7.88,3.71,6,6,1,4,29.1,33.9,24.1,3.99,6,18.68421052631579,1.578947368421053,7.926488831762222,0.4019774469222015,0.01418496285020088,Yes,Yes,Normal,Safe,Stable
45460.79166666666,June,262.82,92.84999999999999,1,27.45,7.72,7.88,3.71,6,6,0,2,29.1,33.9,24.1,3.99,6,18.73684210526316,1.315789473684211,7.916783922372418,0.4006949587940513,0.01489476138023473,No,No,Normal,Safe,Stable
45460.83333333334,June,262.82,92.84999999999999,1,27.45,7.72,7.88,3.71,6,6,0,6,29.1,33.9,24.1,3.99,6,18.78947368421053,1.052631578947369,7.907079012982615,0.3994124706659011,0.01560455991026858,Yes,No,Normal,Safe,Stable
45460.875,June,262.82,92.84999999999999,1,27.45,7.72,7.88,3.71,6,6,0,4,29.1,33.9,24.1,3.99,6,18.84210526315789,0.7894736842105265,7.897374103592811,0.3981299825377509,0.01631435844030242,No,No,Normal,Safe,Stable
45460.91666666666,June,262.82,92.84999999999999,1,27.45,7.72,7.88,3.71,6,6,0,5,29.1,33.9,24.1,3.99,6,18.89473684210526,0.5263157894736841,7.887669194203007,0.3968474944096008,0.01702415697033627,Yes,No,Normal,Safe,Stable
45460.95833333334,June,262.82,92.84999999999999,1,27.45,7.72,7.88,3.71,6,6,0,4,29.1,33.9,24.1,3.99,6,18.94736842105263,0.2631578947368425,7.877964284813204,0.3955650062814506,0.01773395550037012,No,No,Normal,Safe,Stable
45461,June,262.82,92.84999999999999,1,27.45,7.72,7.88,3.71,6,6,0,5,29.1,33.9,24.1,3.99,6,19,0,7.8682593754234,0.3942825181533004,0.01844375403040396,Yes,Yes,Normal,Safe,Stable
45461.04166666666,June,262.82,92.84999999999999,1,27.45,7.72,7.88,3.71,6,6,1,4,29.1,33.9,24.1,3.99,6,19,1,8.145132783957907,0.9464945605280114,0.02194846656565731,No,No,Normal,Safe,Stable
45461.08333333334,June,262.82,92.84999999999999,1,27.45,7.72,7.88,3.71,6,6,0,4,29.1,33.9,24.1,3.99,6,19,2,8.118646883132961,0.3464602265211809,0.4225149890723486,Yes,No,Normal,Safe,Stable
45461.125,June,262.82,92.84999999999999,1,27.45,7.72,7.88,3.71,6,6,1,2,29.1,33.9,24.1,3.99,6,19,3,7.716828420107549,0.9667648183297669,-0.006651369460019799,No,No,Normal,Safe,Stable
45461.16666666666,June,262.82,92.84999999999999,1,27.45,7.72,7.88,3.71,6,6,0,2,29.1,33.9,24.1,3.99,6,19,4,8.389115885125797,0.2633449663783949,0.8630651849142594,Yes,No,Normal,Safe,Stable
45461.20833333334,June,262.82,92.84999999999999,1,27.45,7.72,7.88,3.71,6,6,0,5,29.1,33.9,24.1,3.99,6,19,5,8.366999222992561,0.4154291976935504,-0.007170768073674677,No,No,Normal,Safe,Stable
45461.25,June,262.82,92.84999999999999,1,27.45,7.72,7.88,3.71,6,6,1,2,29.1,33.9,24.1,3.99,6,19.05263157894737,4.736842105263158,8.341751634730233,0.4446856000463932,-0.007620308316213157,Yes,Yes,Normal,Safe,Stable
45461.29166666666,June,262.82,92.84999999999999,1,27.45,7.72,7.88,3.71,6,6,1,5,29.1,33.9,24.1,3.99,6,19.10526315789474,4.473684210526316,8.316504046467905,0.4739420023992361,-0.008069848558751638,No,No,Normal,Safe,Stable
45461.33333333334,June,262.82,92.84999999999999,1,27.45,7.72,7.88,3.71,6,6,0,2,29.1,33.9,24.1,3.99,6,19.15789473684211,4.210526315789473,8.291256458205575,0.5031984047520789,-0.008519388801290119,Yes,No,Normal,Safe,Stable
45461.375,June,262.82,92.84999999999999,1,27.45,7.72,7.88,3.71,6,6,0,4,29.1,33.9,24.1,3.99,6,19.21052631578947,3.947368421052632,8.266008869943247,0.5324548071049218,-0.008968929043828599,No,No,Normal,Safe,Stable
45461.41666666666,June,262.82,92.84999999999999,1,27.45,7.72,7.88,3.71,6,6,0,4,29.1,33.9,24.1,3.99,6,19.26315789473684,3.684210526315789,8.240761281680919,0.5617112094577645,-0.00941846928636708,Yes,No,Normal,Safe,Stable
45461.45833333334,June,262.82,92.84999999999999,1,27.45,7.72,7.88,3.71,6,6,1,6,29.1,33.9,24.1,3.99,6,19.31578947368421,3.421052631578947,8.215513693418592,0.5909676118106074,-0.009868009528905562,No,No,Normal,Safe,Stable
45461.5,June,262.82,92.84999999999999,1,27.45,7.72,7.88,3.71,6,6,0,4,29.1,33.9,24.1,3.99,6,19.36842105263158,3.157894736842105,8.190266105156264,0.6202240141634503,-0.01031754977144404,Yes,Yes,Normal,Safe,Stable
45461.54166666666,June,262.82,92.84999999999999,1,27.45,7.72,7.88,3.71,6,6,1,6,29.1,33.9,24.1,3.99,6,19.42105263157895,2.894736842105263,8.165018516893934,0.6494804165162931,-0.01076709001398252,No,No,Normal,Safe,Stable
45461.58333333334,June,262.82,92.84999999999999,1,27.45,7.72,7.88,3.71,6,6,1,6,29.1,33.9,24.1,3.99,6,19.47368421052632,2.631578947368421,8.139770928631606,0.6787368188691359,-0.011216630256521,Yes,No,Normal,Safe,Stable
45461.625,June,262.82,92.84999999999999,1,27.45,7.72,7.88,3.71,6,6,0,1,29.1,33.9,24.1,3.99,6,19.52631578947368,2.368421052631579,8.114523340369278,0.7079932212219788,-0.01166617049905948,No,No,Normal,Safe,Stable
45461.66666666666,June,262.82,92.84999999999999,1,27.45,7.72,7.88,3.71,6,6,0,2,29.1,33.9,24.1,3.99,6,19.57894736842105,2.105263157894737,8.08927575210695,0.7372496235748216,-0.01211571074159797,Yes,No,Normal,Safe,Stable
45461.70833333334,June,262.82,92.84999999999999,1,27.45,7.72,7.88,3.71,6,6,0,4,29.1,33.9,24.1,3.99,6,19.63157894736842,1.842105263157895,8.06402816384462,0.7665060259276645,-0.01256525098413645,No,No,Normal,Safe,Stable
45461.75,June,262.82,92.84999999999999,1,27.45,7.72,7.88,3.71,6,6,0,2,29.1,33.9,24.1,3.99,6,19.68421052631579,1.578947368421053,8.038780575582292,0.7957624282805074,-0.01301479122667493,Yes,Yes,Normal,Safe,Stable
45461.79166666666,June,262.82,92.84999999999999,1,27.45,7.72,7.88,3.71,6,6,0,4,29.1,33.9,24.1,3.99,6,19.73684210526316,1.315789473684211,8.013532987319964,0.8250188306333501,-0.01346433146921341,No,No,Normal,Safe,Stable
45461.83333333334,June,262.82,92.84999999999999,1,27.45,7.72,7.88,3.71,6,6,0,5,29.1,33.9,24.1,3.99,6,19.78947368421053,1.052631578947369,7.988285399057636,0.854275232986193,-0.01391387171175189,Yes,No,Normal,Safe,Stable
45461.875,June,262.82,92.84999999999999,1,27.45,7.72,7.88,3.71,6,6,0,5,29.1,33.9,24.1,3.99,6,19.84210526315789,0.7894736842105265,7.963037810795307,0.8835316353390359,-0.01436341195429037,No,No,Normal,Safe,Stable
45461.91666666666,June,262.82,92.84999999999999,1,27.45,7.72,7.88,3.71,6,6,0,2,29.1,33.9,24.1,3.99,6,19.89473684210526,0.5263157894736841,7.937790222532979,0.9127880376918787,-0.01481295219682885,Yes,No,Normal,Safe,Stable
45461.95833333334,June,262.82,92.84999999999999,1,27.45,7.72,7.88,3.71,6,6,0,5,29.1,33.9,24.1,3.99,6,19.94736842105263,0.2631578947368425,7.91254263427065,0.9420444400447214,-0.01526249243936733,No,No,Normal,Safe,Stable
45462,June,262.82,92.84999999999999,1,27.45,7.72,7.88,3.71,6,6,0,5,29.1,33.9,24.1,3.99,6,20,0,7.887295046008322,0.9713008423975643,-0.01571203268190581,Yes,Yes,Normal,Safe,Stable
45462.04166666666,June,262.82,92.84999999999999,1,27.45,7.72,7.88,3.71,6,6,0,2,29.1,33.9,24.1,3.99,6,20,1,8.22154106335817,0.3184609595362634,0.4615509431903839,No,No,Normal,Safe,Stable
45462.08333333334,June,262.82,92.84999999999999,1,27.45,7.72,7.88,3.71,6,6,0,5,29.1,33.9,24.1,3.99,6,20,2,8.149837339021879,0.3018016458755175,0.5118620886048726,Yes,No,Normal,Safe,Stable
45462.125,June,262.82,92.84999999999999,1,27.45,7.72,7.88,3.71,6,6,0,5,29.1,33.9,24.1,3.99,6,20,3,8.641592334953557,0.1720618031147648,0.8512319519889258,No,No,Normal,Safe,Stable
45462.16666666666,June,262.82,92.84999999999999,1,27.45,7.72,7.88,3.71,6,6,0,4,29.1,33.9,24.1,3.99,6,20,4,8.206193572173619,0.9650900674273382,0.001652721905513801,Yes,No,Normal,Safe,Stable
45462.20833333334,June,262.82,92.84999999999999,1,27.45,7.72,7.88,3.71,6,6,0,6,29.1,33.9,24.1,3.99,6,20,5,7.992987456894984,0.3936922248765847,0.001905044153134474,No,No,Normal,Safe,Stable
45462.25,June,262.82,92.84999999999999,1,27.45,7.72,7.88,3.71,6,6,0,2,29.1,33.9,24.1,3.99,6,20.05263157894737,4.736842105263158,7.984057284416042,0.4246587178629413,0.002816915172329757,Yes,Yes,Normal,Safe,Stable
45462.29166666666,June,262.82,92.84999999999999,1,27.45,7.72,7.88,3.71,6,6,1,1,29.1,33.9,24.1,3.99,6,20.10526315789474,4.473684210526316,7.975127111937098,0.4556252108492979,0.003728786191525041,No,No,Normal,Safe,Stable
45462.33333333334,June,262.82,92.84999999999999,1,27.45,7.72,7.88,3.71,6,6,0,2,29.1,33.9,24.1,3.99,6,20.15789473684211,4.210526315789473,7.966196939458156,0.4865917038356544,0.004640657210720324,Yes,No,Normal,Safe,Stable
45462.375,June,262.82,92.84999999999999,1,27.45,7.72,7.88,3.71,6,6,1,4,29.1,33.9,24.1,3.99,6,20.21052631578947,3.947368421052632,7.957266766979213,0.5175581968220111,0.005552528229915608,No,No,Normal,Safe,Stable
45462.41666666666,June,262.82,92.84999999999999,1,27.45,7.72,7.88,3.71,6,6,0,1,29.1,33.9,24.1,3.99,6,20.26315789473684,3.684210526315789,7.94833659450027,0.5485246898083677,0.006464399249110891,Yes,No,Normal,Safe,Stable
45462.45833333334,June,262.82,92.84999999999999,1,27.45,7.72,7.88,3.71,6,6,0,5,29.1,33.9,24.1,3.99,6,20.31578947368421,3.421052631578947,7.939406422021327,0.5794911827947242,0.007376270268306175,No,No,Normal,Safe,Stable
45462.5,June,262.82,92.84999999999999,1,27.45,7.72,7.88,3.71,6,6,0,1,29.1,33.9,24.1,3.99,6,20.36842105263158,3.157894736842105,7.930476249542384,0.6104576757810808,0.008288141287501459,Yes,Yes,Normal,Safe,Stable
45462.54166666666,June,262.82,92.84999999999999,1,27.45,7.72,7.88,3.71,6,6,0,5,29.1,33.9,24.1,3.99,6,20.42105263157895,2.894736842105263,7.921546077063441,0.6414241687674374,0.009200012306696741,No,No,Normal,Safe,Stable
45462.58333333334,June,262.82,92.84999999999999,1,27.45,7.72,7.88,3.71,6,6,1,5,29.1,33.9,24.1,3.99,6,20.47368421052632,2.631578947368421,7.912615904584499,0.672390661753794,0.01011188332589203,Yes,No,Normal,Safe,Stable
45462.625,June,262.82,92.84999999999999,1,27.45,7.72,7.88,3.71,6,6,0,4,29.1,33.9,24.1,3.99,6,20.52631578947368,2.368421052631579,7.903685732105555,0.7033571547401506,0.01102375434508731,No,No,Normal,Safe,Stable
45462.66666666666,June,262.82,92.84999999999999,1,27.45,7.72,7.88,3.71,6,6,0,1,29.1,33.9,24.1,3.99,6,20.57894736842105,2.105263157894737,7.894755559626613,0.7343236477265072,0.01193562536428259,Yes,No,Normal,Safe,Stable
45462.70833333334,June,262.82,92.84999999999999,1,27.45,7.72,7.88,3.71,6,6,0,2,29.1,33.9,24.1,3.99,6,20.63157894736842,1.842105263157895,7.88582538714767,0.7652901407128638,0.01284749638347788,No,No,Normal,Safe,Stable
45462.75,June,262.82,92.84999999999999,1,27.45,7.72,7.88,3.71,6,6,0,4,29.1,33.9,24.1,3.99,6,20.68421052631579,1.578947368421053,7.876895214668727,0.7962566336992203,0.01375936740267316,Yes,Yes,Normal,Safe,Stable
45462.79166666666,June,262.82,92.84999999999999,1,27.45,7.72,7.88,3.71,6,6,0,4,29.1,33.9,24.1,3.99,6,20.73684210526316,1.315789473684211,7.867965042189784,0.827223126685577,0.01467123842186844,No,No,Normal,Safe,Stable
45462.83333333334,June,262.82,92.84999999999999,1,27.45,7.72,7.88,3.71,6,6,0,4,29.1,33.9,24.1,3.99,6,20.78947368421053,1.052631578947369,7.859034869710841,0.8581896196719336,0.01558310944106372,Yes,No,Normal,Safe,Stable
45462.875,June,262.82,92.84999999999999,1,27.45,7.72,7.88,3.71,6,6,0,1,29.1,33.9,24.1,3.99,6,20.84210526315789,0.7894736842105265,7.850104697231898,0.8891561126582901,0.01649498046025901,No,No,Normal,Safe,Stable
45462.91666666666,June,262.82,92.84999999999999,1,27.45,7.72,7.88,3.71,6,6,0,4,29.1,33.9,24.1,3.99,6,20.89473684210526,0.5263157894736841,7.841174524752955,0.9201226056446468,0.01740685147945429,Yes,No,Normal,Safe,Stable
45462.95833333334,June,262.82,92.84999999999999,1,27.45,7.72,7.88,3.71,6,6,0,2,29.1,33.9,24.1,3.99,6,20.94736842105263,0.2631578947368425,7.832244352274012,0.9510890986310032,0.01831872249864958,No,No,Normal,Safe,Stable
45463,June,262.82,92.84999999999999,1,27.45,7.72,7.88,3.71,6,6,0,5,29.1,33.9,24.1,3.99,6,21,0,7.823314179795069,0.9820555916173599,0.01923059351784486,Yes,Yes,Normal,Safe,Stable
45463.04166666666,June,262.82,92.84999999999999,1,27.45,7.72,7.88,3.71,6,6,0,1,29.1,33.9,24.1,3.99,6,21,1,8.25836392909657,0.3204133864746359,0.1525088836721447,No,No,Normal,Safe,Stable
45463.08333333334,June,262.82,92.84999999999999,1,27.45,7.72,7.88,3.71,6,6,0,4,29.1,33.9,24.1,3.99,6,21,2,7.757704333514202,0.962169130538819,0.01405981469135434,Yes,No,Normal,Safe,Stable
45463.125,June,262.82,92.84999999999999,1,27.45,7.72,7.88,3.71,6,6,0,4,29.1,33.9,24.1,3.99,6,21,3,8.142498180590467,0.2891563180184196,0.8700674905392318,No,No,Normal,Safe,Stable
45463.16666666666,June,262.82,92.84999999999999,1,27.45,7.72,7.88,3.71,6,6,0,1,29.1,33.9,24.1,3.99,6,21,4,8.406156930464768,0.2531249253451018,0.8727190674115485,Yes,No,Normal,Safe,Stable
45463.20833333334,June,262.82,92.84999999999999,1,27.45,7.72,7.88,3.71,6,6,1,5,29.1,33.9,24.1,3.99,6,21,5,8.453212415380824,0.3883714274963002,-0.009223675405422361,No,No,Normal,Safe,Stable
45463.25,June,262.82,92.84999999999999,1,27.45,7.72,7.88,3.71,6,6,0,1,29.1,33.9,24.1,3.99,6,21.05263157894737,4.736842105263158,8.444216411820239,0.3896750542561285,-0.007942878149962255,Yes,Yes,Normal,Safe,Stable
45463.29166666666,June,262.82,92.84999999999999,1,27.45,7.72,7.88,3.71,6,6,1,4,29.1,33.9,24.1,3.99,6,21.10526315789474,4.473684210526316,8.435220408259655,0.3909786810159567,-0.006662080894502148,No,No,Normal,Safe,Stable
45463.33333333334,June,262.82,92.84999999999999,1,27.45,7.72,7.88,3.71,6,6,0,1,29.1,33.9,24.1,3.99,6,21.15789473684211,4.210526315789473,8.426224404699068,0.3922823077757849,-0.005381283639042042,Yes,No,Normal,Safe,Stable
45463.375,June,262.82,92.84999999999999,1,27.45,7.72,7.88,3.71,6,6,0,4,29.1,33.9,24.1,3.99,6,21.21052631578947,3.947368421052632,8.417228401138484,0.3935859345356132,-0.004100486383581936,No,No,Normal,Safe,Stable
45463.41666666666,June,262.82,92.84999999999999,1,27.45,7.72,7.88,3.71,6,6,0,2,29.1,33.9,24.1,3.99,6,21.26315789473684,3.684210526315789,8.408232397577899,0.3948895612954414,-0.002819689128121829,Yes,No,Normal,Safe,Stable
45463.45833333334,June,262.82,92.84999999999999,1,27.45,7.72,7.88,3.71,6,6,0,4,29.1,33.9,24.1,3.99,6,21.31578947368421,3.421052631578947,8.399236394017315,0.3961931880552697,-0.001538891872661723,No,No,Normal,Safe,Stable
45463.5,June,262.82,92.84999999999999,1,27.45,7.72,7.88,3.71,6,6,0,1,29.1,33.9,24.1,3.99,6,21.36842105263158,3.157894736842105,8.39024039045673,0.3974968148150979,-0.0002580946172016166,Yes,Yes,Normal,Safe,Stable
45463.54166666666,June,262.82,92.84999999999999,1,27.45,7.72,7.88,3.71,6,6,0,5,29.1,33.9,24.1,3.99,6,21.42105263157895,2.894736842105263,8.381244386896144,0.3988004415749261,0.00102270263825849,No,No,Normal,Safe,Stable
45463.58333333334,June,262.82,92.84999999999999,1,27.45,7.72,7.88,3.71,6,6,0,2,29.1,33.9,24.1,3.99,6,21.47368421052632,2.631578947368421,8.37224838333556,0.4001040683347544,0.002303499893718596,Yes,No,Normal,Safe,Stable
45463.625,June,262.82,92.84999999999999,1,27.45,7.72,7.88,3.71,6,6,1,5,29.1,33.9,24.1,3.99,6,21.52631578947368,2.368421052631579,8.363252379774975,0.4014076950945826,0.003584297149178703,No,No,Normal,Safe,Stable
45463.66666666666,June,262.82,92.84999999999999,1,27.45,7.72,7.88,3.71,6,6,0,5,29.1,33.9,24.1,3.99,6,21.57894736842105,2.105263157894737,8.354256376214391,0.4027113218544109,0.004865094404638809,Yes,No,Normal,Safe,Stable
45463.70833333334,June,262.82,92.84999999999999,1,27.45,7.72,7.88,3.71,6,6,0,6,29.1,33.9,24.1,3.99,6,21.63157894736842,1.842105263157895,8.345260372653804,0.4040149486142391,0.006145891660098915,No,No,Normal,Safe,Stable
45463.75,June,262.82,92.84999999999999,1,27.45,7.72,7.88,3.71,6,6,0,4,29.1,33.9,24.1,3.99,6,21.68421052631579,1.578947368421053,8.33626436909322,0.4053185753740673,0.00742668891555902,Yes,Yes,Normal,Safe,Stable
45463.79166666666,June,262.82,92.84999999999999,1,27.45,7.72,7.88,3.71,6,6,0,5,29.1,33.9,24.1,3.99,6,21.73684210526316,1.315789473684211,8.327268365532635,0.4066222021338956,0.008707486171019128,No,No,Normal,Safe,Stable
45463.83333333334,June,262.82,92.84999999999999,1,27.45,7.72,7.88,3.71,6,6,0,5,29.1,33.9,24.1,3.99,6,21.78947368421053,1.052631578947369,8.318272361972051,0.4079258288937238,0.009988283426479236,Yes,No,Normal,Safe,Stable
45463.875,June,262.82,92.84999999999999,1,27.45,7.72,7.88,3.71,6,6,0,5,29.1,33.9,24.1,3.99,6,21.84210526315789,0.7894736842105265,8.309276358411466,0.4092294556535521,0.01126908068193934,No,No,Normal,Safe,Stable
45463.91666666666,June,262.82,92.84999999999999,1,27.45,7.72,7.88,3.71,6,6,1,2,29.1,33.9,24.1,3.99,6,21.89473684210526,0.5263157894736841,8.30028035485088,0.4105330824133803,0.01254987793739945,Yes,No,Normal,Safe,Stable
45463.95833333334,June,262.82,92.84999999999999,1,27.45,7.72,7.88,3.71,6,6,0,4,29.1,33.9,24.1,3.99,6,21.94736842105263,0.2631578947368425,8.291284351290296,0.4118367091732085,0.01383067519285955,No,No,Normal,Safe,Stable
45464,June,262.82,92.84999999999999,1,27.45,7.72,7.88,3.71,6,6,0,2,29.1,33.9,24.1,3.99,6,22,0,8.282288347729711,0.4131403359330368,0.01511147244831966,Yes,Yes,Normal,Safe,Stable
45464.04166666666,June,262.82,92.84999999999999,1,27.45,7.72,7.88,3.71,6,6,0,4,29.1,33.9,24.1,3.99,6,22,1,7.663130551167837,0.9824755299640737,-0.01723179527703088,No,No,Normal,Safe,Stable
45464.08333333334,June,262.82,92.84999999999999,1,27.45,7.72,7.88,3.71,6,6,0,5,29.1,33.9,24.1,3.99,6,22,2,8.209509818129364,0.370548128080598,0.4442586085168385,Yes,No,Normal,Safe,Stable
45464.125,June,262.82,92.84999999999999,1,27.45,7.72,7.88,3.71,6,6,0,2,29.1,33.9,24.1,3.99,6,22,3,7.863936195729449,0.9620465452262521,0.008552783738264338,No,No,Normal,Safe,Stable
45464.16666666666,June,262.82,92.84999999999999,1,27.45,7.72,7.88,3.71,6,6,0,4,29.1,33.9,24.1,3.99,6,22,4,8.491888113028594,0.3204403891065569,0.8464669418789069,Yes,No,Normal,Safe,Stable
45464.20833333334,June,262.82,92.84999999999999,1,27.45,7.72,7.88,3.71,6,6,0,5,29.1,33.9,24.1,3.99,6,22,5,8.019495787911037,0.3998864192614675,0.006768299253007112,No,No,Normal,Safe,Stable
45464.25,June,262.82,92.84999999999999,1,27.45,7.72,7.88,3.71,6,6,0,6,29.1,33.9,24.1,3.99,6,22.05263157894737,4.736842105263158,8.032602826737804,0.3979442119772943,0.007977407170595722,Yes,Yes,Normal,Safe,Stable
45464.29166666666,June,262.82,92.84999999999999,1,27.45,7.72,7.88,3.71,6,6,0,2,29.1,33.9,24.1,3.99,6,22.10526315789474,4.473684210526316,8.045709865564572,0.3960020046931211,0.009186515088184331,No,No,Normal,Safe,Stable
45464.33333333334,June,262.82,92.84999999999999,1,27.45,7.72,7.88,3.71,6,6,0,5,29.1,33.9,24.1,3.99,6,22.15789473684211,4.210526315789473,8.058816904391339,0.3940597974089479,0.01039562300577294,Yes,No,Normal,Safe,Stable
45464.375,June,262.82,92.84999999999999,1,27.45,7.72,7.88,3.71,6,6,0,5,29.1,33.9,24.1,3.99,6,22.21052631578947,3.947368421052632,8.071923943218108,0.3921175901247747,0.01160473092336155,No,No,Normal,Safe,Stable
45464.41666666666,June,262.82,92.84999999999999,1,27.45,7.72,7.88,3.71,6,6,0,4,29.1,33.9,24.1,3.99,6,22.26315789473684,3.684210526315789,8.085030982044875,0.3901753828406015,0.01281383884095016,Yes,No,Normal,Safe,Stable
45464.45833333334,June,262.82,92.84999999999999,1,27.45,7.72,7.88,3.71,6,6,0,5,29.1,33.9,24.1,3.99,6,22.31578947368421,3.421052631578947,8.098138020871643,0.3882331755564283,0.01402294675853877,No,No,Normal,Safe,Stable
45464.5,June,262.82,92.84999999999999,1,27.45,7.72,7.88,3.71,6,6,0,4,29.1,33.9,24.1,3.99,6,22.36842105263158,3.157894736842105,8.11124505969841,0.3862909682722551,0.01523205467612738,Yes,Yes,Normal,Safe,Stable
45464.54166666666,June,262.82,92.84999999999999,1,27.45,7.72,7.88,3.71,6,6,0,6,29.1,33.9,24.1,3.99,6,22.42105263157895,2.894736842105263,8.124352098525177,0.3843487609880819,0.01644116259371599,No,No,Normal,Safe,Stable
45464.58333333334,June,262.82,92.84999999999999,1,27.45,7.72,7.88,3.71,6,6,1,1,29.1,33.9,24.1,3.99,6,22.47368421052632,2.631578947368421,8.137459137351945,0.3824065537039087,0.0176502705113046,Yes,No,Normal,Safe,Stable
45464.625,June,262.82,92.84999999999999,1,27.45,7.72,7.88,3.71,6,6,1,1,29.1,33.9,24.1,3.99,6,22.52631578947368,2.368421052631579,8.150566176178714,0.3804643464197355,0.01885937842889321,No,No,Normal,Safe,Stable
45464.66666666666,June,262.82,92.84999999999999,1,27.45,7.72,7.88,3.71,6,6,0,4,29.1,33.9,24.1,3.99,6,22.57894736842105,2.105263157894737,8.163673215005481,0.3785221391355623,0.02006848634648182,Yes,No,Normal,Safe,Stable
45464.70833333334,June,262.82,92.84999999999999,1,27.45,7.72,7.88,3.71,6,6,0,4,29.1,33.9,24.1,3.99,6,22.63157894736842,1.842105263157895,8.176780253832248,0.3765799318513891,0.02127759426407043,No,No,Normal,Safe,Stable
45464.75,June,262.82,92.84999999999999,1,27.45,7.72,7.88,3.71,6,6,0,1,29.1,33.9,24.1,3.99,6,22.68421052631579,1.578947368421053,8.189887292659016,0.3746377245672159,0.02248670218165904,Yes,Yes,Normal,Safe,Stable
45464.79166666666,June,262.82,92.84999999999999,1,27.45,7.72,7.88,3.71,6,6,0,4,29.1,33.9,24.1,3.99,6,22.73684210526316,1.315789473684211,8.202994331485783,0.3726955172830427,0.02369581009924764,No,No,Normal,Safe,Stable
45464.83333333334,June,262.82,92.84999999999999,1,27.45,7.72,7.88,3.71,6,6,0,5,29.1,33.9,24.1,3.99,6,22.78947368421053,1.052631578947369,8.216101370312551,0.3707533099988695,0.02490491801683625,Yes,No,Normal,Safe,Stable
45464.875,June,262.82,92.84999999999999,1,27.45,7.72,7.88,3.71,6,6,0,4,29.1,33.9,24.1,3.99,6,22.84210526315789,0.7894736842105265,8.22920840913932,0.3688111027146963,0.02611402593442486,No,No,Normal,Safe,Stable
45464.91666666666,June,262.82,92.84999999999999,1,27.45,7.72,7.88,3.71,6,6,0,5,29.1,33.9,24.1,3.99,6,22.89473684210526,0.5263157894736841,8.242315447966087,0.3668688954305231,0.02732313385201347,Yes,No,Normal,Safe,Stable
45464.95833333334,June,262.82,92.84999999999999,1,27.45,7.72,7.88,3.71,6,6,1,1,29.1,33.9,24.1,3.99,6,22.94736842105263,0.2631578947368425,8.255422486792854,0.3649266881463499,0.02853224176960208,No,No,Normal,Safe,Stable
45465,June,262.82,92.84999999999999,1,27.45,7.72,7.88,3.71,6,6,0,6,29.1,33.9,24.1,3.99,6,23,0,8.268529525619622,0.3629844808621767,0.02974134968719069,Yes,Yes,Normal,Safe,Stable
45465.04166666666,June,262.82,92.84999999999999,1,27.45,7.72,7.88,3.71,6,6,0,2,29.1,33.9,24.1,3.99,6,23,1,8.128568055153337,0.3307510721992937,0.1219357954847088,No,No,Normal,Safe,Stable
45465.08333333334,June,262.82,92.84999999999999,1,27.45,7.72,7.88,3.71,6,6,1,5,29.1,33.9,24.1,3.99,6,23,2,7.798486220052021,0.9596628307947851,0.03835023682943426,Yes,No,Normal,Safe,Stable
45465.125,June,262.82,92.84999999999999,1,27.45,7.72,7.88,3.71,6,6,0,1,29.1,33.9,24.1,3.99,6,23,3,8.469692455198157,0.2904182068555145,0.8748293867817889,No,No,Normal,Safe,Stable
45465.16666666666,June,262.82,92.84999999999999,1,27.45,7.72,7.88,3.71,6,6,1,5,29.1,33.9,24.1,3.99,6,23,4,8.312815749584969,0.3158400437598592,0.8377454370672709,Yes,No,Normal,Safe,Stable
45465.20833333334,June,262.82,92.84999999999999,1,27.45,7.72,7.88,3.71,6,6,0,5,29.1,33.9,24.1,3.99,6,23,5,8.247647631405156,0.37917899057604,-0.007944975484671926,No,No,Normal,Safe,Stable
45465.25,June,262.82,92.84999999999999,1,27.45,7.72,7.88,3.71,6,6,0,4,29.1,33.9,24.1,3.99,6,23.05263157894737,4.736842105263158,8.255818620451013,0.3810984499635332,-0.008579711622573902,Yes,Yes,Normal,Safe,Stable
45465.29166666666,June,262.82,92.84999999999999,1,27.45,7.72,7.88,3.71,6,6,0,6,29.1,33.9,24.1,3.99,6,23.10526315789474,4.473684210526316,8.263989609496871,0.3830179093510264,-0.009214447760475881,No,No,Normal,Safe,Stable
45465.33333333334,June,262.82,92.84999999999999,1,27.45,7.72,7.88,3.71,6,6,0,2,29.1,33.9,24.1,3.99,6,23.15789473684211,4.210526315789473,8.272160598542728,0.3849373687385196,-0.009849183898377859,Yes,No,Normal,Safe,Stable
45465.375,June,262.82,92.84999999999999,1,27.45,7.72,7.88,3.71,6,6,0,4,29.1,33.9,24.1,3.99,6,23.21052631578947,3.947368421052632,8.280331587588584,0.3868568281260128,-0.01048392003627984,No,No,Normal,Safe,Stable
45465.41666666666,June,262.82,92.84999999999999,1,27.45,7.72,7.88,3.71,6,6,0,1,29.1,33.9,24.1,3.99,6,23.26315789473684,3.684210526315789,8.288502576634443,0.388776287513506,-0.01111865617418181,Yes,No,Normal,Safe,Stable
45465.45833333334,June,262.82,92.84999999999999,1,27.45,7.72,7.88,3.71,6,6,0,2,29.1,33.9,24.1,3.99,6,23.31578947368421,3.421052631578947,8.296673565680299,0.3906957469009992,-0.01175339231208379,No,No,Normal,Safe,Stable
45465.5,June,262.82,92.84999999999999,1,27.45,7.72,7.88,3.71,6,6,0,5,29.1,33.9,24.1,3.99,6,23.36842105263158,3.157894736842105,8.304844554726156,0.3926152062884924,-0.01238812844998577,Yes,Yes,Normal,Safe,Stable
45465.54166666666,June,262.82,92.84999999999999,1,27.45,7.72,7.88,3.71,6,6,1,6,29.1,33.9,24.1,3.99,6,23.42105263157895,2.894736842105263,8.313015543772014,0.3945346656759856,-0.01302286458788775,No,No,Normal,Safe,Stable
45465.58333333334,June,262.82,92.84999999999999,1,27.45,7.72,7.88,3.71,6,6,0,2,29.1,33.9,24.1,3.99,6,23.47368421052632,2.631578947368421,8.321186532817871,0.3964541250634788,-0.01365760072578972,Yes,No,Normal,Safe,Stable
45465.625,June,262.82,92.84999999999999,1,27.45,7.72,7.88,3.71,6,6,0,4,29.1,33.9,24.1,3.99,6,23.52631578947368,2.368421052631579,8.329357521863727,0.398373584450972,-0.0142923368636917,No,No,Normal,Safe,Stable
45465.66666666666,June,262.82,92.84999999999999,1,27.45,7.72,7.88,3.71,6,6,0,5,29.1,33.9,24.1,3.99,6,23.57894736842105,2.105263157894737,8.337528510909584,0.4002930438384653,-0.01492707300159368,Yes,No,Normal,Safe,Stable
45465.70833333334,June,262.82,92.84999999999999,1,27.45,7.72,7.88,3.71,6,6,0,5,29.1,33.9,24.1,3.99,6,23.63157894736842,1.842105263157895,8.345699499955442,0.4022125032259585,-0.01556180913949566,No,No,Normal,Safe,Stable
45465.75,June,262.82,92.84999999999999,1,27.45,7.72,7.88,3.71,6,6,1,5,29.1,33.9,24.1,3.99,6,23.68421052631579,1.578947368421053,8.353870489001299,0.4041319626134516,-0.01619654527739763,Yes,Yes,Normal,Safe,Stable
45465.79166666666,June,262.82,92.84999999999999,1,27.45,7.72,7.88,3.71,6,6,0,1,29.1,33.9,24.1,3.99,6,23.73684210526316,1.315789473684211,8.362041478047155,0.4060514220009449,-0.01683128141529961,No,No,Normal,Safe,Stable
45465.83333333334,June,262.82,92.84999999999999,1,27.45,7.72,7.88,3.71,6,6,1,1,29.1,33.9,24.1,3.99,6,23.78947368421053,1.052631578947369,8.370212467093014,0.4079708813884381,-0.01746601755320159,Yes,No,Normal,Safe,Stable
45465.875,June,262.82,92.84999999999999,1,27.45,7.72,7.88,3.71,6,6,0,2,29.1,33.9,24.1,3.99,6,23.84210526315789,0.7894736842105265,8.37838345613887,0.4098903407759313,-0.01810075369110357,No,No,Normal,Safe,Stable
45465.91666666666,June,262.82,92.84999999999999,1,27.45,7.72,7.88,3.71,6,6,0,2,29.1,33.9,24.1,3.99,6,23.89473684210526,0.5263157894736841,8.386554445184727,0.4118098001634244,-0.01873548982900555,Yes,No,Normal,Safe,Stable
45465.95833333334,June,262.82,92.84999999999999,1,27.45,7.72,7.88,3.71,6,6,1,5,29.1,33.9,24.1,3.99,6,23.94736842105263,0.2631578947368425,8.394725434230585,0.4137292595509177,-0.01937022596690752,No,No,Normal,Safe,Stable
45466,June,262.82,92.84999999999999,1,27.45,7.72,7.88,3.71,6,6,0,5,29.1,33.9,24.1,3.99,6,24,0,8.402896423276442,0.4156487189384109,-0.0200049621048095,Yes,Yes,Normal,Safe,Stable
45466.04166666666,June,262.82,92.84999999999999,1,27.45,7.72,7.88,3.71,6,6,0,1,29.1,33.9,24.1,3.99,6,24,1,8.07406817084728,0.3179566278643525,0.1289255204652273,No,No,Normal,Safe,Stable
45466.08333333334,June,262.82,92.84999999999999,1,27.45,7.72,7.88,3.71,6,6,0,2,29.1,33.9,24.1,3.99,6,24,2,7.963570435659513,0.9802371069482164,-0.008132975629797643,Yes,No,Normal,Safe,Stable
45466.125,June,262.82,92.84999999999999,1,27.45,7.72,7.88,3.71,6,6,0,5,29.1,33.9,24.1,3.99,6,24,3,8.287936560125507,0.2208030712191746,0.8648046284906024,No,No,Normal,Safe,Stable
45466.16666666666,June,262.82,92.84999999999999,1,27.45,7.72,7.88,3.71,6,6,1,5,29.1,33.9,24.1,3.99,6,24,4,7.84179688515453,0.9749150123294152,0.005946021972565343,Yes,No,Normal,Safe,Stable
45466.20833333334,June,262.82,92.84999999999999,1,27.45,7.72,7.88,3.71,6,6,0,1,29.1,33.9,24.1,3.99,6,24,5,8.593336285289285,0.4036337234919363,0.01792776499257149,No,No,Normal,Safe,Stable
45466.25,June,262.82,92.84999999999999,1,27.45,7.72,7.88,3.71,6,6,0,2,29.1,33.9,24.1,3.99,6,24.05263157894737,4.736842105263158,8.558755375448872,0.436377521475233,0.01640860738461662,Yes,Yes,Normal,Safe,Stable
45466.29166666666,June,262.82,92.84999999999999,1,27.45,7.72,7.88,3.71,6,6,0,4,29.1,33.9,24.1,3.99,6,24.10526315789474,4.473684210526316,8.524174465608461,0.4691213194585295,0.01488944977666175,No,No,Normal,Safe,Stable
45466.33333333334,June,262.82,92.84999999999999,1,27.45,7.72,7.88,3.71,6,6,0,4,29.1,33.9,24.1,3.99,6,24.15789473684211,4.210526315789473,8.489593555768048,0.5018651174418262,0.01337029216870688,Yes,No,Normal,Safe,Stable
45466.375,June,262.82,92.84999999999999,1,27.45,7.72,7.88,3.71,6,6,0,2,29.1,33.9,24.1,3.99,6,24.21052631578947,3.947368421052632,8.455012645927637,0.5346089154251228,0.01185113456075201,No,No,Normal,Safe,Stable
45466.41666666666,June,262.82,92.84999999999999,1,27.45,7.72,7.88,3.71,6,6,0,4,29.1,33.9,24.1,3.99,6,24.26315789473684,3.684210526315789,8.420431736087224,0.5673527134084193,0.01033197695279714,Yes,No,Normal,Safe,Stable
45466.45833333334,June,262.82,92.84999999999999,1,27.45,7.72,7.88,3.71,6,6,1,4,29.1,33.9,24.1,3.99,6,24.31578947368421,3.421052631578947,8.385850826246813,0.600096511391716,0.008812819344842267,No,No,Normal,Safe,Stable
45466.5,June,262.82,92.84999999999999,1,27.45,7.72,7.88,3.71,6,6,0,6,29.1,33.9,24.1,3.99,6,24.36842105263158,3.157894736842105,8.3512699164064,0.6328403093750126,0.007293661736887396,Yes,Yes,Normal,Safe,Stable
45466.54166666666,June,262.82,92.84999999999999,1,27.45,7.72,7.88,3.71,6,6,1,1,29.1,33.9,24.1,3.99,6,24.42105263157895,2.894736842105263,8.316689006565987,0.6655841073583092,0.005774504128932526,No,No,Normal,Safe,Stable
45466.58333333334,June,262.82,92.84999999999999,1,27.45,7.72,7.88,3.71,6,6,1,5,29.1,33.9,24.1,3.99,6,24.47368421052632,2.631578947368421,8.282108096725576,0.6983279053416058,0.004255346520977655,Yes,No,Normal,Safe,Stable
45466.625,June,262.82,92.84999999999999,1,27.45,7.72,7.88,3.71,6,6,0,5,29.1,33.9,24.1,3.99,6,24.52631578947368,2.368421052631579,8.247527186885163,0.7310717033249023,0.002736188913022785,No,No,Normal,Safe,Stable
45466.66666666666,June,262.82,92.84999999999999,1,27.45,7.72,7.88,3.71,6,6,1,2,29.1,33.9,24.1,3.99,6,24.57894736842105,2.105263157894737,8.212946277044752,0.7638155013081991,0.001217031305067916,Yes,No,Normal,Safe,Stable
45466.70833333334,June,262.82,92.84999999999999,1,27.45,7.72,7.88,3.71,6,6,1,5,29.1,33.9,24.1,3.99,6,24.63157894736842,1.842105263157895,8.178365367204339,0.7965592992914956,-0.0003021263028869549,No,No,Normal,Safe,Stable
45466.75,June,262.82,92.84999999999999,1,27.45,7.72,7.88,3.71,6,6,0,5,29.1,33.9,24.1,3.99,6,24.68421052631579,1.578947368421053,8.143784457363928,0.8293030972747922,-0.001821283910841826,Yes,Yes,Normal,Safe,Stable
45466.79166666666,June,262.82,92.84999999999999,1,27.45,7.72,7.88,3.71,6,6,1,5,29.1,33.9,24.1,3.99,6,24.73684210526316,1.315789473684211,8.109203547523515,0.8620468952580889,-0.003340441518796696,No,No,Normal,Safe,Stable
45466.83333333334,June,262.82,92.84999999999999,1,27.45,7.72,7.88,3.71,6,6,0,5,29.1,33.9,24.1,3.99,6,24.78947368421053,1.052631578947369,8.074622637683103,0.8947906932413854,-0.004859599126751567,Yes,No,Normal,Safe,Stable
45466.875,June,262.82,92.84999999999999,1,27.45,7.72,7.88,3.71,6,6,0,2,29.1,33.9,24.1,3.99,6,24.84210526315789,0.7894736842105265,8.040041727842691,0.9275344912246821,-0.006378756734706437,No,No,Normal,Safe,Stable
45466.91666666666,June,262.82,92.84999999999999,1,27.45,7.72,7.88,3.71,6,6,0,6,29.1,33.9,24.1,3.99,6,24.89473684210526,0.5263157894736841,8.005460818002279,0.9602782892079786,-0.007897914342661308,Yes,No,Normal,Safe,Stable
45466.95833333334,June,262.82,92.84999999999999,1,27.45,7.72,7.88,3.71,6,6,0,4,29.1,33.9,24.1,3.99,6,24.94736842105263,0.2631578947368425,7.970879908161867,0.9930220871912754,-0.009417071950616179,No,No,Normal,Safe,Stable
45467,June,262.82,92.84999999999999,1,27.45,7.72,7.88,3.71,6,6,0,2,29.1,33.9,24.1,3.99,6,25,0,7.936298998321455,1.025765885174572,-0.01093622955857105,Yes,Yes,Normal,Safe,Stable
45467.04166666666,June,262.82,92.84999999999999,1,27.45,7.72,7.88,3.71,6,6,0,4,29.1,33.9,24.1,3.99,6,25,1,8.208056297960484,0.3499840092601498,0.4268003933603353,No,No,Normal,Safe,Stable
45467.08333333334,June,262.82,92.84999999999999,1,27.45,7.72,7.88,3.71,6,6,0,5,29.1,33.9,24.1,3.99,6,25,2,7.809096780727776,0.9624878380219093,0.001789983734342465,Yes,No,Normal,Safe,Stable
45467.125,June,262.82,92.84999999999999,1,27.45,7.72,7.88,3.71,6,6,0,1,29.1,33.9,24.1,3.99,6,25,3,8.334806965690191,0.2284163153481897,0.8523353222537541,No,No,Normal,Safe,Stable
45467.16666666666,June,262.82,92.84999999999999,1,27.45,7.72,7.88,3.71,6,6,0,5,29.1,33.9,24.1,3.99,6,25,4,8.24658480394165,0.2501215768829921,0.9530841017195898,Yes,No,Normal,Safe,Stable
45467.20833333334,June,262.82,92.84999999999999,1,27.45,7.72,7.88,3.71,6,6,0,2,29.1,33.9,24.1,3.99,6,25,5,8.254100755055873,0.3817403486952021,-0.01302728690385995,No,No,Normal,Safe,Stable
45467.25,June,262.82,92.84999999999999,1,27.45,7.72,7.88,3.71,6,6,0,4,29.1,33.9,24.1,3.99,6,25.05263157894737,4.736842105263158,8.237235810124155,0.4122875267087017,-0.01269427216224589,Yes,Yes,Normal,Safe,Stable
45467.29166666666,June,262.82,92.84999999999999,1,27.45,7.72,7.88,3.71,6,6,0,1,29.1,33.9,24.1,3.99,6,25.10526315789474,4.473684210526316,8.220370865192438,0.4428347047222012,-0.01236125742063183,No,No,Normal,Safe,Stable
45467.33333333334,June,262.82,92.84999999999999,1,27.45,7.72,7.88,3.71,6,6,0,5,29.1,33.9,24.1,3.99,6,25.15789473684211,4.210526315789473,8.203505920260719,0.4733818827357008,-0.01202824267901777,Yes,No,Normal,Safe,Stable
45467.375,June,262.82,92.84999999999999,1,27.45,7.72,7.88,3.71,6,6,0,4,29.1,33.9,24.1,3.99,6,25.21052631578947,3.947368421052632,8.186640975329,0.5039290607492004,-0.01169522793740372,No,No,Normal,Safe,Stable
45467.41666666666,June,262.82,92.84999999999999,1,27.45,7.72,7.88,3.71,6,6,0,2,29.1,33.9,24.1,3.99,6,25.26315789473684,3.684210526315789,8.169776030397284,0.5344762387626999,-0.01136221319578966,Yes,No,Normal,Safe,Stable
45467.45833333334,June,262.82,92.84999999999999,1,27.45,7.72,7.88,3.71,6,6,0,2,29.1,33.9,24.1,3.99,6,25.31578947368421,3.421052631578947,8.152911085465565,0.5650234167761995,-0.0110291984541756,No,No,Normal,Safe,Stable
45467.5,June,262.82,92.84999999999999,1,27.45,7.72,7.88,3.71,6,6,0,4,29.1,33.9,24.1,3.99,6,25.36842105263158,3.157894736842105,8.136046140533846,0.595570594789699,-0.01069618371256154,Yes,Yes,Normal,Safe,Stable
45467.54166666666,June,262.82,92.84999999999999,1,27.45,7.72,7.88,3.71,6,6,0,4,29.1,33.9,24.1,3.99,6,25.42105263157895,2.894736842105263,8.119181195602129,0.6261177728031986,-0.01036316897094748,No,No,Normal,Safe,Stable
45467.58333333334,June,262.82,92.84999999999999,1,27.45,7.72,7.88,3.71,6,6,0,6,29.1,33.9,24.1,3.99,6,25.47368421052632,2.631578947368421,8.102316250670411,0.6566649508166982,-0.01003015422933342,Yes,No,Normal,Safe,Stable
45467.625,June,262.82,92.84999999999999,1,27.45,7.72,7.88,3.71,6,6,1,5,29.1,33.9,24.1,3.99,6,25.52631578947368,2.368421052631579,8.085451305738692,0.6872121288301977,-0.009697139487719364,No,No,Normal,Safe,Stable
45467.66666666666,June,262.82,92.84999999999999,1,27.45,7.72,7.88,3.71,6,6,1,4,29.1,33.9,24.1,3.99,6,25.57894736842105,2.105263157894737,8.068586360806973,0.7177593068436973,-0.009364124746105306,Yes,No,Normal,Safe,Stable
45467.70833333334,June,262.82,92.84999999999999,1,27.45,7.72,7.88,3.71,6,6,0,5,29.1,33.9,24.1,3.99,6,25.63157894736842,1.842105263157895,8.051721415875257,0.7483064848571968,-0.009031110004491246,No,No,Normal,Safe,Stable
45467.75,June,262.82,92.84999999999999,1,27.45,7.72,7.88,3.71,6,6,0,6,29.1,33.9,24.1,3.99,6,25.68421052631579,1.578947368421053,8.034856470943538,0.7788536628706964,-0.008698095262877188,Yes,Yes,Normal,Safe,Stable
45467.79166666666,June,262.82,92.84999999999999,1,27.45,7.72,7.88,3.71,6,6,0,5,29.1,33.9,24.1,3.99,6,25.73684210526316,1.315789473684211,8.017991526011819,0.8094008408841959,-0.00836508052126313,No,No,Normal,Safe,Stable
45467.83333333334,June,262.82,92.84999999999999,1,27.45,7.72,7.88,3.71,6,6,0,1,29.1,33.9,24.1,3.99,6,25.78947368421053,1.052631578947369,8.001126581080102,0.8399480188976955,-0.008032065779649072,Yes,No,Normal,Safe,Stable
45467.875,June,262.82,92.84999999999999,1,27.45,7.72,7.88,3.71,6,6,0,5,29.1,33.9,24.1,3.99,6,25.84210526315789,0.7894736842105265,7.984261636148384,0.870495196911195,-0.007699051038035013,No,No,Normal,Safe,Stable
45467.91666666666,June,262.82,92.84999999999999,1,27.45,7.72,7.88,3.71,6,6,1,5,29.1,33.9,24.1,3.99,6,25.89473684210526,0.5263157894736841,7.967396691216666,0.9010423749246946,-0.007366036296420954,Yes,No,Normal,Safe,Stable
45467.95833333334,June,262.82,92.84999999999999,1,27.45,7.72,7.88,3.71,6,6,1,4,29.1,33.9,24.1,3.99,6,25.94736842105263,0.2631578947368425,7.950531746284947,0.9315895529381941,-0.007033021554806895,No,No,Normal,Safe,Stable
45468,June,262.82,92.84999999999999,1,27.45,7.72,7.88,3.71,6,6,0,5,29.1,33.9,24.1,3.99,6,26,0,7.93366680135323,0.9621367309516937,-0.006700006813192837,Yes,Yes,Normal,Safe,Stable
45468.04166666666,June,262.82,92.84999999999999,1,27.45,7.72,7.88,3.71,6,6,0,6,29.1,33.9,24.1,3.99,6,26,1,8.178617896540359,0.9808235620608199,-0.009055305473993212,No,No,Normal,Safe,Stable
45468.08333333334,June,262.82,92.84999999999999,1,27.45,7.72,7.88,3.71,6,6,0,5,29.1,33.9,24.1,3.99,6,26,2,8.332846576410315,0.3374237967001896,0.4499197743533537,Yes,No,Normal,Safe,Stable
45468.125,June,262.82,92.84999999999999,1,27.45,7.72,7.88,3.71,6,6,0,6,29.1,33.9,24.1,3.99,6,26,3,8.33224671669549,0.2900499577332112,0.8478925693955454,No,No,Normal,Safe,Stable
45468.16666666666,June,262.82,92.84999999999999,1,27.45,7.72,7.88,3.71,6,6,0,5,29.1,33.9,24.1,3.99,6,26,4,8.175345332940454,0.3147255351031774,0.9561074330602363,Yes,No,Normal,Safe,Stable
45468.20833333334,June,262.82,92.84999999999999,1,27.45,7.72,7.88,3.71,6,6,0,4,29.1,33.9,24.1,3.99,6,26,5,8.407606829101733,0.375340343744558,0.007744391659544593,No,No,Normal,Safe,Stable
45468.25,June,262.82,92.84999999999999,1,27.45,7.72,7.88,3.71,6,6,0,5,29.1,33.9,24.1,3.99,6,26.05263157894737,4.736842105263158,8.39388085765861,0.3776615238869885,0.008675080423891025,Yes,Yes,Normal,Safe,Stable
45468.29166666666,June,262.82,92.84999999999999,1,27.45,7.72,7.88,3.71,6,6,0,6,29.1,33.9,24.1,3.99,6,26.10526315789474,4.473684210526316,8.380154886215488,0.3799827040294191,0.009605769188237457,No,No,Normal,Safe,Stable
45468.33333333334,June,262.82,92.84999999999999,1,27.45,7.72,7.88,3.71,6,6,0,4,29.1,33.9,24.1,3.99,6,26.15789473684211,4.210526315789473,8.366428914772365,0.3823038841718496,0.01053645795258389,Yes,No,Normal,Safe,Stable
45468.375,June,262.82,92.84999999999999,1,27.45,7.72,7.88,3.71,6,6,1,4,29.1,33.9,24.1,3.99,6,26.21052631578947,3.947368421052632,8.352702943329245,0.3846250643142802,0.01146714671693032,No,No,Normal,Safe,Stable
45468.41666666666,June,262.82,92.84999999999999,1,27.45,7.72,7.88,3.71,6,6,0,2,29.1,33.9,24.1,3.99,6,26.26315789473684,3.684210526315789,8.338976971886122,0.3869462444567107,0.01239783548127675,Yes,No,Normal,Safe,Stable
45468.45833333334,June,262.82,92.84999999999999,1,27.45,7.72,7.88,3.71,6,6,0,2,29.1,33.9,24.1,3.99,6,26.31578947368421,3.421052631578947,8.325251000443,0.3892674245991413,0.01332852424562318,No,No,Normal,Safe,Stable
45468.5,June,262.82,92.84999999999999,1,27.45,7.72,7.88,3.71,6,6,1,5,29.1,33.9,24.1,3.99,6,26.36842105263158,3.157894736842105,8.311525028999878,0.3915886047415718,0.01425921300996961,Yes,Yes,Normal,Safe,Stable
45468.54166666666,June,262.82,92.84999999999999,1,27.45,7.72,7.88,3.71,6,6,1,5,29.1,33.9,24.1,3.99,6,26.42105263157895,2.894736842105263,8.297799057556755,0.3939097848840024,0.01518990177431604,No,No,Normal,Safe,Stable
45468.58333333334,June,262.82,92.84999999999999,1,27.45,7.72,7.88,3.71,6,6,0,2,29.1,33.9,24.1,3.99,6,26.47368421052632,2.631578947368421,8.284073086113633,0.396230965026433,0.01612059053866248,Yes,No,Normal,Safe,Stable
45468.625,June,262.82,92.84999999999999,1,27.45,7.72,7.88,3.71,6,6,0,1,29.1,33.9,24.1,3.99,6,26.52631578947368,2.368421052631579,8.270347114670512,0.3985521451688635,0.01705127930300891,No,No,Normal,Safe,Stable
45468.66666666666,June,262.82,92.84999999999999,1,27.45,7.72,7.88,3.71,6,6,1,2,29.1,33.9,24.1,3.99,6,26.57894736842105,2.105263157894737,8.25662114322739,0.400873325311294,0.01798196806735534,Yes,No,Normal,Safe,Stable
45468.70833333334,June,262.82,92.84999999999999,1,27.45,7.72,7.88,3.71,6,6,0,4,29.1,33.9,24.1,3.99,6,26.63157894736842,1.842105263157895,8.242895171784268,0.4031945054537246,0.01891265683170177,No,No,Normal,Safe,Stable
45468.75,June,262.82,92.84999999999999,1,27.45,7.72,7.88,3.71,6,6,0,5,29.1,33.9,24.1,3.99,6,26.68421052631579,1.578947368421053,8.229169200341145,0.4055156855961551,0.0198433455960482,Yes,Yes,Normal,Safe,Stable
45468.79166666666,June,262.82,92.84999999999999,1,27.45,7.72,7.88,3.71,6,6,1,4,29.1,33.9,24.1,3.99,6,26.73684210526316,1.315789473684211,8.215443228898023,0.4078368657385857,0.02077403436039463,No,No,Normal,Safe,Stable
45468.83333333334,June,262.82,92.84999999999999,1,27.45,7.72,7.88,3.71,6,6,0,5,29.1,33.9,24.1,3.99,6,26.78947368421053,1.052631578947369,8.2017172574549,0.4101580458810162,0.02170472312474106,Yes,No,Normal,Safe,Stable
45468.875,June,262.82,92.84999999999999,1,27.45,7.72,7.88,3.71,6,6,0,5,29.1,33.9,24.1,3.99,6,26.84210526315789,0.7894736842105265,8.18799128601178,0.4124792260234468,0.0226354118890875,No,No,Normal,Safe,Stable
45468.91666666666,June,262.82,92.84999999999999,1,27.45,7.72,7.88,3.71,6,6,1,2,29.1,33.9,24.1,3.99,6,26.89473684210526,0.5263157894736841,8.174265314568657,0.4148004061658773,0.02356610065343393,Yes,No,Normal,Safe,Stable
45468.95833333334,June,262.82,92.84999999999999,1,27.45,7.72,7.88,3.71,6,6,0,5,29.1,33.9,24.1,3.99,6,26.94736842105263,0.2631578947368425,8.160539343125535,0.4171215863083079,0.02449678941778036,No,No,Normal,Safe,Stable
45469,June,262.82,92.84999999999999,1,27.45,7.72,7.88,3.71,6,6,0,4,29.1,33.9,24.1,3.99,6,27,0,8.146813371682413,0.4194427664507384,0.02542747818212679,Yes,Yes,Normal,Safe,Stable
45469.04166666666,June,262.82,92.84999999999999,1,27.45,7.72,7.88,3.71,6,6,0,4,29.1,33.9,24.1,3.99,6,27,1,8.436644699034183,0.3384269794901306,0.1166128246513598,No,No,Normal,Safe,Stable
45469.08333333334,June,262.82,92.84999999999999,1,27.45,7.72,7.88,3.71,6,6,1,5,29.1,33.9,24.1,3.99,6,27,2,8.14835901295751,0.3414059340960585,0.441516488457354,Yes,No,Normal,Safe,Stable
45469.125,June,262.82,92.84999999999999,1,27.45,7.72,7.88,3.71,6,6,0,2,29.1,33.9,24.1,3.99,6,27,3,7.961978119996505,0.2828620360917145,0.8168977539144925,No,No,Normal,Safe,Stable
45469.16666666666,June,262.82,92.84999999999999,1,27.45,7.72,7.88,3.71,6,6,0,5,29.1,33.9,24.1,3.99,6,27,4,7.976804642500652,0.2727572677249331,0.9051120042529366,Yes,No,Normal,Safe,Stable
45469.20833333334,June,262.82,92.84999999999999,1,27.45,7.72,7.88,3.71,6,6,0,4,29.1,33.9,24.1,3.99,6,27,5,8.286809742659788,0.3724063747233646,-0.02204345839779597,No,No,Normal,Safe,Stable
45469.25,June,262.82,92.84999999999999,1,27.45,7.72,7.88,3.71,6,6,0,5,29.1,33.9,24.1,3.99,6,27.05263157894737,4.736842105263158,8.286581405351113,0.3737053562205763,-0.0201665335980907,Yes,Yes,Normal,Safe,Stable
45469.29166666666,June,262.82,92.84999999999999,1,27.45,7.72,7.88,3.71,6,6,1,4,29.1,33.9,24.1,3.99,6,27.10526315789474,4.473684210526316,8.286353068042438,0.3750043377177881,-0.01828960879838542,No,No,Normal,Safe,Stable
45469.33333333334,June,262.82,92.84999999999999,1,27.45,7.72,7.88,3.71,6,6,0,5,29.1,33.9,24.1,3.99,6,27.15789473684211,4.210526315789473,8.286124730733762,0.3763033192149999,-0.01641268399868014,Yes,No,Normal,Safe,Stable
45469.375,June,262.82,92.84999999999999,1,27.45,7.72,7.88,3.71,6,6,0,5,29.1,33.9,24.1,3.99,6,27.21052631578947,3.947368421052632,8.285896393425089,0.3776023007122116,-0.01453575919897487,No,No,Normal,Safe,Stable
45469.41666666666,June,262.82,92.84999999999999,1,27.45,7.72,7.88,3.71,6,6,0,6,29.1,33.9,24.1,3.99,6,27.26315789473684,3.684210526315789,8.285668056116414,0.3789012822094234,-0.01265883439926959,Yes,No,Normal,Safe,Stable
45469.45833333334,June,262.82,92.84999999999999,1,27.45,7.72,7.88,3.71,6,6,0,4,29.1,33.9,24.1,3.99,6,27.31578947368421,3.421052631578947,8.285439718807739,0.3802002637066352,-0.01078190959956432,No,No,Normal,Safe,Stable
45469.5,June,262.82,92.84999999999999,1,27.45,7.72,7.88,3.71,6,6,1,4,29.1,33.9,24.1,3.99,6,27.36842105263158,3.157894736842105,8.285211381499064,0.3814992452038469,-0.008904984799859043,Yes,Yes,Normal,Safe,Stable
45469.54166666666,June,262.82,92.84999999999999,1,27.45,7.72,7.88,3.71,6,6,0,1,29.1,33.9,24.1,3.99,6,27.42105263157895,2.894736842105263,8.284983044190389,0.3827982267010587,-0.007028060000153767,No,No,Normal,Safe,Stable
45469.58333333334,June,262.82,92.84999999999999,1,27.45,7.72,7.88,3.71,6,6,0,4,29.1,33.9,24.1,3.99,6,27.47368421052632,2.631578947368421,8.284754706881714,0.3840972081982704,-0.005151135200448492,Yes,No,Normal,Safe,Stable
45469.625,June,262.82,92.84999999999999,1,27.45,7.72,7.88,3.71,6,6,0,5,29.1,33.9,24.1,3.99,6,27.52631578947368,2.368421052631579,8.28452636957304,0.3853961896954822,-0.003274210400743216,No,No,Normal,Safe,Stable
45469.66666666666,June,262.82,92.84999999999999,1,27.45,7.72,7.88,3.71,6,6,0,6,29.1,33.9,24.1,3.99,6,27.57894736842105,2.105263157894737,8.284298032264365,0.386695171192694,-0.00139728560103794,Yes,No,Normal,Safe,Stable
45469.70833333334,June,262.82,92.84999999999999,1,27.45,7.72,7.88,3.71,6,6,0,5,29.1,33.9,24.1,3.99,6,27.63157894736842,1.842105263157895,8.28406969495569,0.3879941526899057,0.0004796391986673365,No,No,Normal,Safe,Stable
45469.75,June,262.82,92.84999999999999,1,27.45,7.72,7.88,3.71,6,6,0,1,29.1,33.9,24.1,3.99,6,27.68421052631579,1.578947368421053,8.283841357647015,0.3892931341871175,0.002356563998372613,Yes,Yes,Normal,Safe,Stable
45469.79166666666,June,262.82,92.84999999999999,1,27.45,7.72,7.88,3.71,6,6,1,5,29.1,33.9,24.1,3.99,6,27.73684210526316,1.315789473684211,8.28361302033834,0.3905921156843293,0.004233488798077886,No,No,Normal,Safe,Stable
45469.83333333334,June,262.82,92.84999999999999,1,27.45,7.72,7.88,3.71,6,6,1,2,29.1,33.9,24.1,3.99,6,27.78947368421053,1.052631578947369,8.283384683029665,0.391891097181541,0.006110413597783162,Yes,No,Normal,Safe,Stable
45469.875,June,262.82,92.84999999999999,1,27.45,7.72,7.88,3.71,6,6,0,5,29.1,33.9,24.1,3.99,6,27.84210526315789,0.7894736842105265,8.283156345720991,0.3931900786787528,0.007987338397488438,No,No,Normal,Safe,Stable
45469.91666666666,June,262.82,92.84999999999999,1,27.45,7.72,7.88,3.71,6,6,0,2,29.1,33.9,24.1,3.99,6,27.89473684210526,0.5263157894736841,8.282928008412316,0.3944890601759645,0.009864263197193711,Yes,No,Normal,Safe,Stable
45469.95833333334,June,262.82,92.84999999999999,1,27.45,7.72,7.88,3.71,6,6,0,2,29.1,33.9,24.1,3.99,6,27.94736842105263,0.2631578947368425,8.282699671103641,0.3957880416731763,0.01174118799689899,No,No,Normal,Safe,Stable
45470,June,262.82,92.84999999999999,1,27.45,7.72,7.88,3.71,6,6,0,5,29.1,33.9,24.1,3.99,6,28,0,8.282471333794966,0.3970870231703881,0.01361811279660426,Yes,Yes,Normal,Safe,Stable
45470.04166666666,June,262.82,92.84999999999999,1,27.45,7.72,7.88,3.71,6,6,0,4,29.1,33.9,24.1,3.99,6,28,1,8.382757454650299,0.347116726473937,0.1217438627087524,No,No,Normal,Safe,Stable
45470.08333333334,June,262.82,92.84999999999999,1,27.45,7.72,7.88,3.71,6,6,1,1,29.1,33.9,24.1,3.99,6,28,2,8.287876029465515,0.9910017658189089,-5.489168530355952E-05,Yes,No,Normal,Safe,Stable
45470.125,June,262.82,92.84999999999999,1,27.45,7.72,7.88,3.71,6,6,0,5,29.1,33.9,24.1,3.99,6,28,3,8.338271720112159,0.3090479527657752,0.8955312493896732,No,No,Normal,Safe,Stable
45470.16666666666,June,262.82,92.84999999999999,1,27.45,7.72,7.88,3.71,6,6,0,2,29.1,33.9,24.1,3.99,6,28,4,8.317710852063005,0.2961615305506594,0.9691813211184994,Yes,No,Normal,Safe,Stable
45470.20833333334,June,262.82,92.84999999999999,1,27.45,7.72,7.88,3.71,6,6,0,4,29.1,33.9,24.1,3.99,6,28,5,8.307432044540407,0.3606613075022561,0.01411036308509382,No,No,Normal,Safe,Stable
45470.25,June,262.82,92.84999999999999,1,27.45,7.72,7.88,3.71,6,6,0,5,29.1,33.9,24.1,3.99,6,28,5,8.307432044540407,0.3606613075022561,0.01411036308509382,Yes,Yes,Normal,Safe,Stable
45470.29166666666,June,262.82,92.84999999999999,1,27.45,7.72,7.88,3.71,6,6,0,2,29.1,33.9,24.1,3.99,6,28,5,8.307432044540407,0.3606613075022561,0.01411036308509382,No,No,Normal,Safe,Stable
45470.33333333334,June,262.82,92.84999999999999,1,27.45,7.72,7.88,3.71,6,6,1,4,29.1,33.9,24.1,3.99,6,28,5,8.307432044540407,0.3606613075022561,0.01411036308509382,Yes,No,Normal,Safe,Stable
45470.375,June,262.82,92.84999999999999,1,27.45,7.72,7.88,3.71,6,6,1,5,29.1,33.9,24.1,3.99,6,28,5,8.307432044540407,0.3606613075022561,0.01411036308509382,No,No,Normal,Safe,Stable
45470.41666666666,June,262.82,92.84999999999999,1,27.45,7.72,7.88,3.71,6,6,0,5,29.1,33.9,24.1,3.99,6,28,5,8.307432044540407,0.3606613075022561,0.01411036308509382,Yes,No,Normal,Safe,Stable
45470.45833333334,June,262.82,92.84999999999999,1,27.45,7.72,7.88,3.71,6,6,1,2,29.1,33.9,24.1,3.99,6,28,5,8.307432044540407,0.3606613075022561,0.01411036308509382,No,No,Normal,Safe,Stable
45470.5,June,262.82,92.84999999999999,1,27.45,7.72,7.88,3.71,6,6,0,4,29.1,33.9,24.1,3.99,6,28,5,8.307432044540407,0.3606613075022561,0.01411036308509382,Yes,Yes,Normal,Safe,Stable
45470.54166666666,June,262.82,92.84999999999999,1,27.45,7.72,7.88,3.71,6,6,0,2,29.1,33.9,24.1,3.99,6,28,5,8.307432044540407,0.3606613075022561,0.01411036308509382,No,No,Normal,Safe,Stable
45470.58333333334,June,262.82,92.84999999999999,1,27.45,7.72,7.88,3.71,6,6,0,5,29.1,33.9,24.1,3.99,6,28,5,8.307432044540407,0.3606613075022561,0.01411036308509382,Yes,No,Normal,Safe,Stable
45470.625,June,262.82,92.84999999999999,1,27.45,7.72,7.88,3.71,6,6,0,2,29.1,33.9,24.1,3.99,6,28,5,8.307432044540407,0.3606613075022561,0.01411036308509382,No,No,Normal,Safe,Stable
45470.66666666666,June,262.82,92.84999999999999,1,27.45,7.72,7.88,3.71,6,6,0,4,29.1,33.9,24.1,3.99,6,28,5,8.307432044540407,0.3606613075022561,0.01411036308509382,Yes,No,Normal,Safe,Stable
45470.70833333334,June,262.82,92.84999999999999,1,27.45,7.72,7.88,3.71,6,6,0,5,29.1,33.9,24.1,3.99,6,28,5,8.307432044540407,0.3606613075022561,0.01411036308509382,No,No,Normal,Safe,Stable
45470.75,June,262.82,92.84999999999999,1,27.45,7.72,7.88,3.71,6,6,0,6,29.1,33.9,24.1,3.99,6,28,5,8.307432044540407,0.3606613075022561,0.01411036308509382,Yes,Yes,Normal,Safe,Stable
45470.79166666666,June,262.82,92.84999999999999,1,27.45,7.72,7.88,3.71,6,6,1,6,29.1,33.9,24.1,3.99,6,28,5,8.307432044540407,0.3606613075022561,0.01411036308509382,No,No,Normal,Safe,Stable
45470.83333333334,June,262.82,92.84999999999999,1,27.45,7.72,7.88,3.71,6,6,0,4,29.1,33.9,24.1,3.99,6,28,5,8.307432044540407,0.3606613075022561,0.01411036308509382,Yes,No,Normal,Safe,Stable
45470.875,June,262.82,92.84999999999999,1,27.45,7.72,7.88,3.71,6,6,0,2,29.1,33.9,24.1,3.99,6,28,5,8.307432044540407,0.3606613075022561,0.01411036308509382,No,No,Normal,Safe,Stable
45470.91666666666,June,262.82,92.84999999999999,1,27.45,7.72,7.88,3.71,6,6,0,4,29.1,33.9,24.1,3.99,6,28,5,8.307432044540407,0.3606613075022561,0.01411036308509382,Yes,No,Normal,Safe,Stable
45470.95833333334,June,262.82,92.84999999999999,1,27.45,7.72,7.88,3.71,6,6,0,5,29.1,33.9,24.1,3.99,6,28,5,8.307432044540407,0.3606613075022561,0.01411036308509382,No,No,Normal,Safe,Stable
45471,June,262.82,92.84999999999999,1,27.45,7.72,7.88,3.71,6,6,0,6,29.1,33.9,24.1,3.99,6,28,5,8.307432044540407,0.3606613075022561,0.01411036308509382,Yes,Yes,Normal,Safe,Stable
45471.04166666666,June,262.82,92.84999999999999,1,27.45,7.72,7.88,3.71,6,6,0,5,29.1,33.9,24.1,3.99,6,28,5,8.307432044540407,0.3606613075022561,0.01411036308509382,No,No,Normal,Safe,Stable
45471.08333333334,June,262.82,92.84999999999999,1,27.45,7.72,7.88,3.71,6,6,0,6,29.1,33.9,24.1,3.99,6,28,5,8.307432044540407,0.3606613075022561,0.01411036308509382,Yes,No,Normal,Safe,Stable
45471.125,June,262.82,92.84999999999999,1,27.45,7.72,7.88,3.71,6,6,0,5,29.1,33.9,24.1,3.99,6,28,5,8.307432044540407,0.3606613075022561,0.01411036308509382,No,No,Normal,Safe,Stable
45471.16666666666,June,262.82,92.84999999999999,1,27.45,7.72,7.88,3.71,6,6,0,5,29.1,33.9,24.1,3.99,6,28,5,8.307432044540407,0.3606613075022561,0.01411036308509382,Yes,No,Normal,Safe,Stable
45471.20833333334,June,262.82,92.84999999999999,1,27.45,7.72,7.88,3.71,6,6,0,4,29.1,33.9,24.1,3.99,6,28,5,8.307432044540407,0.3606613075022561,0.01411036308509382,No,No,Normal,Safe,Stable
45471.25,June,262.82,92.84999999999999,1,27.45,7.72,7.88,3.71,6,6,1,5,29.1,33.9,24.1,3.99,6,28,5,8.307432044540407,0.3606613075022561,0.01411036308509382,Yes,Yes,Normal,Safe,Stable
45471.29166666666,June,262.82,92.84999999999999,1,27.45,7.72,7.88,3.71,6,6,0,6,29.1,33.9,24.1,3.99,6,28,5,8.307432044540407,0.3606613075022561,0.01411036308509382,No,No,Normal,Safe,Stable
45471.33333333334,June,262.82,92.84999999999999,1,27.45,7.72,7.88,3.71,6,6,0,5,29.1,33.9,24.1,3.99,6,28,5,8.307432044540407,0.3606613075022561,0.01411036308509382,Yes,No,Normal,Safe,Stable
45471.375,June,262.82,92.84999999999999,1,27.45,7.72,7.88,3.71,6,6,0,4,29.1,33.9,24.1,3.99,6,28,5,8.307432044540407,0.3606613075022561,0.01411036308509382,No,No,Normal,Safe,Stable
45471.41666666666,June,262.82,92.84999999999999,1,27.45,7.72,7.88,3.71,6,6,0,5,29.1,33.9,24.1,3.99,6,28,5,8.307432044540407,0.3606613075022561,0.01411036308509382,Yes,No,Normal,Safe,Stable
45471.45833333334,June,262.82,92.84999999999999,1,27.45,7.72,7.88,3.71,6,6,1,6,29.1,33.9,24.1,3.99,6,28,5,8.307432044540407,0.3606613075022561,0.01411036308509382,No,No,Normal,Safe,Stable
45471.5,June,262.82,92.84999999999999,1,27.45,7.72,7.88,3.71,6,6,1,2,29.1,33.9,24.1,3.99,6,28,5,8.307432044540407,0.3606613075022561,0.01411036308509382,Yes,Yes,Normal,Safe,Stable
45471.54166666666,June,262.82,92.84999999999999,1,27.45,7.72,7.88,3.71,6,6,0,5,29.1,33.9,24.1,3.99,6,28,5,8.307432044540407,0.3606613075022561,0.01411036308509382,No,No,Normal,Safe,Stable
45471.58333333334,June,262.82,92.84999999999999,1,27.45,7.72,7.88,3.71,6,6,1,1,29.1,33.9,24.1,3.99,6,28,5,8.307432044540407,0.3606613075022561,0.01411036308509382,Yes,No,Normal,Safe,Stable
45471.625,June,262.82,92.84999999999999,1,27.45,7.72,7.88,3.71,6,6,1,4,29.1,33.9,24.1,3.99,6,28,5,8.307432044540407,0.3606613075022561,0.01411036308509382,No,No,Normal,Safe,Stable
45471.66666666666,June,262.82,92.84999999999999,1,27.45,7.72,7.88,3.71,6,6,1,1,29.1,33.9,24.1,3.99,6,28,5,8.307432044540407,0.3606613075022561,0.01411036308509382,Yes,No,Normal,Safe,Stable
45471.70833333334,June,262.82,92.84999999999999,1,27.45,7.72,7.88,3.71,6,6,0,5,29.1,33.9,24.1,3.99,6,28,5,8.307432044540407,0.3606613075022561,0.01411036308509382,No,No,Normal,Safe,Stable
45471.75,June,262.82,92.84999999999999,1,27.45,7.72,7.88,3.71,6,6,1,5,29.1,33.9,24.1,3.99,6,28,5,8.307432044540407,0.3606613075022561,0.01411036308509382,Yes,Yes,Normal,Safe,Stable
45471.79166666666,June,262.82,92.84999999999999,1,27.45,7.72,7.88,3.71,6,6,0,2,29.1,33.9,24.1,3.99,6,28,5,8.307432044540407,0.3606613075022561,0.01411036308509382,No,No,Normal,Safe,Stable
45471.83333333334,June,262.82,92.84999999999999,1,27.45,7.72,7.88,3.71,6,6,1,5,29.1,33.9,24.1,3.99,6,28,5,8.307432044540407,0.3606613075022561,0.01411036308509382,Yes,No,Normal,Safe,Stable
45471.875,June,262.82,92.84999999999999,1,27.45,7.72,7.88,3.71,6,6,0,5,29.1,33.9,24.1,3.99,6,28,5,8.307432044540407,0.3606613075022561,0.01411036308509382,No,No,Normal,Safe,Stable
45471.91666666666,June,262.82,92.84999999999999,1,27.45,7.72,7.88,3.71,6,6,1,2,29.1,33.9,24.1,3.99,6,28,5,8.307432044540407,0.3606613075022561,0.01411036308509382,Yes,No,Normal,Safe,Stable
45471.95833333334,June,262.82,92.84999999999999,1,27.45,7.72,7.88,3.71,6,6,0,5,29.1,33.9,24.1,3.99,6,28,5,8.307432044540407,0.3606613075022561,0.01411036308509382,No,No,Normal,Safe,Stable
45472,June,262.82,92.84999999999999,1,27.45,7.72,7.88,3.71,6,6,0,4,29.1,33.9,24.1,3.99,6,28,5,8.307432044540407,0.3606613075022561,0.01411036308509382,Yes,Yes,Normal,Safe,Stable
45472.04166666666,June,262.82,92.84999999999999,1,27.45,7.72,7.88,3.71,6,6,0,5,29.1,33.9,24.1,3.99,6,28,5,8.307432044540407,0.3606613075022561,0.01411036308509382,No,No,Normal,Safe,Stable
45472.08333333334,June,262.82,92.84999999999999,1,27.45,7.72,7.88,3.71,6,6,0,4,29.1,33.9,24.1,3.99,6,28,5,8.307432044540407,0.3606613075022561,0.01411036308509382,Yes,No,Normal,Safe,Stable
45472.125,June,262.82,92.84999999999999,1,27.45,7.72,7.88,3.71,6,6,0,5,29.1,33.9,24.1,3.99,6,28,5,8.307432044540407,0.3606613075022561,0.01411036308509382,No,No,Normal,Safe,Stable
45472.16666666666,June,262.82,92.84999999999999,1,27.45,7.72,7.88,3.71,6,6,0,6,29.1,33.9,24.1,3.99,6,28,5,8.307432044540407,0.3606613075022561,0.01411036308509382,Yes,No,Normal,Safe,Stable
45472.20833333334,June,262.82,92.84999999999999,1,27.45,7.72,7.88,3.71,6,6,0,5,29.1,33.9,24.1,3.99,6,28,5,8.307432044540407,0.3606613075022561,0.01411036308509382,No,No,Normal,Safe,Stable
45472.25,June,262.82,92.84999999999999,1,27.45,7.72,7.88,3.71,6,6,0,4,29.1,33.9,24.1,3.99,6,28,5,8.307432044540407,0.3606613075022561,0.01411036308509382,Yes,Yes,Normal,Safe,Stable
45472.29166666666,June,262.82,92.84999999999999,1,27.45,7.72,7.88,3.71,6,6,0,4,29.1,33.9,24.1,3.99,6,28,5,8.307432044540407,0.3606613075022561,0.01411036308509382,No,No,Normal,Safe,Stable
45472.33333333334,June,262.82,92.84999999999999,1,27.45,7.72,7.88,3.71,6,6,0,5,29.1,33.9,24.1,3.99,6,28,5,8.307432044540407,0.3606613075022561,0.01411036308509382,Yes,No,Normal,Safe,Stable
45472.375,June,262.82,92.84999999999999,1,27.45,7.72,7.88,3.71,6,6,0,4,29.1,33.9,24.1,3.99,6,28,5,8.307432044540407,0.3606613075022561,0.01411036308509382,No,No,Normal,Safe,Stable
45472.41666666666,June,262.82,92.84999999999999,1,27.45,7.72,7.88,3.71,6,6,0,5,29.1,33.9,24.1,3.99,6,28,5,8.307432044540407,0.3606613075022561,0.01411036308509382,Yes,No,Normal,Safe,Stable
45472.45833333334,June,262.82,92.84999999999999,1,27.45,7.72,7.88,3.71,6,6,0,4,29.1,33.9,24.1,3.99,6,28,5,8.307432044540407,0.3606613075022561,0.01411036308509382,No,No,Normal,Safe,Stable
45472.5,June,262.82,92.84999999999999,1,27.45,7.72,7.88,3.71,6,6,0,4,29.1,33.9,24.1,3.99,6,28,5,8.307432044540407,0.3606613075022561,0.01411036308509382,Yes,Yes,Normal,Safe,Stable
45472.54166666666,June,262.82,92.84999999999999,1,27.45,7.72,7.88,3.71,6,6,0,4,29.1,33.9,24.1,3.99,6,28,5,8.307432044540407,0.3606613075022561,0.01411036308509382,No,No,Normal,Safe,Stable
45472.58333333334,June,262.82,92.84999999999999,1,27.45,7.72,7.88,3.71,6,6,0,5,29.1,33.9,24.1,3.99,6,28,5,8.307432044540407,0.3606613075022561,0.01411036308509382,Yes,No,Normal,Safe,Stable
45472.625,June,262.82,92.84999999999999,1,27.45,7.72,7.88,3.71,6,6,0,4,29.1,33.9,24.1,3.99,6,28,5,8.307432044540407,0.3606613075022561,0.01411036308509382,No,No,Normal,Safe,Stable
45472.66666666666,June,262.82,92.84999999999999,1,27.45,7.72,7.88,3.71,6,6,0,5,29.1,33.9,24.1,3.99,6,28,5,8.307432044540407,0.3606613075022561,0.01411036308509382,Yes,No,Normal,Safe,Stable
45472.70833333334,June,262.82,92.84999999999999,1,27.45,7.72,7.88,3.71,6,6,0,5,29.1,33.9,24.1,3.99,6,28,5,8.307432044540407,0.3606613075022561,0.01411036308509382,No,No,Normal,Safe,Stable
45472.75,June,262.82,92.84999999999999,1,27.45,7.72,7.88,3.71,6,6,0,5,29.1,33.9,24.1,3.99,6,28,5,8.307432044540407,0.3606613075022561,0.01411036308509382,Yes,Yes,Normal,Safe,Stable
45472.79166666666,June,262.82,92.84999999999999,1,27.45,7.72,7.88,3.71,6,6,0,4,29.1,33.9,24.1,3.99,6,28,5,8.307432044540407,0.3606613075022561,0.01411036308509382,No,No,Normal,Safe,Stable
45472.83333333334,June,262.82,92.84999999999999,1,27.45,7.72,7.88,3.71,6,6,0,6,29.1,33.9,24.1,3.99,6,28,5,8.307432044540407,0.3606613075022561,0.01411036308509382,Yes,No,Normal,Safe,Stable
45472.875,June,262.82,92.84999999999999,1,27.45,7.72,7.88,3.71,6,6,0,4,29.1,33.9,24.1,3.99,6,28,5,8.307432044540407,0.3606613075022561,0.01411036308509382,No,No,Normal,Safe,Stable
45472.91666666666,June,262.82,92.84999999999999,1,27.45,7.72,7.88,3.71,6,6,1,2,29.1,33.9,24.1,3.99,6,28,5,8.307432044540407,0.3606613075022561,0.01411036308509382,Yes,No,Normal,Safe,Stable
45472.95833333334,June,262.82,92.84999999999999,1,27.45,7.72,7.88,3.71,6,6,0,4,29.1,33.9,24.1,3.99,6,28,5,8.307432044540407,0.3606613075022561,0.01411036308509382,No,No,Normal,Safe,Stable
45473,July,262.82,92.84999999999999,1,27.45,7.72,7.88,3.71,6,6,0,4,29.1,33.9,24.1,3.99,6,28,5,8.307432044540407,0.3606613075022561,0.01411036308509382,Yes,No,Normal,Safe,Stable
45473.04166666666,July,262.82,92.84999999999999,1,27.45,7.72,7.88,3.71,6,6,0,4,29.1,33.9,24.1,3.99,6,28,5,8.307432044540407,0.3606613075022561,0.01411036308509382,No,No,Normal,Safe,Stable
45473.08333333334,July,262.82,92.84999999999999,1,27.45,7.72,7.88,3.71,6,6,0,6,29.1,33.9,24.1,3.99,6,28,5,8.307432044540407,0.3606613075022561,0.01411036308509382,Yes,No,Normal,Safe,Stable
45473.125,July,262.82,92.84999999999999,1,27.45,7.72,7.88,3.71,6,6,0,5,29.1,33.9,24.1,3.99,6,28,5,8.307432044540407,0.3606613075022561,0.01411036308509382,No,No,Normal,Safe,Stable
45473.16666666666,July,262.82,92.84999999999999,1,27.45,7.72,7.88,3.71,6,6,1,4,29.1,33.9,24.1,3.99,6,28,5,8.307432044540407,0.3606613075022561,0.01411036308509382,Yes,No,Normal,Safe,Stable
45473.20833333334,July,262.82,92.84999999999999,1,27.45,7.72,7.88,3.71,6,6,0,2,29.1,33.9,24.1,3.99,6,28,5,8.307432044540407,0.3606613075022561,0.01411036308509382,No,No,Normal,Safe,Stable
45473.25,July,262.82,92.84999999999999,1,27.45,7.72,7.88,3.71,6,6,0,1,29.1,33.9,24.1,3.99,6,28,5,8.307432044540407,0.3606613075022561,0.01411036308509382,Yes,No,Normal,Safe,Stable
45473.29166666666,July,262.82,92.84999999999999,1,27.45,7.72,7.88,3.71,6,6,0,5,29.1,33.9,24.1,3.99,6,28,5,8.307432044540407,0.3606613075022561,0.01411036308509382,No,No,Normal,Safe,Stable
45473.33333333334,July,262.82,92.84999999999999,1,27.45,7.72,7.88,3.71,6,6,1,2,29.1,33.9,24.1,3.99,6,28,5,8.307432044540407,0.3606613075022561,0.01411036308509382,Yes,No,Normal,Safe,Stable
45473.375,July,262.82,92.84999999999999,1,27.45,7.72,7.88,3.71,6,6,0,4,29.1,33.9,24.1,3.99,6,28,5,8.307432044540407,0.3606613075022561,0.01411036308509382,No,No,Normal,Safe,Stable
45473.41666666666,July,262.82,92.84999999999999,1,27.45,7.72,7.88,3.71,6,6,0,1,29.1,33.9,24.1,3.99,6,28,5,8.307432044540407,0.3606613075022561,0.01411036308509382,Yes,No,Normal,Safe,Stable
45473.45833333334,July,262.82,92.84999999999999,1,27.45,7.72,7.88,3.71,6,6,0,1,29.1,33.9,24.1,3.99,6,28,5,8.307432044540407,0.3606613075022561,0.01411036308509382,No,No,Normal,Safe,Stable
45473.5,July,262.82,92.84999999999999,1,27.45,7.72,7.88,3.71,6,6,0,5,29.1,33.9,24.1,3.99,6,28,5,8.307432044540407,0.3606613075022561,0.01411036308509382,Yes,No,Normal,Safe,Stable
45473.54166666666,July,262.82,92.84999999999999,1,27.45,7.72,7.88,3.71,6,6,0,4,29.1,33.9,24.1,3.99,6,28,5,8.307432044540407,0.3606613075022561,0.01411036308509382,No,No,Normal,Safe,Stable
45473.58333333334,July,262.82,92.84999999999999,1,27.45,7.72,7.88,3.71,6,6,0,2,29.1,33.9,24.1,3.99,6,28,5,8.307432044540407,0.3606613075022561,0.01411036308509382,Yes,No,Normal,Safe,Stable
45473.625,July,262.82,92.84999999999999,1,27.45,7.72,7.88,3.71,6,6,0,6,29.1,33.9,24.1,3.99,6,28,5,8.307432044540407,0.3606613075022561,0.01411036308509382,No,No,Normal,Safe,Stable
45473.66666666666,July,262.82,92.84999999999999,1,27.45,7.72,7.88,3.71,6,6,0,5,29.1,33.9,24.1,3.99,6,28,5,8.307432044540407,0.3606613075022561,0.01411036308509382,Yes,No,Normal,Safe,Stable
45473.70833333334,July,262.82,92.84999999999999,1,27.45,7.72,7.88,3.71,6,6,0,5,29.1,33.9,24.1,3.99,6,28,5,8.307432044540407,0.3606613075022561,0.01411036308509382,No,No,Normal,Safe,Stable
45473.75,July,262.82,92.84999999999999,1,27.45,7.72,7.88,3.71,6,6,0,4,29.1,33.9,24.1,3.99,6,28,5,8.307432044540407,0.3606613075022561,0.01411036308509382,Yes,No,Normal,Safe,Stable
45473.79166666666,July,262.82,92.84999999999999,1,27.45,7.72,7.88,3.71,6,6,0,4,29.1,33.9,24.1,3.99,6,28,5,8.307432044540407,0.3606613075022561,0.01411036308509382,No,No,Normal,Safe,Stable
45473.83333333334,July,262.82,92.84999999999999,1,27.45,7.72,7.88,3.71,6,6,0,2,29.1,33.9,24.1,3.99,6,28,5,8.307432044540407,0.3606613075022561,0.01411036308509382,Yes,No,Normal,Safe,Stable
45473.875,July,262.82,92.84999999999999,1,27.45,7.72,7.88,3.71,6,6,0,4,29.1,33.9,24.1,3.99,6,28,5,8.307432044540407,0.3606613075022561,0.01411036308509382,No,No,Normal,Safe,Stable
45473.91666666666,July,262.82,92.84999999999999,1,27.45,7.72,7.88,3.71,6,6,0,4,29.1,33.9,24.1,3.99,6,28,5,8.307432044540407,0.3606613075022561,0.01411036308509382,Yes,No,Normal,Safe,Stable
45473.95833333334,July,262.82,92.84999999999999,1,27.45,7.72,7.88,3.71,6,6,0,4,29.1,33.9,24.1,3.99,6,28,5,8.307432044540407,0.3606613075022561,0.01411036308509382,No,No,Normal,Safe,Stable
45474,July,262.82,92.84999999999999,1,27.45,7.72,7.88,3.71,6,6,0,0,29.1,33.9,24.1,3.99,6,28,5,8.307432044540407,0.3606613075022561,0.01411036308509382,Yes,No,Normal,Safe,Stable
45474.04166666666,July,262.82,92.84999999999999,1,27.45,7.72,7.88,3.71,6,6,0,0,29.1,33.9,24.1,3.99,6,28,5,8.307432044540407,0.3606613075022561,0.01411036308509382,No,No,Normal,Safe,Stable
45474.08333333334,July,262.82,92.84999999999999,1,27.45,7.72,7.88,3.71,6,6,0,0,29.1,33.9,24.1,3.99,6,28,5,8.307432044540407,0.3606613075022561,0.01411036308509382,Yes,No,Normal,Safe,Stable
45474.125,July,262.82,92.84999999999999,1,27.45,7.72,7.88,3.71,6,6,0,0,29.1,33.9,24.1,3.99,6,28,5,8.307432044540407,0.3606613075022561,0.01411036308509382,No,No,Normal,Safe,Stable
45474.16666666666,July,262.82,92.84999999999999,1,27.45,7.72,7.88,3.71,6,6,1,0,29.1,33.9,24.1,3.99,6,28,5,8.307432044540407,0.3606613075022561,0.01411036308509382,Yes,No,Normal,Safe,Stable
45474.20833333334,July,262.82,92.84999999999999,1,27.45,7.72,7.88,3.71,6,6,0,0,29.1,33.9,24.1,3.99,6,28,5,8.307432044540407,0.3606613075022561,0.01411036308509382,No,No,Normal,Safe,Stable
45474.25,July,262.82,92.84999999999999,1,27.45,7.72,7.88,3.71,6,6,0,1,29.1,33.9,24.1,3.99,6,28,5,8.307432044540407,0.3606613075022561,0.01411036308509382,Yes,No,Normal,Safe,Stable
45474.29166666666,July,262.82,92.84999999999999,1,27.45,7.72,7.88,3.71,6,6,1,0,29.1,33.9,24.1,3.99,6,28,5,8.307432044540407,0.3606613075022561,0.01411036308509382,No,No,Normal,Safe,Stable
45474.33333333334,July,262.82,92.84999999999999,1,27.45,7.72,7.88,3.71,6,6,0,0,29.1,33.9,24.1,3.99,6,28,5,8.307432044540407,0.3606613075022561,0.01411036308509382,Yes,No,Normal,Safe,Stable
45474.375,July,262.82,92.84999999999999,1,27.45,7.72,7.88,3.71,6,6,0,0,29.1,33.9,24.1,3.99,6,28,5,8.307432044540407,0.3606613075022561,0.01411036308509382,No,No,Normal,Safe,Stable
45474.41666666666,July,262.82,92.84999999999999,1,27.45,7.72,7.88,3.71,6,6,1,0,29.1,33.9,24.1,3.99,6,28,5,8.307432044540407,0.3606613075022561,0.01411036308509382,Yes,No,Normal,Safe,Stable
45474.45833333334,July,262.82,92.84999999999999,1,27.45,7.72,7.88,3.71,6,6,1,0,29.1,33.9,24.1,3.99,6,28,5,8.307432044540407,0.3606613075022561,0.01411036308509382,No,No,Normal,Safe,Stable
45474.5,July,262.82,92.84999999999999,1,27.45,7.72,7.88,3.71,6,6,0,0,29.1,33.9,24.1,3.99,6,28,5,8.307432044540407,0.3606613075022561,0.01411036308509382,Yes,No,Normal,Safe,Stable
45474.54166666666,July,262.82,92.84999999999999,1,27.45,7.72,7.88,3.71,6,6,0,0,29.1,33.9,24.1,3.99,6,28,5,8.307432044540407,0.3606613075022561,0.01411036308509382,No,No,Normal,Safe,Stable
45474.58333333334,July,262.82,92.84999999999999,1,27.45,7.72,7.88,3.71,6,6,0,0,29.1,33.9,24.1,3.99,6,28,5,8.307432044540407,0.3606613075022561,0.01411036308509382,Yes,No,Normal,Safe,Stable
